"arc_length","6","cb","2","3","1","4","5"
0,0,0,0,0,0,0,0
3e-11,31.2404,2.38943e+06,2.13894e+14,4.02335e+10,2.46319e+19,2.1221e+07,1099.25
6e-11,62.4809,4.77886e+06,4.27788e+14,8.0467e+10,4.92638e+19,4.24419e+07,2198.51
9e-11,93.7213,7.1683e+06,6.41682e+14,1.20701e+11,7.38956e+19,6.36629e+07,3297.76
1.2e-10,124.962,9.55773e+06,8.55577e+14,1.60934e+11,9.85275e+19,8.48838e+07,4397.01
1.5e-10,156.202,1.19472e+07,1.06947e+15,2.01168e+11,1.23159e+20,1.06105e+08,5496.26
1.8e-10,187.443,1.43366e+07,1.28336e+15,2.41401e+11,1.47791e+20,1.27326e+08,6595.51
2.1e-10,218.683,1.6726e+07,1.49726e+15,2.81635e+11,1.72423e+20,1.48547e+08,7694.77
2.4e-10,249.924,1.91155e+07,1.71115e+15,3.21868e+11,1.97055e+20,1.69768e+08,8794.02
2.7e-10,281.164,2.15049e+07,1.92505e+15,3.62102e+11,2.21687e+20,1.90989e+08,9893.27
3e-10,312.404,2.38943e+07,2.13894e+15,4.02335e+11,2.46319e+20,2.1221e+08,10992.5
3.3e-10,343.645,2.62838e+07,2.35284e+15,4.42569e+11,2.70951e+20,2.33431e+08,12091.8
3.6e-10,374.885,2.86732e+07,2.56673e+15,4.82802e+11,2.95583e+20,2.54652e+08,13191
3.9e-10,406.126,3.10626e+07,2.78062e+15,5.23036e+11,3.20214e+20,2.75872e+08,14290.3
4.2e-10,437.366,3.34521e+07,2.99452e+15,5.63269e+11,3.44846e+20,2.97093e+08,15389.5
4.5e-10,468.607,3.58415e+07,3.20841e+15,6.03503e+11,3.69478e+20,3.18314e+08,16488.8
4.8e-10,499.847,3.82309e+07,3.42231e+15,6.43736e+11,3.9411e+20,3.39535e+08,17588
5.1e-10,531.088,4.06204e+07,3.6362e+15,6.8397e+11,4.18742e+20,3.60756e+08,18687.3
5.4e-10,562.328,4.30098e+07,3.85009e+15,7.24203e+11,4.43374e+20,3.81977e+08,19786.5
5.7e-10,593.568,4.53992e+07,4.06399e+15,7.64437e+11,4.68006e+20,4.03198e+08,20885.8
6e-10,624.809,4.77887e+07,4.27788e+15,8.0467e+11,4.92638e+20,4.24419e+08,21985.1
6.3e-10,655.962,5.58988e+07,4.53346e+15,8.45678e+11,5.12559e+20,4.45525e+08,23279.9
6.6e-10,687.115,6.4009e+07,4.78904e+15,8.86685e+11,5.3248e+20,4.66631e+08,24574.7
6.9e-10,718.268,7.21192e+07,5.04462e+15,9.27693e+11,5.52401e+20,4.87737e+08,25869.5
7.2e-10,749.421,8.02294e+07,5.3002e+15,9.687e+11,5.72323e+20,5.08843e+08,27164.3
7.5e-10,780.574,8.83396e+07,5.55577e+15,1.00971e+12,5.92244e+20,5.29949e+08,28459.1
7.8e-10,811.727,9.64497e+07,5.81135e+15,1.05072e+12,6.12165e+20,5.51055e+08,29754
8.1e-10,842.88,1.0456e+08,6.06693e+15,1.09172e+12,6.32086e+20,5.72161e+08,31048.8
8.4e-10,874.033,1.1267e+08,6.32251e+15,1.13273e+12,6.52008e+20,5.93267e+08,32343.6
8.7e-10,905.186,1.2078e+08,6.57809e+15,1.17374e+12,6.71929e+20,6.14373e+08,33638.4
9e-10,936.339,1.2889e+08,6.83367e+15,1.21475e+12,6.9185e+20,6.35479e+08,34933.2
9.3e-10,967.492,1.37001e+08,7.08925e+15,1.25575e+12,7.11772e+20,6.56585e+08,36228.1
9.6e-10,998.645,1.45111e+08,7.34482e+15,1.29676e+12,7.31693e+20,6.77691e+08,37522.9
9.9e-10,1029.8,1.53221e+08,7.6004e+15,1.33777e+12,7.51614e+20,6.98797e+08,38817.7
1.02e-09,1060.95,1.61331e+08,7.85598e+15,1.37878e+12,7.71535e+20,7.19903e+08,40112.5
1.05e-09,1092.1,1.69441e+08,8.11156e+15,1.41978e+12,7.91457e+20,7.41009e+08,41407.3
1.08e-09,1123.26,1.77552e+08,8.36714e+15,1.46079e+12,8.11378e+20,7.62115e+08,42702.1
1.11e-09,1154.41,1.85662e+08,8.62272e+15,1.5018e+12,8.31299e+20,7.83221e+08,43997
1.14e-09,1185.56,1.93772e+08,8.87829e+15,1.54281e+12,8.5122e+20,8.04327e+08,45291.8
1.17e-09,1216.72,2.01882e+08,9.13387e+15,1.58381e+12,8.71142e+20,8.25433e+08,46586.6
1.2e-09,1247.87,2.09992e+08,9.38945e+15,1.62482e+12,8.91063e+20,8.46539e+08,47881.4
1.23e-09,1278.55,2.20251e+08,9.63934e+15,1.66471e+12,9.04486e+20,8.67093e+08,49327.5
1.26e-09,1309.23,2.30509e+08,9.88923e+15,1.7046e+12,9.17909e+20,8.87647e+08,50773.5
1.29e-09,1339.91,2.40767e+08,1.01391e+16,1.74449e+12,9.31332e+20,9.08201e+08,52219.5
1.32e-09,1370.59,2.51026e+08,1.0389e+16,1.78438e+12,9.44755e+20,9.28755e+08,53665.6
1.35e-09,1401.27,2.61284e+08,1.06389e+16,1.82426e+12,9.58179e+20,9.49309e+08,55111.6
1.38e-09,1431.96,2.71542e+08,1.08888e+16,1.86415e+12,9.71602e+20,9.69863e+08,56557.6
1.41e-09,1462.64,2.81801e+08,1.11387e+16,1.90404e+12,9.85025e+20,9.90416e+08,58003.7
1.44e-09,1493.32,2.92059e+08,1.13886e+16,1.94393e+12,9.98448e+20,1.01097e+09,59449.7
1.47e-09,1524,3.02317e+08,1.16385e+16,1.98382e+12,1.01187e+21,1.03152e+09,60895.7
1.5e-09,1554.68,3.12576e+08,1.18884e+16,2.02371e+12,1.02529e+21,1.05208e+09,62341.8
1.53e-09,1585.36,3.22834e+08,1.21382e+16,2.0636e+12,1.03872e+21,1.07263e+09,63787.8
1.56e-09,1616.04,3.33092e+08,1.23881e+16,2.10349e+12,1.05214e+21,1.09319e+09,65233.9
1.59e-09,1646.72,3.43351e+08,1.2638e+16,2.14337e+12,1.06556e+21,1.11374e+09,66679.9
1.62e-09,1677.4,3.53609e+08,1.28879e+16,2.18326e+12,1.07899e+21,1.13429e+09,68125.9
1.65e-09,1708.08,3.63868e+08,1.31378e+16,2.22315e+12,1.09241e+21,1.15485e+09,69572
1.68e-09,1738.77,3.74126e+08,1.33877e+16,2.26304e+12,1.10583e+21,1.1754e+09,71018
1.71e-09,1769.45,3.84384e+08,1.36376e+16,2.30293e+12,1.11926e+21,1.19596e+09,72464
1.74e-09,1800.13,3.94643e+08,1.38875e+16,2.34282e+12,1.13268e+21,1.21651e+09,73910.1
1.77e-09,1830.81,4.04901e+08,1.41374e+16,2.38271e+12,1.1461e+21,1.23706e+09,75356.1
1.8e-09,1861.49,4.15159e+08,1.43873e+16,2.4226e+12,1.15953e+21,1.25762e+09,76802.1
1.83e-09,1891.09,4.25258e+08,1.45733e+16,2.45795e+12,1.16645e+21,1.27701e+09,78242.1
1.86e-09,1920.69,4.35356e+08,1.47593e+16,2.4933e+12,1.17338e+21,1.2964e+09,79682.1
1.89e-09,1950.29,4.45454e+08,1.49453e+16,2.52866e+12,1.1803e+21,1.31579e+09,81122
1.92e-09,1979.89,4.55552e+08,1.51313e+16,2.56401e+12,1.18723e+21,1.33517e+09,82562
1.95e-09,2009.5,4.6565e+08,1.53173e+16,2.59937e+12,1.19415e+21,1.35456e+09,84001.9
1.98e-09,2039.1,4.75749e+08,1.55034e+16,2.63472e+12,1.20108e+21,1.37395e+09,85441.9
2.01e-09,2068.7,4.85847e+08,1.56894e+16,2.67007e+12,1.208e+21,1.39334e+09,86881.8
2.04e-09,2098.3,4.95945e+08,1.58754e+16,2.70543e+12,1.21493e+21,1.41273e+09,88321.8
2.07e-09,2127.9,5.06043e+08,1.60614e+16,2.74078e+12,1.22185e+21,1.43212e+09,89761.8
2.1e-09,2157.5,5.16141e+08,1.62474e+16,2.77613e+12,1.22878e+21,1.45151e+09,91201.7
2.13e-09,2187.1,5.2624e+08,1.64334e+16,2.81149e+12,1.2357e+21,1.4709e+09,92641.7
2.16e-09,2216.7,5.36338e+08,1.66194e+16,2.84684e+12,1.24263e+21,1.49029e+09,94081.6
2.19e-09,2246.3,5.46436e+08,1.68055e+16,2.8822e+12,1.24955e+21,1.50968e+09,95521.6
2.22e-09,2275.9,5.56534e+08,1.69915e+16,2.91755e+12,1.25648e+21,1.52907e+09,96961.5
2.25e-09,2305.5,5.66632e+08,1.71775e+16,2.9529e+12,1.2634e+21,1.54846e+09,98401.5
2.28e-09,2335.11,5.76731e+08,1.73635e+16,2.98826e+12,1.27033e+21,1.56785e+09,99841.4
2.31e-09,2364.71,5.86829e+08,1.75495e+16,3.02361e+12,1.27725e+21,1.58724e+09,101281
2.34e-09,2394.31,5.96927e+08,1.77355e+16,3.05896e+12,1.28418e+21,1.60663e+09,102721
2.37e-09,2423.91,6.07025e+08,1.79216e+16,3.09432e+12,1.2911e+21,1.62601e+09,104161
2.4e-09,2453.51,6.17124e+08,1.81076e+16,3.12967e+12,1.29803e+21,1.6454e+09,105601
2.43e-09,2481.38,6.25511e+08,1.82097e+16,3.15772e+12,1.30024e+21,1.66306e+09,106891
2.46e-09,2509.26,6.33898e+08,1.83118e+16,3.18576e+12,1.30246e+21,1.68071e+09,108182
2.49e-09,2537.13,6.42285e+08,1.84138e+16,3.21381e+12,1.30467e+21,1.69836e+09,109472
2.52e-09,2565.01,6.50672e+08,1.85159e+16,3.24185e+12,1.30689e+21,1.71601e+09,110762
2.55e-09,2592.88,6.59059e+08,1.8618e+16,3.2699e+12,1.3091e+21,1.73367e+09,112052
2.58e-09,2620.75,6.67446e+08,1.87201e+16,3.29794e+12,1.31132e+21,1.75132e+09,113342
2.61e-09,2648.63,6.75833e+08,1.88222e+16,3.32599e+12,1.31353e+21,1.76897e+09,114633
2.64e-09,2676.5,6.8422e+08,1.89243e+16,3.35403e+12,1.31574e+21,1.78662e+09,115923
2.67e-09,2704.38,6.92607e+08,1.90264e+16,3.38208e+12,1.31796e+21,1.80427e+09,117213
2.7e-09,2732.25,7.00994e+08,1.91285e+16,3.41013e+12,1.32017e+21,1.82193e+09,118503
2.73e-09,2760.12,7.09381e+08,1.92306e+16,3.43817e+12,1.32239e+21,1.83958e+09,119793
2.76e-09,2788,7.17768e+08,1.93327e+16,3.46622e+12,1.3246e+21,1.85723e+09,121083
2.79e-09,2815.87,7.26155e+08,1.94348e+16,3.49426e+12,1.32682e+21,1.87488e+09,122374
2.82e-09,2843.75,7.34542e+08,1.95369e+16,3.52231e+12,1.32903e+21,1.89254e+09,123664
2.85e-09,2871.62,7.42929e+08,1.96389e+16,3.55035e+12,1.33125e+21,1.91019e+09,124954
2.88e-09,2899.5,7.51316e+08,1.9741e+16,3.5784e+12,1.33346e+21,1.92784e+09,126244
2.91e-09,2927.37,7.59703e+08,1.98431e+16,3.60644e+12,1.33568e+21,1.94549e+09,127534
2.94e-09,2955.24,7.6809e+08,1.99452e+16,3.63449e+12,1.33789e+21,1.96314e+09,128824
2.97e-09,2983.12,7.76478e+08,2.00473e+16,3.66253e+12,1.34011e+21,1.9808e+09,130115
3e-09,3010.99,7.84865e+08,2.01494e+16,3.69058e+12,1.34232e+21,1.99845e+09,131405
3.03e-09,3036.61,7.91392e+08,2.01829e+16,3.71034e+12,1.34206e+21,2.01397e+09,132471
3.06e-09,3062.23,7.97919e+08,2.02164e+16,3.7301e+12,1.3418e+21,2.02949e+09,133537
3.09e-09,3087.85,8.04446e+08,2.02499e+16,3.74986e+12,1.34154e+21,2.04501e+09,134602
3.12e-09,3113.46,8.10973e+08,2.02834e+16,3.76962e+12,1.34127e+21,2.06053e+09,135668
3.15e-09,3139.08,8.175e+08,2.03168e+16,3.78938e+12,1.34101e+21,2.07605e+09,136734
3.18e-09,3164.7,8.24027e+08,2.03503e+16,3.80914e+12,1.34075e+21,2.09157e+09,137800
3.21e-09,3190.32,8.30554e+08,2.03838e+16,3.8289e+12,1.34049e+21,2.10709e+09,138866
3.24e-09,3215.94,8.37081e+08,2.04173e+16,3.84866e+12,1.34023e+21,2.12261e+09,139932
3.27e-09,3241.56,8.43608e+08,2.04508e+16,3.86843e+12,1.33996e+21,2.13813e+09,140998
3.3e-09,3267.17,8.50135e+08,2.04843e+16,3.88819e+12,1.3397e+21,2.15365e+09,142063
3.33e-09,3292.79,8.56662e+08,2.05178e+16,3.90795e+12,1.33944e+21,2.16917e+09,143129
3.36e-09,3318.41,8.63189e+08,2.05513e+16,3.92771e+12,1.33918e+21,2.18469e+09,144195
3.39e-09,3344.03,8.69716e+08,2.05848e+16,3.94747e+12,1.33892e+21,2.20021e+09,145261
3.42e-09,3369.65,8.76243e+08,2.06182e+16,3.96723e+12,1.33866e+21,2.21573e+09,146327
3.45e-09,3395.26,8.8277e+08,2.06517e+16,3.98699e+12,1.33839e+21,2.23125e+09,147393
3.48e-09,3420.88,8.89297e+08,2.06852e+16,4.00675e+12,1.33813e+21,2.24676e+09,148459
3.51e-09,3446.5,8.95824e+08,2.07187e+16,4.02651e+12,1.33787e+21,2.26228e+09,149525
3.54e-09,3472.12,9.02351e+08,2.07522e+16,4.04627e+12,1.33761e+21,2.2778e+09,150590
3.57e-09,3497.74,9.08878e+08,2.07857e+16,4.06603e+12,1.33735e+21,2.29332e+09,151656
3.6e-09,3523.36,9.15405e+08,2.08192e+16,4.08579e+12,1.33709e+21,2.30884e+09,152722
3.63e-09,3546.36,9.2045e+08,2.08104e+16,4.09781e+12,1.33588e+21,2.32203e+09,153549
3.66e-09,3569.36,9.25496e+08,2.08016e+16,4.10982e+12,1.33467e+21,2.33522e+09,154377
3.69e-09,3592.36,9.30542e+08,2.07927e+16,4.12183e+12,1.33347e+21,2.34841e+09,155204
3.72e-09,3615.36,9.35588e+08,2.07839e+16,4.13385e+12,1.33226e+21,2.3616e+09,156031
3.75e-09,3638.37,9.40633e+08,2.07751e+16,4.14586e+12,1.33105e+21,2.37479e+09,156859
3.78e-09,3661.37,9.45679e+08,2.07663e+16,4.15787e+12,1.32985e+21,2.38798e+09,157686
3.81e-09,3684.37,9.50725e+08,2.07575e+16,4.16989e+12,1.32864e+21,2.40116e+09,158513
3.84e-09,3707.37,9.5577e+08,2.07487e+16,4.1819e+12,1.32744e+21,2.41435e+09,159341
3.87e-09,3730.37,9.60816e+08,2.07399e+16,4.19391e+12,1.32623e+21,2.42754e+09,160168
3.9e-09,3753.37,9.65862e+08,2.07311e+16,4.20593e+12,1.32502e+21,2.44073e+09,160995
3.93e-09,3776.38,9.70908e+08,2.07223e+16,4.21794e+12,1.32382e+21,2.45392e+09,161822
3.96e-09,3799.38,9.75953e+08,2.07135e+16,4.22995e+12,1.32261e+21,2.46711e+09,162650
3.99e-09,3822.38,9.80999e+08,2.07047e+16,4.24197e+12,1.3214e+21,2.4803e+09,163477
4.02e-09,3845.38,9.86045e+08,2.06958e+16,4.25398e+12,1.3202e+21,2.49348e+09,164304
4.05e-09,3868.38,9.9109e+08,2.0687e+16,4.26599e+12,1.31899e+21,2.50667e+09,165132
4.08e-09,3891.39,9.96136e+08,2.06782e+16,4.27801e+12,1.31779e+21,2.51986e+09,165959
4.11e-09,3914.39,1.00118e+09,2.06694e+16,4.29002e+12,1.31658e+21,2.53305e+09,166786
4.14e-09,3937.39,1.00623e+09,2.06606e+16,4.30203e+12,1.31537e+21,2.54624e+09,167614
4.17e-09,3960.39,1.01127e+09,2.06518e+16,4.31405e+12,1.31417e+21,2.55943e+09,168441
4.2e-09,3983.39,1.01632e+09,2.0643e+16,4.32606e+12,1.31296e+21,2.57262e+09,169268
4.23e-09,4003.57,1.02021e+09,2.06127e+16,4.33158e+12,1.31149e+21,2.58343e+09,169872
4.26e-09,4023.74,1.02411e+09,2.05825e+16,4.3371e+12,1.31003e+21,2.59424e+09,170476
4.29e-09,4043.92,1.028e+09,2.05522e+16,4.34262e+12,1.30856e+21,2.60505e+09,171080
4.32e-09,4064.09,1.03189e+09,2.05219e+16,4.34813e+12,1.30709e+21,2.61586e+09,171684
4.35e-09,4084.27,1.03579e+09,2.04917e+16,4.35365e+12,1.30562e+21,2.62667e+09,172288
4.38e-09,4104.44,1.03968e+09,2.04614e+16,4.35917e+12,1.30416e+21,2.63749e+09,172892
4.41e-09,4124.61,1.04357e+09,2.04311e+16,4.36469e+12,1.30269e+21,2.6483e+09,173496
4.44e-09,4144.79,1.04747e+09,2.04008e+16,4.37021e+12,1.30122e+21,2.65911e+09,174100
4.47e-09,4164.96,1.05136e+09,2.03706e+16,4.37573e+12,1.29975e+21,2.66992e+09,174704
4.5e-09,4185.14,1.05525e+09,2.03403e+16,4.38124e+12,1.29829e+21,2.68073e+09,175308
4.53e-09,4205.31,1.05915e+09,2.031e+16,4.38676e+12,1.29682e+21,2.69154e+09,175912
4.56e-09,4225.49,1.06304e+09,2.02798e+16,4.39228e+12,1.29535e+21,2.70236e+09,176516
4.59e-09,4245.66,1.06693e+09,2.02495e+16,4.3978e+12,1.29388e+21,2.71317e+09,177121
4.62e-09,4265.83,1.07083e+09,2.02192e+16,4.40332e+12,1.29242e+21,2.72398e+09,177725
4.65e-09,4286.01,1.07472e+09,2.0189e+16,4.40884e+12,1.29095e+21,2.73479e+09,178329
4.68e-09,4306.18,1.07861e+09,2.01587e+16,4.41435e+12,1.28948e+21,2.7456e+09,178933
4.71e-09,4326.36,1.08251e+09,2.01284e+16,4.41987e+12,1.28801e+21,2.75641e+09,179537
4.74e-09,4346.53,1.0864e+09,2.00982e+16,4.42539e+12,1.28655e+21,2.76722e+09,180141
4.77e-09,4366.71,1.09029e+09,2.00679e+16,4.43091e+12,1.28508e+21,2.77804e+09,180745
4.8e-09,4386.88,1.09419e+09,2.00376e+16,4.43643e+12,1.28361e+21,2.78885e+09,181349
4.83e-09,4404.13,1.09709e+09,1.9998e+16,4.43683e+12,1.28209e+21,2.79734e+09,181753
4.86e-09,4421.38,1.09999e+09,1.99583e+16,4.43723e+12,1.28057e+21,2.80583e+09,182157
4.89e-09,4438.63,1.10289e+09,1.99187e+16,4.43764e+12,1.27905e+21,2.81432e+09,182561
4.92e-09,4455.88,1.10579e+09,1.9879e+16,4.43804e+12,1.27753e+21,2.82281e+09,182966
4.95e-09,4473.12,1.10869e+09,1.98394e+16,4.43844e+12,1.27601e+21,2.8313e+09,183370
4.98e-09,4490.37,1.11159e+09,1.97997e+16,4.43885e+12,1.27449e+21,2.8398e+09,183774
5.01e-09,4507.62,1.1145e+09,1.97601e+16,4.43925e+12,1.27297e+21,2.84829e+09,184179
5.04e-09,4524.87,1.1174e+09,1.97204e+16,4.43966e+12,1.27145e+21,2.85678e+09,184583
5.07e-09,4542.12,1.1203e+09,1.96808e+16,4.44006e+12,1.26993e+21,2.86527e+09,184987
5.1e-09,4559.37,1.1232e+09,1.96411e+16,4.44046e+12,1.26841e+21,2.87376e+09,185391
5.13e-09,4576.62,1.1261e+09,1.96015e+16,4.44087e+12,1.26689e+21,2.88225e+09,185796
5.16e-09,4593.87,1.129e+09,1.95618e+16,4.44127e+12,1.26537e+21,2.89074e+09,186200
5.19e-09,4611.12,1.1319e+09,1.95222e+16,4.44167e+12,1.26385e+21,2.89924e+09,186604
5.22e-09,4628.37,1.1348e+09,1.94825e+16,4.44208e+12,1.26233e+21,2.90773e+09,187008
5.25e-09,4645.62,1.1377e+09,1.94429e+16,4.44248e+12,1.26081e+21,2.91622e+09,187413
5.28e-09,4662.86,1.14061e+09,1.94032e+16,4.44288e+12,1.25929e+21,2.92471e+09,187817
5.31e-09,4680.11,1.14351e+09,1.93636e+16,4.44329e+12,1.25777e+21,2.9332e+09,188221
5.34e-09,4697.36,1.14641e+09,1.93239e+16,4.44369e+12,1.25625e+21,2.94169e+09,188625
5.37e-09,4714.61,1.14931e+09,1.92843e+16,4.44409e+12,1.25473e+21,2.95018e+09,189030
5.4e-09,4731.86,1.15221e+09,1.92446e+16,4.4445e+12,1.25321e+21,2.95868e+09,189434
5.43e-09,4746.17,1.1542e+09,1.92015e+16,4.44103e+12,1.25169e+21,2.96497e+09,189662
5.46e-09,4760.48,1.15619e+09,1.91584e+16,4.43756e+12,1.25016e+21,2.97126e+09,189891
5.49e-09,4774.8,1.15819e+09,1.91153e+16,4.43409e+12,1.24863e+21,2.97756e+09,190119
5.52e-09,4789.11,1.16018e+09,1.90721e+16,4.43062e+12,1.2471e+21,2.98385e+09,190347
5.55e-09,4803.42,1.16217e+09,1.9029e+16,4.42715e+12,1.24558e+21,2.99015e+09,190576
5.58e-09,4817.73,1.16416e+09,1.89859e+16,4.42368e+12,1.24405e+21,2.99644e+09,190804
5.61e-09,4832.05,1.16616e+09,1.89428e+16,4.42021e+12,1.24252e+21,3.00273e+09,191032
5.64e-09,4846.36,1.16815e+09,1.88996e+16,4.41674e+12,1.24099e+21,3.00903e+09,191261
5.67e-09,4860.67,1.17014e+09,1.88565e+16,4.41327e+12,1.23947e+21,3.01532e+09,191489
5.7e-09,4874.98,1.17213e+09,1.88134e+16,4.4098e+12,1.23794e+21,3.02161e+09,191718
5.73e-09,4889.29,1.17413e+09,1.87703e+16,4.40633e+12,1.23641e+21,3.02791e+09,191946
5.76e-09,4903.61,1.17612e+09,1.87271e+16,4.40287e+12,1.23488e+21,3.0342e+09,192174
5.79e-09,4917.92,1.17811e+09,1.8684e+16,4.3994e+12,1.23336e+21,3.0405e+09,192403
5.82e-09,4932.23,1.1801e+09,1.86409e+16,4.39593e+12,1.23183e+21,3.04679e+09,192631
5.85e-09,4946.54,1.1821e+09,1.85977e+16,4.39246e+12,1.2303e+21,3.05308e+09,192859
5.88e-09,4960.86,1.18409e+09,1.85546e+16,4.38899e+12,1.22877e+21,3.05938e+09,193088
5.91e-09,4975.17,1.18608e+09,1.85115e+16,4.38552e+12,1.22725e+21,3.06567e+09,193316
5.94e-09,4989.48,1.18807e+09,1.84684e+16,4.38205e+12,1.22572e+21,3.07197e+09,193545
5.97e-09,5003.79,1.19006e+09,1.84252e+16,4.37858e+12,1.22419e+21,3.07826e+09,193773
6e-09,5018.11,1.19206e+09,1.83821e+16,4.37511e+12,1.22266e+21,3.08455e+09,194001
6.03e-09,5029.54,1.19321e+09,1.83382e+16,4.3688e+12,1.22114e+21,3.08882e+09,194076
6.06e-09,5040.97,1.19437e+09,1.82942e+16,4.36248e+12,1.21961e+21,3.09308e+09,194152
6.09e-09,5052.4,1.19552e+09,1.82502e+16,4.35617e+12,1.21808e+21,3.09734e+09,194227
6.12e-09,5063.83,1.19668e+09,1.82063e+16,4.34986e+12,1.21655e+21,3.1016e+09,194302
6.15e-09,5075.26,1.19783e+09,1.81623e+16,4.34354e+12,1.21502e+21,3.10586e+09,194378
6.18e-09,5086.7,1.19899e+09,1.81183e+16,4.33723e+12,1.21349e+21,3.11012e+09,194453
6.21e-09,5098.13,1.20014e+09,1.80744e+16,4.33092e+12,1.21197e+21,3.11438e+09,194528
6.24e-09,5109.56,1.20129e+09,1.80304e+16,4.32461e+12,1.21044e+21,3.11864e+09,194603
6.27e-09,5120.99,1.20245e+09,1.79865e+16,4.31829e+12,1.20891e+21,3.1229e+09,194678
6.3e-09,5132.42,1.2036e+09,1.79425e+16,4.31198e+12,1.20738e+21,3.12716e+09,194754
6.33e-09,5143.86,1.20476e+09,1.78985e+16,4.30567e+12,1.20585e+21,3.13142e+09,194829
6.36e-09,5155.29,1.20591e+09,1.78546e+16,4.29935e+12,1.20432e+21,3.13568e+09,194904
6.39e-09,5166.72,1.20707e+09,1.78106e+16,4.29304e+12,1.2028e+21,3.13994e+09,194980
6.42e-09,5178.15,1.20822e+09,1.77667e+16,4.28673e+12,1.20127e+21,3.14421e+09,195055
6.45e-09,5189.58,1.20938e+09,1.77227e+16,4.28041e+12,1.19974e+21,3.14847e+09,195130
6.48e-09,5201.01,1.21053e+09,1.76787e+16,4.2741e+12,1.19821e+21,3.15273e+09,195205
6.51e-09,5212.45,1.21169e+09,1.76348e+16,4.26779e+12,1.19668e+21,3.15699e+09,195281
6.54e-09,5223.88,1.21284e+09,1.75908e+16,4.26147e+12,1.19516e+21,3.16125e+09,195356
6.57e-09,5235.31,1.214e+09,1.75469e+16,4.25516e+12,1.19363e+21,3.16551e+09,195431
6.6e-09,5246.74,1.21515e+09,1.75029e+16,4.24885e+12,1.1921e+21,3.16977e+09,195506
6.63e-09,5255.4,1.21555e+09,1.74592e+16,4.24051e+12,1.19057e+21,3.17219e+09,195450
6.66e-09,5264.06,1.21594e+09,1.74156e+16,4.23217e+12,1.18904e+21,3.1746e+09,195394
6.69e-09,5272.72,1.21633e+09,1.73719e+16,4.22384e+12,1.18751e+21,3.17702e+09,195338
6.72e-09,5281.39,1.21673e+09,1.73283e+16,4.2155e+12,1.18599e+21,3.17943e+09,195282
6.75e-09,5290.05,1.21712e+09,1.72846e+16,4.20717e+12,1.18446e+21,3.18185e+09,195225
6.78e-09,5298.71,1.21751e+09,1.7241e+16,4.19883e+12,1.18293e+21,3.18426e+09,195169
6.81e-09,5307.37,1.21791e+09,1.71973e+16,4.19049e+12,1.1814e+21,3.18668e+09,195113
6.84e-09,5316.03,1.2183e+09,1.71537e+16,4.18216e+12,1.17987e+21,3.18909e+09,195057
6.87e-09,5324.69,1.2187e+09,1.711e+16,4.17382e+12,1.17834e+21,3.19151e+09,195001
6.9e-09,5333.35,1.21909e+09,1.70663e+16,4.16548e+12,1.17682e+21,3.19392e+09,194945
6.93e-09,5342.01,1.21948e+09,1.70227e+16,4.15715e+12,1.17529e+21,3.19634e+09,194888
6.96e-09,5350.67,1.21988e+09,1.6979e+16,4.14881e+12,1.17376e+21,3.19875e+09,194832
6.99e-09,5359.33,1.22027e+09,1.69354e+16,4.14048e+12,1.17223e+21,3.20117e+09,194776
7.02e-09,5367.99,1.22066e+09,1.68917e+16,4.13214e+12,1.1707e+21,3.20359e+09,194720
7.05e-09,5376.65,1.22106e+09,1.68481e+16,4.1238e+12,1.16917e+21,3.206e+09,194664
7.08e-09,5385.31,1.22145e+09,1.68044e+16,4.11547e+12,1.16765e+21,3.20842e+09,194608
7.11e-09,5393.97,1.22185e+09,1.67608e+16,4.10713e+12,1.16612e+21,3.21083e+09,194551
7.14e-09,5402.64,1.22224e+09,1.67171e+16,4.09879e+12,1.16459e+21,3.21325e+09,194495
7.17e-09,5411.3,1.22263e+09,1.66735e+16,4.09046e+12,1.16306e+21,3.21566e+09,194439
7.2e-09,5419.96,1.22303e+09,1.66298e+16,4.08212e+12,1.16153e+21,3.21808e+09,194383
7.23e-09,5426,1.22274e+09,1.65869e+16,4.0724e+12,1.16e+21,3.21885e+09,194216
7.26e-09,5432.04,1.22246e+09,1.65441e+16,4.06269e+12,1.15848e+21,3.21961e+09,194049
7.29e-09,5438.08,1.22217e+09,1.65012e+16,4.05297e+12,1.15695e+21,3.22038e+09,193882
7.32e-09,5444.12,1.22189e+09,1.64583e+16,4.04325e+12,1.15542e+21,3.22115e+09,193715
7.35e-09,5450.15,1.2216e+09,1.64155e+16,4.03353e+12,1.15389e+21,3.22192e+09,193548
7.38e-09,5456.19,1.22132e+09,1.63726e+16,4.02382e+12,1.15236e+21,3.22269e+09,193381
7.41e-09,5462.23,1.22103e+09,1.63298e+16,4.0141e+12,1.15083e+21,3.22346e+09,193214
7.44e-09,5468.27,1.22075e+09,1.62869e+16,4.00438e+12,1.14931e+21,3.22423e+09,193047
7.47e-09,5474.31,1.22047e+09,1.6244e+16,3.99466e+12,1.14778e+21,3.225e+09,192880
7.5e-09,5480.35,1.22018e+09,1.62012e+16,3.98495e+12,1.14625e+21,3.22576e+09,192713
7.53e-09,5486.39,1.2199e+09,1.61583e+16,3.97523e+12,1.14472e+21,3.22653e+09,192546
7.56e-09,5492.43,1.21961e+09,1.61154e+16,3.96551e+12,1.14319e+21,3.2273e+09,192379
7.59e-09,5498.47,1.21933e+09,1.60726e+16,3.95579e+12,1.14166e+21,3.22807e+09,192212
7.62e-09,5504.51,1.21904e+09,1.60297e+16,3.94608e+12,1.14014e+21,3.22884e+09,192045
7.65e-09,5510.55,1.21876e+09,1.59868e+16,3.93636e+12,1.13861e+21,3.22961e+09,191878
7.68e-09,5516.59,1.21847e+09,1.5944e+16,3.92664e+12,1.13708e+21,3.23038e+09,191711
7.71e-09,5522.63,1.21819e+09,1.59011e+16,3.91692e+12,1.13555e+21,3.23114e+09,191545
7.74e-09,5528.67,1.2179e+09,1.58583e+16,3.90721e+12,1.13402e+21,3.23191e+09,191378
7.77e-09,5534.71,1.21762e+09,1.58154e+16,3.89749e+12,1.1325e+21,3.23268e+09,191211
7.8e-09,5540.75,1.21733e+09,1.57725e+16,3.88777e+12,1.13097e+21,3.23345e+09,191044
7.83e-09,5544.35,1.21646e+09,1.57307e+16,3.87717e+12,1.12944e+21,3.23277e+09,190785
7.86e-09,5547.94,1.21558e+09,1.56888e+16,3.86656e+12,1.12791e+21,3.23209e+09,190527
7.89e-09,5551.54,1.2147e+09,1.56469e+16,3.85596e+12,1.12638e+21,3.23142e+09,190268
7.92e-09,5555.14,1.21382e+09,1.56051e+16,3.84536e+12,1.12485e+21,3.23074e+09,190010
7.95e-09,5558.74,1.21294e+09,1.55632e+16,3.83476e+12,1.12333e+21,3.23006e+09,189751
7.98e-09,5562.34,1.21206e+09,1.55213e+16,3.82415e+12,1.1218e+21,3.22938e+09,189493
8.01e-09,5565.93,1.21119e+09,1.54795e+16,3.81355e+12,1.12027e+21,3.22871e+09,189235
8.04e-09,5569.53,1.21031e+09,1.54376e+16,3.80295e+12,1.11874e+21,3.22803e+09,188976
8.07e-09,5573.13,1.20943e+09,1.53957e+16,3.79234e+12,1.11721e+21,3.22735e+09,188718
8.1e-09,5576.73,1.20855e+09,1.53539e+16,3.78174e+12,1.11568e+21,3.22667e+09,188459
8.13e-09,5580.33,1.20767e+09,1.5312e+16,3.77114e+12,1.11416e+21,3.22599e+09,188201
8.16e-09,5583.92,1.2068e+09,1.52701e+16,3.76054e+12,1.11263e+21,3.22532e+09,187942
8.19e-09,5587.52,1.20592e+09,1.52283e+16,3.74993e+12,1.1111e+21,3.22464e+09,187684
8.22e-09,5591.12,1.20504e+09,1.51864e+16,3.73933e+12,1.10957e+21,3.22396e+09,187426
8.25e-09,5594.72,1.20416e+09,1.51445e+16,3.72873e+12,1.10804e+21,3.22328e+09,187167
8.28e-09,5598.32,1.20328e+09,1.51027e+16,3.71812e+12,1.10651e+21,3.22261e+09,186909
8.31e-09,5601.91,1.2024e+09,1.50608e+16,3.70752e+12,1.10499e+21,3.22193e+09,186650
8.34e-09,5605.51,1.20153e+09,1.50189e+16,3.69692e+12,1.10346e+21,3.22125e+09,186392
8.37e-09,5609.11,1.20065e+09,1.49771e+16,3.68632e+12,1.10193e+21,3.22057e+09,186133
8.4e-09,5612.71,1.19977e+09,1.49352e+16,3.67571e+12,1.1004e+21,3.21989e+09,185875
8.43e-09,5614.06,1.19838e+09,1.48944e+16,3.66461e+12,1.09887e+21,3.21797e+09,185543
8.46e-09,5615.42,1.197e+09,1.48537e+16,3.6535e+12,1.09734e+21,3.21604e+09,185211
8.49e-09,5616.78,1.19561e+09,1.48129e+16,3.64239e+12,1.09582e+21,3.21411e+09,184879
8.52e-09,5618.13,1.19422e+09,1.47721e+16,3.63128e+12,1.09429e+21,3.21218e+09,184547
8.55e-09,5619.49,1.19284e+09,1.47313e+16,3.62017e+12,1.09276e+21,3.21025e+09,184215
8.58e-09,5620.84,1.19145e+09,1.46905e+16,3.60907e+12,1.09123e+21,3.20832e+09,183883
8.61e-09,5622.2,1.19006e+09,1.46498e+16,3.59796e+12,1.0897e+21,3.20639e+09,183551
8.64e-09,5623.56,1.18868e+09,1.4609e+16,3.58685e+12,1.08817e+21,3.20447e+09,183219
8.67e-09,5624.91,1.18729e+09,1.45682e+16,3.57574e+12,1.08665e+21,3.20254e+09,182887
8.7e-09,5626.27,1.1859e+09,1.45274e+16,3.56463e+12,1.08512e+21,3.20061e+09,182555
8.73e-09,5627.62,1.18452e+09,1.44866e+16,3.55353e+12,1.08359e+21,3.19868e+09,182223
8.76e-09,5628.98,1.18313e+09,1.44458e+16,3.54242e+12,1.08206e+21,3.19675e+09,181891
8.79e-09,5630.34,1.18175e+09,1.44051e+16,3.53131e+12,1.08053e+21,3.19482e+09,181559
8.82e-09,5631.69,1.18036e+09,1.43643e+16,3.5202e+12,1.079e+21,3.19289e+09,181227
8.85e-09,5633.05,1.17897e+09,1.43235e+16,3.5091e+12,1.07748e+21,3.19096e+09,180895
8.88e-09,5634.4,1.17759e+09,1.42827e+16,3.49799e+12,1.07595e+21,3.18904e+09,180563
8.91e-09,5635.76,1.1762e+09,1.42419e+16,3.48688e+12,1.07442e+21,3.18711e+09,180231
8.94e-09,5637.12,1.17481e+09,1.42012e+16,3.47577e+12,1.07289e+21,3.18518e+09,179899
8.97e-09,5638.47,1.17343e+09,1.41604e+16,3.46466e+12,1.07136e+21,3.18325e+09,179567
9e-09,5639.83,1.17204e+09,1.41196e+16,3.45356e+12,1.06983e+21,3.18132e+09,179235
9.03e-09,5639.15,1.17023e+09,1.40799e+16,3.44223e+12,1.06831e+21,3.17833e+09,178846
9.06e-09,5638.48,1.16841e+09,1.40403e+16,3.43091e+12,1.06678e+21,3.17533e+09,178456
9.09e-09,5637.81,1.1666e+09,1.40006e+16,3.41959e+12,1.06525e+21,3.17234e+09,178067
9.12e-09,5637.13,1.16479e+09,1.3961e+16,3.40826e+12,1.06372e+21,3.16935e+09,177678
9.15e-09,5636.46,1.16298e+09,1.39213e+16,3.39694e+12,1.06219e+21,3.16635e+09,177289
9.18e-09,5635.78,1.16117e+09,1.38817e+16,3.38561e+12,1.06066e+21,3.16336e+09,176899
9.21e-09,5635.11,1.15935e+09,1.3842e+16,3.37429e+12,1.05914e+21,3.16037e+09,176510
9.24e-09,5634.43,1.15754e+09,1.38023e+16,3.36297e+12,1.05761e+21,3.15737e+09,176121
9.27e-09,5633.76,1.15573e+09,1.37627e+16,3.35164e+12,1.05608e+21,3.15438e+09,175732
9.3e-09,5633.08,1.15392e+09,1.3723e+16,3.34032e+12,1.05455e+21,3.15139e+09,175342
9.33e-09,5632.41,1.1521e+09,1.36834e+16,3.329e+12,1.05302e+21,3.14839e+09,174953
9.36e-09,5631.74,1.15029e+09,1.36437e+16,3.31767e+12,1.05149e+21,3.1454e+09,174564
9.39e-09,5631.06,1.14848e+09,1.36041e+16,3.30635e+12,1.04997e+21,3.14241e+09,174174
9.42e-09,5630.39,1.14667e+09,1.35644e+16,3.29503e+12,1.04844e+21,3.13941e+09,173785
9.45e-09,5629.71,1.14485e+09,1.35247e+16,3.2837e+12,1.04691e+21,3.13642e+09,173396
9.48e-09,5629.04,1.14304e+09,1.34851e+16,3.27238e+12,1.04538e+21,3.13343e+09,173007
9.51e-09,5628.36,1.14123e+09,1.34454e+16,3.26106e+12,1.04385e+21,3.13043e+09,172617
9.54e-09,5627.69,1.13942e+09,1.34058e+16,3.24973e+12,1.04232e+21,3.12744e+09,172228
9.57e-09,5627.02,1.1376e+09,1.33661e+16,3.23841e+12,1.0408e+21,3.12445e+09,171839
9.6e-09,5626.34,1.13579e+09,1.33264e+16,3.22709e+12,1.03927e+21,3.12145e+09,171449
9.63e-09,5623.85,1.13363e+09,1.32879e+16,3.21577e+12,1.03774e+21,3.11757e+09,171017
9.66e-09,5621.37,1.13147e+09,1.32494e+16,3.20444e+12,1.03621e+21,3.11369e+09,170585
9.69e-09,5618.88,1.12931e+09,1.32109e+16,3.19312e+12,1.03468e+21,3.1098e+09,170153
9.72e-09,5616.39,1.12715e+09,1.31724e+16,3.1818e+12,1.03315e+21,3.10592e+09,169721
9.75e-09,5613.9,1.12499e+09,1.31338e+16,3.17048e+12,1.03163e+21,3.10203e+09,169290
9.78e-09,5611.41,1.12284e+09,1.30953e+16,3.15916e+12,1.0301e+21,3.09815e+09,168858
9.81e-09,5608.92,1.12068e+09,1.30568e+16,3.14784e+12,1.02857e+21,3.09427e+09,168426
9.84e-09,5606.44,1.11852e+09,1.30183e+16,3.13652e+12,1.02704e+21,3.09038e+09,167994
9.87e-09,5603.95,1.11636e+09,1.29798e+16,3.1252e+12,1.02551e+21,3.0865e+09,167562
9.9e-09,5601.46,1.1142e+09,1.29413e+16,3.11388e+12,1.02399e+21,3.08262e+09,167130
9.93e-09,5598.97,1.11204e+09,1.29027e+16,3.10256e+12,1.02246e+21,3.07873e+09,166698
9.96e-09,5596.48,1.10988e+09,1.28642e+16,3.09124e+12,1.02093e+21,3.07485e+09,166266
9.99e-09,5594,1.10772e+09,1.28257e+16,3.07992e+12,1.0194e+21,3.07097e+09,165834
1.002e-08,5591.51,1.10556e+09,1.27872e+16,3.0686e+12,1.01787e+21,3.06708e+09,165402
1.005e-08,5589.02,1.1034e+09,1.27487e+16,3.05728e+12,1.01634e+21,3.0632e+09,164970
1.008e-08,5586.53,1.10124e+09,1.27101e+16,3.04596e+12,1.01482e+21,3.05931e+09,164538
1.011e-08,5584.04,1.09908e+09,1.26716e+16,3.03464e+12,1.01329e+21,3.05543e+09,164106
1.014e-08,5581.56,1.09692e+09,1.26331e+16,3.02332e+12,1.01176e+21,3.05155e+09,163674
1.017e-08,5579.07,1.09476e+09,1.25946e+16,3.012e+12,1.01023e+21,3.04766e+09,163242
1.02e-08,5576.58,1.0926e+09,1.25561e+16,3.00068e+12,1.0087e+21,3.04378e+09,162810
1.023e-08,5572.49,1.09017e+09,1.25187e+16,2.98952e+12,1.00717e+21,3.03917e+09,162348
1.026e-08,5568.41,1.08774e+09,1.24813e+16,2.97837e+12,1.00565e+21,3.03455e+09,161886
1.029e-08,5564.32,1.0853e+09,1.24439e+16,2.96721e+12,1.00412e+21,3.02994e+09,161424
1.032e-08,5560.24,1.08287e+09,1.24066e+16,2.95606e+12,1.00259e+21,3.02533e+09,160963
1.035e-08,5556.15,1.08044e+09,1.23692e+16,2.94491e+12,1.00106e+21,3.02071e+09,160501
1.038e-08,5552.06,1.078e+09,1.23318e+16,2.93375e+12,9.99532e+20,3.0161e+09,160039
1.041e-08,5547.98,1.07557e+09,1.22944e+16,2.9226e+12,9.98004e+20,3.01149e+09,159577
1.044e-08,5543.89,1.07314e+09,1.22571e+16,2.91145e+12,9.96475e+20,3.00687e+09,159115
1.047e-08,5539.81,1.0707e+09,1.22197e+16,2.90029e+12,9.94947e+20,3.00226e+09,158654
1.05e-08,5535.72,1.06827e+09,1.21823e+16,2.88914e+12,9.93419e+20,2.99765e+09,158192
1.053e-08,5531.63,1.06584e+09,1.21449e+16,2.87798e+12,9.91891e+20,2.99303e+09,157730
1.056e-08,5527.55,1.0634e+09,1.21076e+16,2.86683e+12,9.90362e+20,2.98842e+09,157268
1.059e-08,5523.46,1.06097e+09,1.20702e+16,2.85568e+12,9.88834e+20,2.98381e+09,156806
1.062e-08,5519.38,1.05854e+09,1.20328e+16,2.84452e+12,9.87306e+20,2.97919e+09,156345
1.065e-08,5515.29,1.0561e+09,1.19954e+16,2.83337e+12,9.85777e+20,2.97458e+09,155883
1.068e-08,5511.21,1.05367e+09,1.19581e+16,2.82222e+12,9.84249e+20,2.96997e+09,155421
1.071e-08,5507.12,1.05124e+09,1.19207e+16,2.81106e+12,9.82721e+20,2.96535e+09,154959
1.074e-08,5503.03,1.0488e+09,1.18833e+16,2.79991e+12,9.81192e+20,2.96074e+09,154497
1.077e-08,5498.95,1.04637e+09,1.18459e+16,2.78875e+12,9.79664e+20,2.95613e+09,154036
1.08e-08,5494.86,1.04394e+09,1.18086e+16,2.7776e+12,9.78136e+20,2.95151e+09,153574
1.083e-08,5489.39,1.0413e+09,1.17723e+16,2.76673e+12,9.76607e+20,2.94632e+09,153093
1.086e-08,5483.92,1.03866e+09,1.17361e+16,2.75587e+12,9.75079e+20,2.94112e+09,152613
1.089e-08,5478.44,1.03602e+09,1.16999e+16,2.745e+12,9.73551e+20,2.93592e+09,152133
1.092e-08,5472.97,1.03338e+09,1.16637e+16,2.73414e+12,9.72022e+20,2.93073e+09,151652
1.095e-08,5467.5,1.03074e+09,1.16274e+16,2.72327e+12,9.70494e+20,2.92553e+09,151172
1.098e-08,5462.02,1.0281e+09,1.15912e+16,2.71241e+12,9.68966e+20,2.92033e+09,150691
1.101e-08,5456.55,1.02546e+09,1.1555e+16,2.70154e+12,9.67437e+20,2.91514e+09,150211
1.104e-08,5451.08,1.02282e+09,1.15188e+16,2.69067e+12,9.65909e+20,2.90994e+09,149730
1.107e-08,5445.6,1.02018e+09,1.14825e+16,2.67981e+12,9.64381e+20,2.90474e+09,149250
1.11e-08,5440.13,1.01754e+09,1.14463e+16,2.66894e+12,9.62853e+20,2.89955e+09,148770
1.113e-08,5434.66,1.0149e+09,1.14101e+16,2.65808e+12,9.61324e+20,2.89435e+09,148289
1.116e-08,5429.19,1.01226e+09,1.13738e+16,2.64721e+12,9.59796e+20,2.88915e+09,147809
1.119e-08,5423.71,1.00962e+09,1.13376e+16,2.63634e+12,9.58268e+20,2.88396e+09,147328
1.122e-08,5418.24,1.00698e+09,1.13014e+16,2.62548e+12,9.56739e+20,2.87876e+09,146848
1.125e-08,5412.77,1.00434e+09,1.12652e+16,2.61461e+12,9.55211e+20,2.87356e+09,146368
1.128e-08,5407.29,1.0017e+09,1.12289e+16,2.60375e+12,9.53683e+20,2.86837e+09,145887
1.131e-08,5401.82,9.99057e+08,1.11927e+16,2.59288e+12,9.52154e+20,2.86317e+09,145407
1.134e-08,5396.35,9.96417e+08,1.11565e+16,2.58201e+12,9.50626e+20,2.85798e+09,144926
1.137e-08,5390.88,9.93777e+08,1.11203e+16,2.57115e+12,9.49098e+20,2.85278e+09,144446
1.14e-08,5385.4,9.91137e+08,1.1084e+16,2.56028e+12,9.47569e+20,2.84758e+09,143965
1.143e-08,5378.75,9.88351e+08,1.1049e+16,2.54979e+12,9.46041e+20,2.84193e+09,143476
1.146e-08,5372.09,9.85566e+08,1.10139e+16,2.5393e+12,9.44513e+20,2.83629e+09,142987
1.149e-08,5365.43,9.8278e+08,1.09788e+16,2.52881e+12,9.42985e+20,2.83064e+09,142497
1.152e-08,5358.77,9.79994e+08,1.09437e+16,2.51832e+12,9.41456e+20,2.82499e+09,142008
1.155e-08,5352.11,9.77208e+08,1.09086e+16,2.50783e+12,9.39928e+20,2.81934e+09,141518
1.158e-08,5345.46,9.74423e+08,1.08736e+16,2.49734e+12,9.384e+20,2.81369e+09,141029
1.161e-08,5338.8,9.71637e+08,1.08385e+16,2.48685e+12,9.36871e+20,2.80804e+09,140539
1.164e-08,5332.14,9.68851e+08,1.08034e+16,2.47636e+12,9.35343e+20,2.8024e+09,140050
1.167e-08,5325.48,9.66065e+08,1.07683e+16,2.46587e+12,9.33815e+20,2.79675e+09,139560
1.17e-08,5318.83,9.63279e+08,1.07333e+16,2.45538e+12,9.32286e+20,2.7911e+09,139071
1.173e-08,5312.17,9.60494e+08,1.06982e+16,2.44489e+12,9.30758e+20,2.78545e+09,138581
1.176e-08,5305.51,9.57708e+08,1.06631e+16,2.4344e+12,9.2923e+20,2.7798e+09,138092
1.179e-08,5298.85,9.54922e+08,1.0628e+16,2.42392e+12,9.27701e+20,2.77415e+09,137603
1.182e-08,5292.19,9.52136e+08,1.0593e+16,2.41343e+12,9.26173e+20,2.76851e+09,137113
1.185e-08,5285.54,9.49351e+08,1.05579e+16,2.40294e+12,9.24645e+20,2.76286e+09,136624
1.188e-08,5278.88,9.46565e+08,1.05228e+16,2.39245e+12,9.23116e+20,2.75721e+09,136134
1.191e-08,5272.22,9.43779e+08,1.04877e+16,2.38196e+12,9.21588e+20,2.75156e+09,135645
1.194e-08,5265.56,9.40993e+08,1.04526e+16,2.37147e+12,9.2006e+20,2.74591e+09,135155
1.197e-08,5258.91,9.38207e+08,1.04176e+16,2.36098e+12,9.18531e+20,2.74027e+09,134666
1.2e-08,5252.25,9.35422e+08,1.03825e+16,2.35049e+12,9.17003e+20,2.73462e+09,134176
1.203e-08,5244.6,9.32544e+08,1.03486e+16,2.34044e+12,9.15475e+20,2.72863e+09,133686
1.206e-08,5236.94,9.29666e+08,1.03146e+16,2.33038e+12,9.13947e+20,2.72265e+09,133196
1.209e-08,5229.29,9.26788e+08,1.02807e+16,2.32033e+12,9.12418e+20,2.71667e+09,132705
1.212e-08,5221.64,9.23911e+08,1.02468e+16,2.31028e+12,9.1089e+20,2.71069e+09,132215
1.215e-08,5213.99,9.21033e+08,1.02128e+16,2.30023e+12,9.09362e+20,2.7047e+09,131724
1.218e-08,5206.34,9.18155e+08,1.01789e+16,2.29018e+12,9.07833e+20,2.69872e+09,131234
1.221e-08,5198.68,9.15278e+08,1.0145e+16,2.28013e+12,9.06305e+20,2.69274e+09,130744
1.224e-08,5191.03,9.124e+08,1.01111e+16,2.27008e+12,9.04777e+20,2.68676e+09,130253
1.227e-08,5183.38,9.09522e+08,1.00771e+16,2.26003e+12,9.03248e+20,2.68077e+09,129763
1.23e-08,5175.73,9.06644e+08,1.00432e+16,2.24997e+12,9.0172e+20,2.67479e+09,129273
1.233e-08,5168.08,9.03767e+08,1.00093e+16,2.23992e+12,9.00192e+20,2.66881e+09,128782
1.236e-08,5160.42,9.00889e+08,9.97536e+15,2.22987e+12,8.98663e+20,2.66282e+09,128292
1.239e-08,5152.77,8.98011e+08,9.94143e+15,2.21982e+12,8.97135e+20,2.65684e+09,127801
1.242e-08,5145.12,8.95134e+08,9.9075e+15,2.20977e+12,8.95607e+20,2.65086e+09,127311
1.245e-08,5137.47,8.92256e+08,9.87357e+15,2.19972e+12,8.94078e+20,2.64488e+09,126821
1.248e-08,5129.82,8.89378e+08,9.83964e+15,2.18967e+12,8.9255e+20,2.63889e+09,126330
1.251e-08,5122.16,8.865e+08,9.80572e+15,2.17962e+12,8.91022e+20,2.63291e+09,125840
1.254e-08,5114.51,8.83623e+08,9.77179e+15,2.16957e+12,8.89493e+20,2.62693e+09,125349
1.257e-08,5106.86,8.80745e+08,9.73786e+15,2.15951e+12,8.87965e+20,2.62095e+09,124859
1.26e-08,5099.21,8.77867e+08,9.70393e+15,2.14946e+12,8.86437e+20,2.61496e+09,124369
1.263e-08,5090.74,8.74945e+08,9.67116e+15,2.13989e+12,8.84908e+20,2.60875e+09,123884
1.266e-08,5082.27,8.72022e+08,9.63838e+15,2.13032e+12,8.8338e+20,2.60254e+09,123399
1.269e-08,5073.8,8.691e+08,9.6056e+15,2.12075e+12,8.81852e+20,2.59632e+09,122915
1.272e-08,5065.33,8.66177e+08,9.57282e+15,2.11119e+12,8.80324e+20,2.59011e+09,122430
1.275e-08,5056.87,8.63255e+08,9.54004e+15,2.10162e+12,8.78795e+20,2.58389e+09,121946
1.278e-08,5048.4,8.60333e+08,9.50727e+15,2.09205e+12,8.77267e+20,2.57768e+09,121461
1.281e-08,5039.93,8.5741e+08,9.47449e+15,2.08248e+12,8.75739e+20,2.57147e+09,120976
1.284e-08,5031.46,8.54488e+08,9.44171e+15,2.07291e+12,8.7421e+20,2.56525e+09,120492
1.287e-08,5022.99,8.51565e+08,9.40893e+15,2.06334e+12,8.72682e+20,2.55904e+09,120007
1.29e-08,5014.52,8.48643e+08,9.37615e+15,2.05377e+12,8.71154e+20,2.55283e+09,119522
1.293e-08,5006.06,8.4572e+08,9.34338e+15,2.0442e+12,8.69625e+20,2.54661e+09,119038
1.296e-08,4997.59,8.42798e+08,9.3106e+15,2.03463e+12,8.68097e+20,2.5404e+09,118553
1.299e-08,4989.12,8.39875e+08,9.27782e+15,2.02506e+12,8.66569e+20,2.53418e+09,118069
1.302e-08,4980.65,8.36953e+08,9.24504e+15,2.01549e+12,8.6504e+20,2.52797e+09,117584
1.305e-08,4972.18,8.34031e+08,9.21227e+15,2.00592e+12,8.63512e+20,2.52176e+09,117099
1.308e-08,4963.71,8.31108e+08,9.17949e+15,1.99635e+12,8.61984e+20,2.51554e+09,116615
1.311e-08,4955.25,8.28186e+08,9.14671e+15,1.98678e+12,8.60455e+20,2.50933e+09,116130
1.314e-08,4946.78,8.25263e+08,9.11393e+15,1.97721e+12,8.58927e+20,2.50312e+09,115646
1.317e-08,4938.31,8.22341e+08,9.08115e+15,1.96764e+12,8.57399e+20,2.4969e+09,115161
1.32e-08,4929.84,8.19418e+08,9.04838e+15,1.95807e+12,8.5587e+20,2.49069e+09,114676
1.323e-08,4920.72,8.16492e+08,9.01675e+15,1.94901e+12,8.54342e+20,2.48433e+09,114203
1.326e-08,4911.6,8.13565e+08,8.98512e+15,1.93995e+12,8.52814e+20,2.47798e+09,113730
1.329e-08,4902.47,8.10639e+08,8.95349e+15,1.93089e+12,8.51285e+20,2.47162e+09,113256
1.332e-08,4893.35,8.07713e+08,8.92186e+15,1.92183e+12,8.49757e+20,2.46527e+09,112783
1.335e-08,4884.23,8.04786e+08,8.89024e+15,1.91277e+12,8.48229e+20,2.45891e+09,112309
1.338e-08,4875.11,8.0186e+08,8.85861e+15,1.90371e+12,8.46701e+20,2.45256e+09,111836
1.341e-08,4865.99,7.98933e+08,8.82698e+15,1.89465e+12,8.45172e+20,2.44621e+09,111363
1.344e-08,4856.86,7.96007e+08,8.79535e+15,1.88559e+12,8.43644e+20,2.43985e+09,110889
1.347e-08,4847.74,7.9308e+08,8.76373e+15,1.87653e+12,8.42116e+20,2.4335e+09,110416
1.35e-08,4838.62,7.90154e+08,8.7321e+15,1.86747e+12,8.40587e+20,2.42714e+09,109942
1.353e-08,4829.5,7.87227e+08,8.70047e+15,1.85841e+12,8.39059e+20,2.42079e+09,109469
1.356e-08,4820.38,7.84301e+08,8.66884e+15,1.84935e+12,8.37531e+20,2.41443e+09,108996
1.359e-08,4811.26,7.81374e+08,8.63721e+15,1.84029e+12,8.36002e+20,2.40808e+09,108522
1.362e-08,4802.13,7.78448e+08,8.60559e+15,1.83123e+12,8.34474e+20,2.40172e+09,108049
1.365e-08,4793.01,7.75521e+08,8.57396e+15,1.82217e+12,8.32946e+20,2.39537e+09,107576
1.368e-08,4783.89,7.72595e+08,8.54233e+15,1.81311e+12,8.31417e+20,2.38901e+09,107102
1.371e-08,4774.77,7.69668e+08,8.5107e+15,1.80405e+12,8.29889e+20,2.38266e+09,106629
1.374e-08,4765.65,7.66742e+08,8.47907e+15,1.79499e+12,8.28361e+20,2.3763e+09,106155
1.377e-08,4756.52,7.63815e+08,8.44745e+15,1.78593e+12,8.26832e+20,2.36995e+09,105682
1.38e-08,4747.4,7.60889e+08,8.41582e+15,1.77687e+12,8.25304e+20,2.3636e+09,105209
1.383e-08,4737.78,7.57993e+08,8.38534e+15,1.76833e+12,8.23776e+20,2.35718e+09,104751
1.386e-08,4728.15,7.55097e+08,8.35486e+15,1.75979e+12,8.22247e+20,2.35076e+09,104293
1.389e-08,4718.52,7.52201e+08,8.32438e+15,1.75126e+12,8.20719e+20,2.34434e+09,103835
1.392e-08,4708.89,7.49305e+08,8.29391e+15,1.74272e+12,8.19191e+20,2.33792e+09,103377
1.395e-08,4699.27,7.46409e+08,8.26343e+15,1.73419e+12,8.17662e+20,2.33151e+09,102919
1.398e-08,4689.64,7.43513e+08,8.23295e+15,1.72565e+12,8.16134e+20,2.32509e+09,102462
1.401e-08,4680.01,7.40617e+08,8.20247e+15,1.71712e+12,8.14606e+20,2.31867e+09,102004
1.404e-08,4670.39,7.37721e+08,8.172e+15,1.70858e+12,8.13077e+20,2.31225e+09,101546
1.407e-08,4660.76,7.34825e+08,8.14152e+15,1.70005e+12,8.11549e+20,2.30584e+09,101088
1.41e-08,4651.13,7.31929e+08,8.11104e+15,1.69151e+12,8.10021e+20,2.29942e+09,100630
1.413e-08,4641.5,7.29033e+08,8.08056e+15,1.68298e+12,8.08492e+20,2.293e+09,100172
1.416e-08,4631.88,7.26137e+08,8.05008e+15,1.67444e+12,8.06964e+20,2.28658e+09,99714.7
1.419e-08,4622.25,7.23241e+08,8.01961e+15,1.66591e+12,8.05436e+20,2.28016e+09,99256.9
1.422e-08,4612.62,7.20345e+08,7.98913e+15,1.65737e+12,8.03908e+20,2.27375e+09,98799
1.425e-08,4602.99,7.17449e+08,7.95865e+15,1.64884e+12,8.02379e+20,2.26733e+09,98341.2
1.428e-08,4593.37,7.14553e+08,7.92817e+15,1.6403e+12,8.00851e+20,2.26091e+09,97883.4
1.431e-08,4583.74,7.11657e+08,7.89769e+15,1.63176e+12,7.99323e+20,2.25449e+09,97425.6
1.434e-08,4574.11,7.08761e+08,7.86722e+15,1.62323e+12,7.97794e+20,2.24808e+09,96967.7
1.437e-08,4564.49,7.05865e+08,7.83674e+15,1.61469e+12,7.96266e+20,2.24166e+09,96509.9
1.44e-08,4554.86,7.02969e+08,7.80626e+15,1.60616e+12,7.94738e+20,2.23524e+09,96052.1
1.443e-08,4544.86,7.00132e+08,7.77693e+15,1.59815e+12,7.93209e+20,2.22882e+09,95613.2
1.446e-08,4534.86,6.97295e+08,7.74761e+15,1.59015e+12,7.91681e+20,2.22241e+09,95174.2
1.449e-08,4524.86,6.94458e+08,7.71828e+15,1.58215e+12,7.90153e+20,2.216e+09,94735.3
1.452e-08,4514.86,6.91621e+08,7.68895e+15,1.57414e+12,7.88624e+20,2.20958e+09,94296.4
1.455e-08,4504.86,6.88784e+08,7.65962e+15,1.56614e+12,7.87096e+20,2.20317e+09,93857.5
1.458e-08,4494.86,6.85947e+08,7.63029e+15,1.55814e+12,7.85568e+20,2.19675e+09,93418.6
1.461e-08,4484.86,6.8311e+08,7.60097e+15,1.55013e+12,7.84039e+20,2.19034e+09,92979.7
1.464e-08,4474.86,6.80273e+08,7.57164e+15,1.54213e+12,7.82511e+20,2.18392e+09,92540.8
1.467e-08,4464.86,6.77437e+08,7.54231e+15,1.53413e+12,7.80983e+20,2.17751e+09,92101.8
1.47e-08,4454.86,6.746e+08,7.51298e+15,1.52612e+12,7.79454e+20,2.17109e+09,91662.9
1.473e-08,4444.86,6.71763e+08,7.48365e+15,1.51812e+12,7.77926e+20,2.16468e+09,91224
1.476e-08,4434.86,6.68926e+08,7.45433e+15,1.51011e+12,7.76398e+20,2.15826e+09,90785.1
1.479e-08,4424.86,6.66089e+08,7.425e+15,1.50211e+12,7.74869e+20,2.15185e+09,90346.2
1.482e-08,4414.86,6.63252e+08,7.39567e+15,1.49411e+12,7.73341e+20,2.14544e+09,89907.3
1.485e-08,4404.86,6.60415e+08,7.36634e+15,1.4861e+12,7.71813e+20,2.13902e+09,89468.3
1.488e-08,4394.86,6.57578e+08,7.33702e+15,1.4781e+12,7.70284e+20,2.13261e+09,89029.4
1.491e-08,4384.86,6.54741e+08,7.30769e+15,1.4701e+12,7.68756e+20,2.12619e+09,88590.5
1.494e-08,4374.86,6.51905e+08,7.27836e+15,1.46209e+12,7.67228e+20,2.11978e+09,88151.6
1.497e-08,4364.86,6.49068e+08,7.24903e+15,1.45409e+12,7.65699e+20,2.11336e+09,87712.7
1.5e-08,4354.86,6.46231e+08,7.2197e+15,1.44609e+12,7.64171e+20,2.10695e+09,87273.8
1.503e-08,4344.61,6.43477e+08,7.19153e+15,1.43861e+12,7.62643e+20,2.10059e+09,86856.2
1.506e-08,4334.35,6.40722e+08,7.16335e+15,1.43114e+12,7.61114e+20,2.09424e+09,86438.7
1.509e-08,4324.1,6.37968e+08,7.13517e+15,1.42367e+12,7.59586e+20,2.08788e+09,86021.2
1.512e-08,4313.85,6.35214e+08,7.10699e+15,1.4162e+12,7.58058e+20,2.08153e+09,85603.6
1.515e-08,4303.59,6.32459e+08,7.07882e+15,1.40872e+12,7.5653e+20,2.07517e+09,85186.1
1.518e-08,4293.34,6.29705e+08,7.05064e+15,1.40125e+12,7.55001e+20,2.06881e+09,84768.6
1.521e-08,4283.08,6.26951e+08,7.02246e+15,1.39378e+12,7.53473e+20,2.06246e+09,84351.1
1.524e-08,4272.83,6.24196e+08,6.99428e+15,1.38631e+12,7.51944e+20,2.0561e+09,83933.5
1.527e-08,4262.57,6.21442e+08,6.9661e+15,1.37883e+12,7.50416e+20,2.04975e+09,83516
1.53e-08,4252.32,6.18687e+08,6.93793e+15,1.37136e+12,7.48888e+20,2.04339e+09,83098.5
1.533e-08,4242.06,6.15933e+08,6.90975e+15,1.36389e+12,7.4736e+20,2.03704e+09,82681
1.536e-08,4231.81,6.13179e+08,6.88157e+15,1.35642e+12,7.45831e+20,2.03068e+09,82263.4
1.539e-08,4221.55,6.10425e+08,6.85339e+15,1.34895e+12,7.44303e+20,2.02433e+09,81845.9
1.542e-08,4211.3,6.0767e+08,6.82522e+15,1.34147e+12,7.42775e+20,2.01797e+09,81428.4
1.545e-08,4201.05,6.04916e+08,6.79704e+15,1.334e+12,7.41246e+20,2.01161e+09,81010.8
1.548e-08,4190.79,6.02161e+08,6.76886e+15,1.32653e+12,7.39718e+20,2.00526e+09,80593.3
1.551e-08,4180.54,5.99407e+08,6.74068e+15,1.31906e+12,7.3819e+20,1.9989e+09,80175.8
1.554e-08,4170.28,5.96653e+08,6.7125e+15,1.31158e+12,7.36661e+20,1.99255e+09,79758.2
1.557e-08,4160.03,5.93898e+08,6.68433e+15,1.30411e+12,7.35133e+20,1.98619e+09,79340.7
1.56e-08,4149.77,5.91144e+08,6.65615e+15,1.29664e+12,7.33605e+20,1.97984e+09,78923.2
1.563e-08,4139.37,5.88491e+08,6.62912e+15,1.28969e+12,7.32076e+20,1.97359e+09,78528.8
1.566e-08,4128.96,5.85838e+08,6.60209e+15,1.28274e+12,7.30548e+20,1.96734e+09,78134.4
1.569e-08,4118.55,5.83184e+08,6.57507e+15,1.2758e+12,7.2902e+20,1.96108e+09,77739.9
1.572e-08,4108.15,5.80531e+08,6.54804e+15,1.26885e+12,7.27491e+20,1.95483e+09,77345.5
1.575e-08,4097.74,5.77878e+08,6.52101e+15,1.2619e+12,7.25963e+20,1.94858e+09,76951.1
1.578e-08,4087.33,5.75225e+08,6.49398e+15,1.25496e+12,7.24435e+20,1.94233e+09,76556.7
1.581e-08,4076.93,5.72571e+08,6.46696e+15,1.24801e+12,7.22906e+20,1.93608e+09,76162.3
1.584e-08,4066.52,5.69918e+08,6.43993e+15,1.24106e+12,7.21378e+20,1.92983e+09,75767.9
1.587e-08,4056.11,5.67265e+08,6.4129e+15,1.23412e+12,7.1985e+20,1.92358e+09,75373.5
1.59e-08,4045.71,5.64612e+08,6.38587e+15,1.22717e+12,7.18321e+20,1.91733e+09,74979
1.593e-08,4035.3,5.61959e+08,6.35884e+15,1.22022e+12,7.16793e+20,1.91108e+09,74584.6
1.596e-08,4024.89,5.59305e+08,6.33182e+15,1.21327e+12,7.15265e+20,1.90483e+09,74190.2
1.599e-08,4014.49,5.56652e+08,6.30479e+15,1.20633e+12,7.13736e+20,1.89858e+09,73795.8
1.602e-08,4004.08,5.53999e+08,6.27776e+15,1.19938e+12,7.12208e+20,1.89233e+09,73401.4
1.605e-08,3993.67,5.51346e+08,6.25073e+15,1.19243e+12,7.1068e+20,1.88608e+09,73007
1.608e-08,3983.27,5.48692e+08,6.22371e+15,1.18549e+12,7.09151e+20,1.87983e+09,72612.5
1.611e-08,3972.86,5.46039e+08,6.19668e+15,1.17854e+12,7.07623e+20,1.87358e+09,72218.1
1.614e-08,3962.45,5.43386e+08,6.16965e+15,1.17159e+12,7.06095e+20,1.86733e+09,71823.7
1.617e-08,3952.05,5.40733e+08,6.14262e+15,1.16465e+12,7.04566e+20,1.86108e+09,71429.3
1.62e-08,3941.64,5.38079e+08,6.11559e+15,1.1577e+12,7.03038e+20,1.85483e+09,71034.9
1.623e-08,3931.17,5.35542e+08,6.08972e+15,1.15127e+12,7.0151e+20,1.84872e+09,70664.7
1.626e-08,3920.7,5.33004e+08,6.06384e+15,1.14484e+12,6.99981e+20,1.84261e+09,70294.5
1.629e-08,3910.23,5.30466e+08,6.03796e+15,1.1384e+12,6.98453e+20,1.8365e+09,69924.3
1.632e-08,3899.76,5.27928e+08,6.01208e+15,1.13197e+12,6.96925e+20,1.8304e+09,69554.1
1.635e-08,3889.29,5.2539e+08,5.98621e+15,1.12554e+12,6.95396e+20,1.82429e+09,69183.9
1.638e-08,3878.82,5.22852e+08,5.96033e+15,1.11911e+12,6.93868e+20,1.81818e+09,68813.6
1.641e-08,3868.35,5.20315e+08,5.93445e+15,1.11268e+12,6.9234e+20,1.81207e+09,68443.4
1.644e-08,3857.88,5.17777e+08,5.90857e+15,1.10625e+12,6.90811e+20,1.80596e+09,68073.2
1.647e-08,3847.41,5.15239e+08,5.8827e+15,1.09981e+12,6.89283e+20,1.79986e+09,67703
1.65e-08,3836.94,5.12701e+08,5.85682e+15,1.09338e+12,6.87755e+20,1.79375e+09,67332.8
1.653e-08,3826.47,5.10163e+08,5.83094e+15,1.08695e+12,6.86226e+20,1.78764e+09,66962.6
1.656e-08,3816,5.07625e+08,5.80506e+15,1.08052e+12,6.84698e+20,1.78153e+09,66592.4
1.659e-08,3805.53,5.05088e+08,5.77919e+15,1.07409e+12,6.8317e+20,1.77542e+09,66222.2
1.662e-08,3795.06,5.0255e+08,5.75331e+15,1.06766e+12,6.81641e+20,1.76932e+09,65852
1.665e-08,3784.59,5.00012e+08,5.72743e+15,1.06123e+12,6.80113e+20,1.76321e+09,65481.8
1.668e-08,3774.12,4.97474e+08,5.70155e+15,1.05479e+12,6.78585e+20,1.7571e+09,65111.5
1.671e-08,3763.65,4.94936e+08,5.67568e+15,1.04836e+12,6.77057e+20,1.75099e+09,64741.3
1.674e-08,3753.18,4.92398e+08,5.6498e+15,1.04193e+12,6.75528e+20,1.74488e+09,64371.1
1.677e-08,3742.72,4.89861e+08,5.62392e+15,1.0355e+12,6.74e+20,1.73878e+09,64000.9
1.68e-08,3732.25,4.87323e+08,5.59804e+15,1.02907e+12,6.72472e+20,1.73267e+09,63630.7
1.683e-08,3721.79,4.84911e+08,5.57332e+15,1.02314e+12,6.70943e+20,1.72673e+09,63285.2
1.686e-08,3711.33,4.82499e+08,5.54859e+15,1.01721e+12,6.69415e+20,1.7208e+09,62939.8
1.689e-08,3700.87,4.80087e+08,5.52386e+15,1.01128e+12,6.67887e+20,1.71486e+09,62594.3
1.692e-08,3690.42,4.77675e+08,5.49913e+15,1.00535e+12,6.66358e+20,1.70893e+09,62248.9
1.695e-08,3679.96,4.75263e+08,5.47441e+15,9.99419e+11,6.6483e+20,1.70299e+09,61903.4
1.698e-08,3669.5,4.72851e+08,5.44968e+15,9.93489e+11,6.63302e+20,1.69705e+09,61558
1.701e-08,3659.04,4.7044e+08,5.42495e+15,9.87559e+11,6.61773e+20,1.69112e+09,61212.5
1.704e-08,3648.59,4.68028e+08,5.40022e+15,9.81629e+11,6.60245e+20,1.68518e+09,60867.1
1.707e-08,3638.13,4.65616e+08,5.3755e+15,9.757e+11,6.58717e+20,1.67925e+09,60521.6
1.71e-08,3627.67,4.63204e+08,5.35077e+15,9.6977e+11,6.57188e+20,1.67331e+09,60176.2
1.713e-08,3617.21,4.60792e+08,5.32604e+15,9.63841e+11,6.5566e+20,1.66737e+09,59830.7
1.716e-08,3606.76,4.5838e+08,5.30131e+15,9.57911e+11,6.54132e+20,1.66144e+09,59485.2
1.719e-08,3596.3,4.55968e+08,5.27659e+15,9.51981e+11,6.52603e+20,1.6555e+09,59139.8
1.722e-08,3585.84,4.53556e+08,5.25186e+15,9.46051e+11,6.51075e+20,1.64957e+09,58794.3
1.725e-08,3575.38,4.51145e+08,5.22713e+15,9.40122e+11,6.49547e+20,1.64363e+09,58448.9
1.728e-08,3564.93,4.48733e+08,5.2024e+15,9.34192e+11,6.48018e+20,1.6377e+09,58103.4
1.731e-08,3554.47,4.46321e+08,5.17768e+15,9.28262e+11,6.4649e+20,1.63176e+09,57758
1.734e-08,3544.01,4.43909e+08,5.15295e+15,9.22333e+11,6.44962e+20,1.62582e+09,57412.5
1.737e-08,3533.55,4.41497e+08,5.12822e+15,9.16403e+11,6.43433e+20,1.61989e+09,57067.1
1.74e-08,3523.1,4.39085e+08,5.10349e+15,9.10473e+11,6.41905e+20,1.61395e+09,56721.6
1.743e-08,3512.72,4.36806e+08,5.07992e+15,9.0503e+11,6.40377e+20,1.60821e+09,56401
1.746e-08,3502.33,4.34528e+08,5.05634e+15,8.99586e+11,6.38848e+20,1.60247e+09,56080.4
1.749e-08,3491.95,4.32249e+08,5.03276e+15,8.94142e+11,6.3732e+20,1.59673e+09,55759.8
1.752e-08,3481.57,4.2997e+08,5.00918e+15,8.88699e+11,6.35792e+20,1.59099e+09,55439.2
1.755e-08,3471.19,4.27692e+08,4.98561e+15,8.83255e+11,6.34263e+20,1.58525e+09,55118.7
1.758e-08,3460.81,4.25413e+08,4.96203e+15,8.77811e+11,6.32735e+20,1.5795e+09,54798
1.761e-08,3450.42,4.23134e+08,4.93845e+15,8.72368e+11,6.31207e+20,1.57376e+09,54477.5
1.764e-08,3440.04,4.20855e+08,4.91487e+15,8.66924e+11,6.29678e+20,1.56802e+09,54156.9
1.767e-08,3429.66,4.18577e+08,4.8913e+15,8.61481e+11,6.2815e+20,1.56228e+09,53836.3
1.77e-08,3419.28,4.16298e+08,4.86772e+15,8.56037e+11,6.26622e+20,1.55654e+09,53515.7
1.773e-08,3408.9,4.14019e+08,4.84414e+15,8.50593e+11,6.25093e+20,1.5508e+09,53195.1
1.776e-08,3398.51,4.11741e+08,4.82056e+15,8.4515e+11,6.23565e+20,1.54506e+09,52874.5
1.779e-08,3388.13,4.09462e+08,4.79699e+15,8.39706e+11,6.22037e+20,1.53932e+09,52553.9
1.782e-08,3377.75,4.07183e+08,4.77341e+15,8.34262e+11,6.20508e+20,1.53357e+09,52233.3
1.785e-08,3367.37,4.04905e+08,4.74983e+15,8.28819e+11,6.1898e+20,1.52783e+09,51912.7
1.788e-08,3356.99,4.02626e+08,4.72625e+15,8.23375e+11,6.17452e+20,1.52209e+09,51592.1
1.791e-08,3346.6,4.00347e+08,4.70268e+15,8.17932e+11,6.15923e+20,1.51635e+09,51271.5
1.794e-08,3336.22,3.98069e+08,4.6791e+15,8.12488e+11,6.14395e+20,1.51061e+09,50950.9
1.797e-08,3325.84,3.9579e+08,4.65552e+15,8.07044e+11,6.12867e+20,1.50487e+09,50630.3
1.8e-08,3315.46,3.93511e+08,4.63194e+15,8.016e+11,6.11338e+20,1.49913e+09,50309.7
1.803e-08,3305.2,3.9137e+08,4.60952e+15,7.96625e+11,6.0981e+20,1.4936e+09,50013.7
1.806e-08,3294.95,3.89229e+08,4.58709e+15,7.9165e+11,6.08282e+20,1.48807e+09,49717.7
1.809e-08,3284.69,3.87088e+08,4.56466e+15,7.86674e+11,6.06753e+20,1.48254e+09,49421.8
1.812e-08,3274.44,3.84947e+08,4.54223e+15,7.81699e+11,6.05225e+20,1.47701e+09,49125.8
1.815e-08,3264.19,3.82806e+08,4.51981e+15,7.76723e+11,6.03697e+20,1.47148e+09,48829.8
1.818e-08,3253.93,3.80665e+08,4.49738e+15,7.71748e+11,6.02168e+20,1.46595e+09,48533.8
1.821e-08,3243.68,3.78524e+08,4.47495e+15,7.66772e+11,6.0064e+20,1.46042e+09,48237.8
1.824e-08,3233.42,3.76383e+08,4.45252e+15,7.61797e+11,5.99112e+20,1.45488e+09,47941.8
1.827e-08,3223.17,3.74242e+08,4.4301e+15,7.56822e+11,5.97583e+20,1.44935e+09,47645.8
1.83e-08,3212.91,3.72101e+08,4.40767e+15,7.51846e+11,5.96055e+20,1.44382e+09,47349.8
1.833e-08,3202.66,3.6996e+08,4.38524e+15,7.46871e+11,5.94527e+20,1.43829e+09,47053.8
1.836e-08,3192.4,3.67819e+08,4.36281e+15,7.41895e+11,5.92998e+20,1.43276e+09,46757.8
1.839e-08,3182.15,3.65678e+08,4.34039e+15,7.3692e+11,5.9147e+20,1.42723e+09,46461.8
1.842e-08,3171.89,3.63537e+08,4.31796e+15,7.31944e+11,5.89942e+20,1.4217e+09,46165.8
1.845e-08,3161.64,3.61396e+08,4.29553e+15,7.26969e+11,5.88413e+20,1.41617e+09,45869.8
1.848e-08,3151.38,3.59255e+08,4.27311e+15,7.21993e+11,5.86885e+20,1.41064e+09,45573.8
1.851e-08,3141.13,3.57114e+08,4.25068e+15,7.17018e+11,5.85357e+20,1.40511e+09,45277.8
1.854e-08,3130.87,3.54973e+08,4.22825e+15,7.12042e+11,5.83828e+20,1.39958e+09,44981.8
1.857e-08,3120.62,3.52832e+08,4.20582e+15,7.07067e+11,5.823e+20,1.39405e+09,44685.9
1.86e-08,3110.36,3.50691e+08,4.1834e+15,7.02091e+11,5.80772e+20,1.38852e+09,44389.9
1.863e-08,3100.28,3.4869e+08,4.16212e+15,6.97565e+11,5.79243e+20,1.38321e+09,44117.9
1.866e-08,3090.19,3.46689e+08,4.14084e+15,6.93038e+11,5.77715e+20,1.3779e+09,43846
1.869e-08,3080.11,3.44688e+08,4.11956e+15,6.88512e+11,5.76187e+20,1.3726e+09,43574
1.872e-08,3070.02,3.42686e+08,4.09829e+15,6.83985e+11,5.74658e+20,1.36729e+09,43302.1
1.875e-08,3059.93,3.40685e+08,4.07701e+15,6.79458e+11,5.7313e+20,1.36198e+09,43030.1
1.878e-08,3049.85,3.38684e+08,4.05573e+15,6.74931e+11,5.71602e+20,1.35667e+09,42758.2
1.881e-08,3039.76,3.36683e+08,4.03446e+15,6.70405e+11,5.70073e+20,1.35136e+09,42486.2
1.884e-08,3029.67,3.34681e+08,4.01318e+15,6.65878e+11,5.68545e+20,1.34605e+09,42214.3
1.887e-08,3019.59,3.3268e+08,3.9919e+15,6.61352e+11,5.67017e+20,1.34074e+09,41942.4
1.89e-08,3009.5,3.30679e+08,3.97062e+15,6.56825e+11,5.65488e+20,1.33543e+09,41670.4
1.893e-08,2999.41,3.28678e+08,3.94935e+15,6.52298e+11,5.6396e+20,1.33013e+09,41398.5
1.896e-08,2989.33,3.26677e+08,3.92807e+15,6.47772e+11,5.62432e+20,1.32482e+09,41126.5
1.899e-08,2979.24,3.24676e+08,3.90679e+15,6.43245e+11,5.60903e+20,1.31951e+09,40854.6
1.902e-08,2969.16,3.22674e+08,3.88551e+15,6.38718e+11,5.59375e+20,1.3142e+09,40582.6
1.905e-08,2959.07,3.20673e+08,3.86424e+15,6.34192e+11,5.57847e+20,1.30889e+09,40310.7
1.908e-08,2948.98,3.18672e+08,3.84296e+15,6.29665e+11,5.56318e+20,1.30358e+09,40038.7
1.911e-08,2938.9,3.16671e+08,3.82168e+15,6.25139e+11,5.5479e+20,1.29827e+09,39766.8
1.914e-08,2928.81,3.14669e+08,3.80041e+15,6.20612e+11,5.53262e+20,1.29297e+09,39494.8
1.917e-08,2918.72,3.12668e+08,3.77913e+15,6.16085e+11,5.51733e+20,1.28766e+09,39222.9
1.92e-08,2908.64,3.10667e+08,3.75785e+15,6.11558e+11,5.50205e+20,1.28235e+09,38951
1.923e-08,2898.75,3.08806e+08,3.73772e+15,6.0746e+11,5.48677e+20,1.27727e+09,38702.3
1.926e-08,2888.87,3.06945e+08,3.7176e+15,6.03362e+11,5.47148e+20,1.27219e+09,38453.6
1.929e-08,2878.98,3.05084e+08,3.69747e+15,5.99263e+11,5.4562e+20,1.2671e+09,38204.9
1.932e-08,2869.09,3.03222e+08,3.67734e+15,5.95165e+11,5.44092e+20,1.26202e+09,37956.3
1.935e-08,2859.21,3.01361e+08,3.65722e+15,5.91067e+11,5.42563e+20,1.25694e+09,37707.6
1.938e-08,2849.32,2.995e+08,3.63709e+15,5.86968e+11,5.41035e+20,1.25186e+09,37458.9
1.941e-08,2839.44,2.97639e+08,3.61696e+15,5.8287e+11,5.39507e+20,1.24678e+09,37210.3
1.944e-08,2829.55,2.95778e+08,3.59683e+15,5.78771e+11,5.37978e+20,1.2417e+09,36961.6
1.947e-08,2819.66,2.93916e+08,3.57671e+15,5.74673e+11,5.3645e+20,1.23662e+09,36712.9
1.95e-08,2809.78,2.92055e+08,3.55658e+15,5.70575e+11,5.34922e+20,1.23154e+09,36464.2
1.953e-08,2799.89,2.90194e+08,3.53645e+15,5.66476e+11,5.33393e+20,1.22646e+09,36215.6
1.956e-08,2790,2.88333e+08,3.51632e+15,5.62378e+11,5.31865e+20,1.22137e+09,35966.9
1.959e-08,2780.12,2.86472e+08,3.4962e+15,5.5828e+11,5.30337e+20,1.21629e+09,35718.2
1.962e-08,2770.23,2.8461e+08,3.47607e+15,5.54181e+11,5.28808e+20,1.21121e+09,35469.6
1.965e-08,2760.35,2.82749e+08,3.45594e+15,5.50083e+11,5.2728e+20,1.20613e+09,35220.9
1.968e-08,2750.46,2.80888e+08,3.43582e+15,5.45984e+11,5.25752e+20,1.20105e+09,34972.2
1.971e-08,2740.57,2.79027e+08,3.41569e+15,5.41886e+11,5.24223e+20,1.19597e+09,34723.5
1.974e-08,2730.69,2.77166e+08,3.39556e+15,5.37788e+11,5.22695e+20,1.19089e+09,34474.9
1.977e-08,2720.8,2.75305e+08,3.37543e+15,5.33689e+11,5.21167e+20,1.18581e+09,34226.2
1.98e-08,2710.92,2.73443e+08,3.35531e+15,5.29591e+11,5.19638e+20,1.18073e+09,33977.5
1.983e-08,2701.25,2.71721e+08,3.33633e+15,5.25899e+11,5.1811e+20,1.17587e+09,33751.2
1.986e-08,2691.59,2.69998e+08,3.31735e+15,5.22208e+11,5.16582e+20,1.17102e+09,33524.8
1.989e-08,2681.93,2.68276e+08,3.29838e+15,5.18516e+11,5.15053e+20,1.16617e+09,33298.5
1.992e-08,2672.26,2.66553e+08,3.2794e+15,5.14825e+11,5.13525e+20,1.16132e+09,33072.2
1.995e-08,2662.6,2.64831e+08,3.26042e+15,5.11133e+11,5.11997e+20,1.15647e+09,32845.8
1.998e-08,2652.94,2.63108e+08,3.24144e+15,5.07441e+11,5.10468e+20,1.15162e+09,32619.5
2.001e-08,2643.28,2.61386e+08,3.22247e+15,5.0375e+11,5.0894e+20,1.14676e+09,32393.1
2.004e-08,2633.61,2.59663e+08,3.20349e+15,5.00058e+11,5.07412e+20,1.14191e+09,32166.8
2.007e-08,2623.95,2.5794e+08,3.18451e+15,4.96367e+11,5.05883e+20,1.13706e+09,31940.5
2.01e-08,2614.29,2.56218e+08,3.16554e+15,4.92675e+11,5.04355e+20,1.13221e+09,31714.1
2.013e-08,2604.63,2.54495e+08,3.14656e+15,4.88984e+11,5.02827e+20,1.12736e+09,31487.8
2.016e-08,2594.96,2.52773e+08,3.12758e+15,4.85292e+11,5.01298e+20,1.1225e+09,31261.4
2.019e-08,2585.3,2.5105e+08,3.10861e+15,4.81601e+11,4.9977e+20,1.11765e+09,31035.1
2.022e-08,2575.64,2.49328e+08,3.08963e+15,4.77909e+11,4.98242e+20,1.1128e+09,30808.7
2.025e-08,2565.98,2.47605e+08,3.07065e+15,4.74217e+11,4.96713e+20,1.10795e+09,30582.4
2.028e-08,2556.31,2.45883e+08,3.05167e+15,4.70526e+11,4.95185e+20,1.1031e+09,30356.1
2.031e-08,2546.65,2.4416e+08,3.0327e+15,4.66834e+11,4.93657e+20,1.09825e+09,30129.7
2.034e-08,2536.99,2.42438e+08,3.01372e+15,4.63143e+11,4.92128e+20,1.09339e+09,29903.4
2.037e-08,2527.33,2.40715e+08,2.99474e+15,4.59451e+11,4.906e+20,1.08854e+09,29677
2.04e-08,2517.66,2.38992e+08,2.97577e+15,4.5576e+11,4.89072e+20,1.08369e+09,29450.7
2.043e-08,2508.24,2.37406e+08,2.95794e+15,4.52453e+11,4.87543e+20,1.07907e+09,29245.6
2.046e-08,2498.82,2.3582e+08,2.94011e+15,4.49146e+11,4.86015e+20,1.07444e+09,29040.5
2.049e-08,2489.39,2.34233e+08,2.92228e+15,4.45839e+11,4.84487e+20,1.06982e+09,28835.5
2.052e-08,2479.97,2.32647e+08,2.90446e+15,4.42532e+11,4.82958e+20,1.06519e+09,28630.4
2.055e-08,2470.55,2.3106e+08,2.88663e+15,4.39225e+11,4.8143e+20,1.06057e+09,28425.3
2.058e-08,2461.12,2.29474e+08,2.8688e+15,4.35918e+11,4.79902e+20,1.05594e+09,28220.2
2.061e-08,2451.7,2.27887e+08,2.85098e+15,4.32611e+11,4.78373e+20,1.05132e+09,28015.2
2.064e-08,2442.28,2.26301e+08,2.83315e+15,4.29304e+11,4.76845e+20,1.0467e+09,27810.1
2.067e-08,2432.85,2.24714e+08,2.81532e+15,4.25997e+11,4.75317e+20,1.04207e+09,27605
2.07e-08,2423.43,2.23128e+08,2.7975e+15,4.2269e+11,4.73788e+20,1.03745e+09,27400
2.073e-08,2414.01,2.21541e+08,2.77967e+15,4.19384e+11,4.7226e+20,1.03282e+09,27194.9
2.076e-08,2404.58,2.19955e+08,2.76184e+15,4.16077e+11,4.70732e+20,1.0282e+09,26989.8
2.079e-08,2395.16,2.18368e+08,2.74401e+15,4.1277e+11,4.69203e+20,1.02357e+09,26784.7
2.082e-08,2385.74,2.16782e+08,2.72619e+15,4.09463e+11,4.67675e+20,1.01895e+09,26579.7
2.085e-08,2376.31,2.15195e+08,2.70836e+15,4.06156e+11,4.66147e+20,1.01432e+09,26374.6
2.088e-08,2366.89,2.13609e+08,2.69053e+15,4.02849e+11,4.64618e+20,1.0097e+09,26169.5
2.091e-08,2357.47,2.12022e+08,2.67271e+15,3.99542e+11,4.6309e+20,1.00508e+09,25964.4
2.094e-08,2348.04,2.10436e+08,2.65488e+15,3.96235e+11,4.61562e+20,1.00045e+09,25759.4
2.097e-08,2338.62,2.08849e+08,2.63705e+15,3.92928e+11,4.60033e+20,9.95827e+08,25554.3
2.1e-08,2329.19,2.07263e+08,2.61923e+15,3.89621e+11,4.58505e+20,9.91203e+08,25349.2
2.103e-08,2320.02,2.05809e+08,2.60255e+15,3.86676e+11,4.56977e+20,9.86801e+08,25164.3
2.106e-08,2310.84,2.04355e+08,2.58587e+15,3.83731e+11,4.55448e+20,9.82399e+08,24979.3
2.109e-08,2301.67,2.02901e+08,2.5692e+15,3.80787e+11,4.5392e+20,9.77997e+08,24794.4
2.112e-08,2292.49,2.01447e+08,2.55252e+15,3.77841e+11,4.52391e+20,9.73595e+08,24609.4
2.115e-08,2283.32,1.99993e+08,2.53584e+15,3.74897e+11,4.50863e+20,9.69193e+08,24424.5
2.118e-08,2274.14,1.98539e+08,2.51916e+15,3.71952e+11,4.49335e+20,9.64791e+08,24239.6
2.121e-08,2264.97,1.97085e+08,2.50249e+15,3.69007e+11,4.47806e+20,9.60389e+08,24054.6
2.124e-08,2255.79,1.95631e+08,2.48581e+15,3.66062e+11,4.46278e+20,9.55987e+08,23869.7
2.127e-08,2246.62,1.94178e+08,2.46913e+15,3.63117e+11,4.4475e+20,9.51585e+08,23684.7
2.13e-08,2237.44,1.92724e+08,2.45246e+15,3.60172e+11,4.43221e+20,9.47183e+08,23499.8
2.133e-08,2228.27,1.9127e+08,2.43578e+15,3.57227e+11,4.41693e+20,9.42781e+08,23314.9
2.136e-08,2219.09,1.89816e+08,2.4191e+15,3.54282e+11,4.40165e+20,9.38379e+08,23129.9
2.139e-08,2209.92,1.88362e+08,2.40243e+15,3.51337e+11,4.38636e+20,9.33977e+08,22945
2.142e-08,2200.74,1.86908e+08,2.38575e+15,3.48392e+11,4.37108e+20,9.29575e+08,22760
2.145e-08,2191.57,1.85454e+08,2.36907e+15,3.45447e+11,4.3558e+20,9.25173e+08,22575.1
2.148e-08,2182.39,1.84e+08,2.3524e+15,3.42502e+11,4.34051e+20,9.20771e+08,22390.1
2.151e-08,2173.22,1.82546e+08,2.33572e+15,3.39557e+11,4.32523e+20,9.16369e+08,22205.2
2.154e-08,2164.04,1.81092e+08,2.31904e+15,3.36612e+11,4.30995e+20,9.11967e+08,22020.3
2.157e-08,2154.87,1.79638e+08,2.30237e+15,3.33667e+11,4.29466e+20,9.07565e+08,21835.3
2.16e-08,2145.69,1.78184e+08,2.28569e+15,3.30722e+11,4.27938e+20,9.03163e+08,21650.4
2.163e-08,2136.77,1.76859e+08,2.27016e+15,3.28116e+11,4.2641e+20,8.98976e+08,21484.4
2.166e-08,2127.85,1.75533e+08,2.25463e+15,3.2551e+11,4.24881e+20,8.94789e+08,21318.4
2.169e-08,2118.92,1.74208e+08,2.23911e+15,3.22904e+11,4.23353e+20,8.90602e+08,21152.4
2.172e-08,2110,1.72882e+08,2.22358e+15,3.20298e+11,4.21825e+20,8.86414e+08,20986.4
2.175e-08,2101.07,1.71557e+08,2.20805e+15,3.17692e+11,4.20296e+20,8.82227e+08,20820.5
2.178e-08,2092.15,1.70231e+08,2.19253e+15,3.15086e+11,4.18768e+20,8.7804e+08,20654.5
2.181e-08,2083.23,1.68905e+08,2.177e+15,3.1248e+11,4.1724e+20,8.73853e+08,20488.5
2.184e-08,2074.3,1.6758e+08,2.16147e+15,3.09873e+11,4.15711e+20,8.69665e+08,20322.5
2.187e-08,2065.38,1.66254e+08,2.14595e+15,3.07267e+11,4.14183e+20,8.65478e+08,20156.5
2.19e-08,2056.46,1.64929e+08,2.13042e+15,3.04661e+11,4.12655e+20,8.61291e+08,19990.5
2.193e-08,2047.53,1.63603e+08,2.11489e+15,3.02055e+11,4.11126e+20,8.57104e+08,19824.5
2.196e-08,2038.61,1.62278e+08,2.09937e+15,2.99449e+11,4.09598e+20,8.52917e+08,19658.6
2.199e-08,2029.69,1.60952e+08,2.08384e+15,2.96843e+11,4.0807e+20,8.4873e+08,19492.6
2.202e-08,2020.76,1.59626e+08,2.06831e+15,2.94237e+11,4.06541e+20,8.44542e+08,19326.6
2.205e-08,2011.84,1.58301e+08,2.05279e+15,2.91631e+11,4.05013e+20,8.40355e+08,19160.6
2.208e-08,2002.91,1.56975e+08,2.03726e+15,2.89025e+11,4.03485e+20,8.36168e+08,18994.6
2.211e-08,1993.99,1.5565e+08,2.02173e+15,2.86418e+11,4.01956e+20,8.31981e+08,18828.6
2.214e-08,1985.07,1.54324e+08,2.00621e+15,2.83812e+11,4.00428e+20,8.27793e+08,18662.7
2.217e-08,1976.14,1.52999e+08,1.99068e+15,2.81206e+11,3.989e+20,8.23606e+08,18496.7
2.22e-08,1967.22,1.51673e+08,1.97515e+15,2.786e+11,3.97371e+20,8.19419e+08,18330.7
2.223e-08,1958.55,1.50471e+08,1.96078e+15,2.76309e+11,3.95843e+20,8.15437e+08,18182.5
2.226e-08,1949.87,1.49269e+08,1.9464e+15,2.74019e+11,3.94315e+20,8.11454e+08,18034.3
2.229e-08,1941.2,1.48068e+08,1.93202e+15,2.71728e+11,3.92786e+20,8.07472e+08,17886.1
2.232e-08,1932.52,1.46866e+08,1.91765e+15,2.69437e+11,3.91258e+20,8.0349e+08,17737.8
2.235e-08,1923.85,1.45664e+08,1.90327e+15,2.67147e+11,3.8973e+20,7.99508e+08,17589.6
2.238e-08,1915.18,1.44462e+08,1.88889e+15,2.64856e+11,3.88201e+20,7.95525e+08,17441.4
2.241e-08,1906.5,1.4326e+08,1.87452e+15,2.62565e+11,3.86673e+20,7.91543e+08,17293.2
2.244e-08,1897.83,1.42059e+08,1.86014e+15,2.60274e+11,3.85144e+20,7.87561e+08,17145
2.247e-08,1889.15,1.40857e+08,1.84576e+15,2.57984e+11,3.83616e+20,7.83579e+08,16996.8
2.25e-08,1880.48,1.39655e+08,1.83138e+15,2.55693e+11,3.82088e+20,7.79596e+08,16848.6
2.253e-08,1871.81,1.38453e+08,1.81701e+15,2.53402e+11,3.8056e+20,7.75614e+08,16700.4
2.256e-08,1863.13,1.37251e+08,1.80263e+15,2.51112e+11,3.79031e+20,7.71632e+08,16552.2
2.259e-08,1854.46,1.36049e+08,1.78826e+15,2.48821e+11,3.77503e+20,7.6765e+08,16404
2.262e-08,1845.78,1.34848e+08,1.77388e+15,2.4653e+11,3.75975e+20,7.63668e+08,16255.8
2.265e-08,1837.11,1.33646e+08,1.7595e+15,2.4424e+11,3.74446e+20,7.59685e+08,16107.6
2.268e-08,1828.44,1.32444e+08,1.74513e+15,2.41949e+11,3.72918e+20,7.55703e+08,15959.4
2.271e-08,1819.76,1.31242e+08,1.73075e+15,2.39658e+11,3.71389e+20,7.51721e+08,15811.2
2.274e-08,1811.09,1.3004e+08,1.71637e+15,2.37367e+11,3.69861e+20,7.47739e+08,15662.9
2.277e-08,1802.41,1.28839e+08,1.702e+15,2.35077e+11,3.68333e+20,7.43756e+08,15514.7
2.28e-08,1793.74,1.27637e+08,1.68762e+15,2.32786e+11,3.66805e+20,7.39774e+08,15366.5
2.283e-08,1785.31,1.26554e+08,1.67439e+15,2.30787e+11,3.65276e+20,7.35985e+08,15234.9
2.286e-08,1776.88,1.25471e+08,1.66117e+15,2.28788e+11,3.63748e+20,7.32196e+08,15103.3
2.289e-08,1768.45,1.24388e+08,1.64794e+15,2.26789e+11,3.62219e+20,7.28407e+08,14971.7
2.292e-08,1760.02,1.23305e+08,1.63471e+15,2.2479e+11,3.60691e+20,7.24619e+08,14840.2
2.295e-08,1751.59,1.22222e+08,1.62149e+15,2.22791e+11,3.59163e+20,7.2083e+08,14708.6
2.298e-08,1743.16,1.21139e+08,1.60826e+15,2.20792e+11,3.57634e+20,7.17041e+08,14577
2.301e-08,1734.72,1.20056e+08,1.59503e+15,2.18793e+11,3.56106e+20,7.13252e+08,14445.4
2.304e-08,1726.29,1.18973e+08,1.58181e+15,2.16794e+11,3.54578e+20,7.09463e+08,14313.8
2.307e-08,1717.86,1.1789e+08,1.56858e+15,2.14795e+11,3.53049e+20,7.05674e+08,14182.2
2.31e-08,1709.43,1.16808e+08,1.55535e+15,2.12796e+11,3.51521e+20,7.01885e+08,14050.6
2.313e-08,1701,1.15725e+08,1.54213e+15,2.10797e+11,3.49993e+20,6.98096e+08,13919
2.316e-08,1692.57,1.14642e+08,1.5289e+15,2.08798e+11,3.48464e+20,6.94307e+08,13787.4
2.319e-08,1684.14,1.13559e+08,1.51567e+15,2.06799e+11,3.46936e+20,6.90518e+08,13655.8
2.322e-08,1675.71,1.12476e+08,1.50245e+15,2.048e+11,3.45408e+20,6.8673e+08,13524.2
2.325e-08,1667.28,1.11393e+08,1.48922e+15,2.02801e+11,3.43879e+20,6.82941e+08,13392.6
2.328e-08,1658.85,1.1031e+08,1.47599e+15,2.00802e+11,3.42351e+20,6.79152e+08,13261
2.331e-08,1650.42,1.09227e+08,1.46277e+15,1.98803e+11,3.40823e+20,6.75363e+08,13129.4
2.334e-08,1641.99,1.08144e+08,1.44954e+15,1.96804e+11,3.39294e+20,6.71574e+08,12997.9
2.337e-08,1633.56,1.07061e+08,1.43631e+15,1.94805e+11,3.37766e+20,6.67785e+08,12866.3
2.34e-08,1625.13,1.05978e+08,1.42309e+15,1.92806e+11,3.36238e+20,6.63996e+08,12734.7
2.343e-08,1616.93,1.05009e+08,1.41101e+15,1.91075e+11,3.34709e+20,6.60388e+08,12618.6
2.346e-08,1608.73,1.0404e+08,1.39893e+15,1.89344e+11,3.33181e+20,6.56779e+08,12502.5
2.349e-08,1600.53,1.03071e+08,1.38686e+15,1.87612e+11,3.31653e+20,6.5317e+08,12386.4
2.352e-08,1592.34,1.02102e+08,1.37478e+15,1.85881e+11,3.30124e+20,6.49562e+08,12270.3
2.355e-08,1584.14,1.01133e+08,1.3627e+15,1.8415e+11,3.28596e+20,6.45953e+08,12154.2
2.358e-08,1575.94,1.00164e+08,1.35063e+15,1.82419e+11,3.27068e+20,6.42345e+08,12038.1
2.361e-08,1567.74,9.91955e+07,1.33855e+15,1.80688e+11,3.25539e+20,6.38736e+08,11922
2.364e-08,1559.55,9.82266e+07,1.32647e+15,1.78957e+11,3.24011e+20,6.35128e+08,11805.9
2.367e-08,1551.35,9.72576e+07,1.3144e+15,1.77225e+11,3.22482e+20,6.31519e+08,11689.8
2.37e-08,1543.15,9.62886e+07,1.30232e+15,1.75494e+11,3.20954e+20,6.2791e+08,11573.7
2.373e-08,1534.95,9.53196e+07,1.29024e+15,1.73763e+11,3.19426e+20,6.24302e+08,11457.6
2.376e-08,1526.76,9.43507e+07,1.27817e+15,1.72032e+11,3.17897e+20,6.20693e+08,11341.5
2.379e-08,1518.56,9.33817e+07,1.26609e+15,1.70301e+11,3.16369e+20,6.17085e+08,11225.4
2.382e-08,1510.36,9.24128e+07,1.25401e+15,1.6857e+11,3.14841e+20,6.13476e+08,11109.3
2.385e-08,1502.16,9.14438e+07,1.24194e+15,1.66838e+11,3.13312e+20,6.09867e+08,10993.2
2.388e-08,1493.97,9.04748e+07,1.22986e+15,1.65107e+11,3.11784e+20,6.06259e+08,10877.1
2.391e-08,1485.77,8.95058e+07,1.21778e+15,1.63376e+11,3.10256e+20,6.0265e+08,10761
2.394e-08,1477.57,8.85369e+07,1.20571e+15,1.61645e+11,3.08727e+20,5.99042e+08,10644.9
2.397e-08,1469.38,8.75679e+07,1.19363e+15,1.59914e+11,3.07199e+20,5.95433e+08,10528.8
2.4e-08,1461.18,8.6599e+07,1.18155e+15,1.58183e+11,3.05671e+20,5.91825e+08,10412.7
2.403e-08,1453.2,8.5739e+07,1.17063e+15,1.56695e+11,3.04142e+20,5.88382e+08,10311
2.406e-08,1445.22,8.48792e+07,1.1597e+15,1.55208e+11,3.02614e+20,5.8494e+08,10209.3
2.409e-08,1437.25,8.40193e+07,1.14877e+15,1.5372e+11,3.01086e+20,5.81497e+08,10107.6
2.412e-08,1429.27,8.31594e+07,1.13785e+15,1.52233e+11,2.99557e+20,5.78055e+08,10006
2.415e-08,1421.29,8.22995e+07,1.12692e+15,1.50746e+11,2.98029e+20,5.74612e+08,9904.3
2.418e-08,1413.31,8.14397e+07,1.11599e+15,1.49258e+11,2.96501e+20,5.7117e+08,9802.63
2.421e-08,1405.34,8.05798e+07,1.10507e+15,1.47771e+11,2.94972e+20,5.67727e+08,9700.95
2.424e-08,1397.36,7.972e+07,1.09414e+15,1.46283e+11,2.93444e+20,5.64285e+08,9599.28
2.427e-08,1389.38,7.886e+07,1.08321e+15,1.44796e+11,2.91916e+20,5.60842e+08,9497.61
2.43e-08,1381.41,7.80002e+07,1.07229e+15,1.43309e+11,2.90387e+20,5.574e+08,9395.94
2.433e-08,1373.43,7.71403e+07,1.06136e+15,1.41821e+11,2.88859e+20,5.53957e+08,9294.26
2.436e-08,1365.45,7.62804e+07,1.05043e+15,1.40334e+11,2.87331e+20,5.50515e+08,9192.59
2.439e-08,1357.47,7.54206e+07,1.03951e+15,1.38846e+11,2.85802e+20,5.47072e+08,9090.91
2.442e-08,1349.5,7.45607e+07,1.02858e+15,1.37359e+11,2.84274e+20,5.4363e+08,8989.24
2.445e-08,1341.52,7.37008e+07,1.01765e+15,1.35872e+11,2.82745e+20,5.40187e+08,8887.57
2.448e-08,1333.54,7.2841e+07,1.00673e+15,1.34384e+11,2.81217e+20,5.36745e+08,8785.9
2.451e-08,1325.56,7.1981e+07,9.95799e+14,1.32897e+11,2.79689e+20,5.33302e+08,8684.22
2.454e-08,1317.59,7.11212e+07,9.84873e+14,1.31409e+11,2.7816e+20,5.2986e+08,8582.55
2.457e-08,1309.61,7.02613e+07,9.73946e+14,1.29922e+11,2.76632e+20,5.26417e+08,8480.87
2.46e-08,1301.63,6.94014e+07,9.6302e+14,1.28435e+11,2.75104e+20,5.22975e+08,8379.2
2.463e-08,1293.86,6.8646e+07,9.53242e+14,1.27167e+11,2.73575e+20,5.19683e+08,8290.96
2.466e-08,1286.09,6.78905e+07,9.43465e+14,1.25899e+11,2.72047e+20,5.16392e+08,8202.71
2.469e-08,1278.31,6.7135e+07,9.33688e+14,1.24631e+11,2.70519e+20,5.131e+08,8114.46
2.472e-08,1270.54,6.63796e+07,9.23911e+14,1.23364e+11,2.6899e+20,5.09809e+08,8026.22
2.475e-08,1262.77,6.56241e+07,9.14133e+14,1.22096e+11,2.67462e+20,5.06517e+08,7937.97
2.478e-08,1254.99,6.48687e+07,9.04357e+14,1.20828e+11,2.65934e+20,5.03226e+08,7849.73
2.481e-08,1247.22,6.41132e+07,8.94579e+14,1.1956e+11,2.64405e+20,4.99934e+08,7761.48
2.484e-08,1239.45,6.33578e+07,8.84802e+14,1.18292e+11,2.62877e+20,4.96643e+08,7673.23
2.487e-08,1231.68,6.26023e+07,8.75025e+14,1.17025e+11,2.61349e+20,4.93351e+08,7584.99
2.49e-08,1223.9,6.18469e+07,8.65248e+14,1.15757e+11,2.5982e+20,4.9006e+08,7496.74
2.493e-08,1216.13,6.10914e+07,8.55471e+14,1.14489e+11,2.58292e+20,4.86769e+08,7408.49
2.496e-08,1208.36,6.03359e+07,8.45694e+14,1.13221e+11,2.56764e+20,4.83477e+08,7320.25
2.499e-08,1200.58,5.95805e+07,8.35916e+14,1.11954e+11,2.55235e+20,4.80186e+08,7232
2.502e-08,1192.81,5.8825e+07,8.26139e+14,1.10686e+11,2.53707e+20,4.76894e+08,7143.76
2.505e-08,1185.04,5.80695e+07,8.16362e+14,1.09418e+11,2.52178e+20,4.73603e+08,7055.51
2.508e-08,1177.26,5.73141e+07,8.06585e+14,1.0815e+11,2.5065e+20,4.70311e+08,6967.27
2.511e-08,1169.49,5.65586e+07,7.96808e+14,1.06883e+11,2.49122e+20,4.6702e+08,6879.02
2.514e-08,1161.72,5.58032e+07,7.87031e+14,1.05615e+11,2.47593e+20,4.63728e+08,6790.77
2.517e-08,1153.95,5.50477e+07,7.77253e+14,1.04347e+11,2.46065e+20,4.60437e+08,6702.52
2.52e-08,1146.17,5.42923e+07,7.67476e+14,1.03079e+11,2.44537e+20,4.57145e+08,6614.28
2.523e-08,1138.59,5.36368e+07,7.58848e+14,1.02007e+11,2.43008e+20,4.53989e+08,6538.53
2.526e-08,1131,5.29814e+07,7.5022e+14,1.00935e+11,2.4148e+20,4.50833e+08,6462.79
2.529e-08,1123.41,5.23259e+07,7.41591e+14,9.98621e+10,2.39952e+20,4.47676e+08,6387.04
2.532e-08,1115.82,5.16705e+07,7.32963e+14,9.87898e+10,2.38423e+20,4.4452e+08,6311.29
2.535e-08,1108.24,5.10151e+07,7.24335e+14,9.77173e+10,2.36895e+20,4.41364e+08,6235.54
2.538e-08,1100.65,5.03596e+07,7.15707e+14,9.6645e+10,2.35367e+20,4.38208e+08,6159.8
2.541e-08,1093.06,4.97042e+07,7.07078e+14,9.55726e+10,2.33838e+20,4.35051e+08,6084.05
2.544e-08,1085.48,4.90488e+07,6.9845e+14,9.45002e+10,2.3231e+20,4.31895e+08,6008.3
2.547e-08,1077.89,4.83933e+07,6.89821e+14,9.34278e+10,2.30782e+20,4.28739e+08,5932.55
2.55e-08,1070.3,4.77379e+07,6.81193e+14,9.23555e+10,2.29253e+20,4.25583e+08,5856.81
2.553e-08,1062.72,4.70824e+07,6.72565e+14,9.1283e+10,2.27725e+20,4.22427e+08,5781.06
2.556e-08,1055.13,4.6427e+07,6.63937e+14,9.02107e+10,2.26197e+20,4.1927e+08,5705.31
2.559e-08,1047.54,4.57716e+07,6.55308e+14,8.91383e+10,2.24668e+20,4.16114e+08,5629.56
2.562e-08,1039.96,4.51161e+07,6.4668e+14,8.80659e+10,2.2314e+20,4.12958e+08,5553.82
2.565e-08,1032.37,4.44607e+07,6.38051e+14,8.69935e+10,2.21612e+20,4.09802e+08,5478.07
2.568e-08,1024.78,4.38053e+07,6.29423e+14,8.59212e+10,2.20083e+20,4.06645e+08,5402.32
2.571e-08,1017.2,4.31498e+07,6.20795e+14,8.48487e+10,2.18555e+20,4.03489e+08,5326.57
2.574e-08,1009.61,4.24944e+07,6.12167e+14,8.37764e+10,2.17027e+20,4.00333e+08,5250.83
2.577e-08,1002.02,4.18389e+07,6.03538e+14,8.2704e+10,2.15498e+20,3.97177e+08,5175.08
2.58e-08,994.435,4.11835e+07,5.9491e+14,8.16316e+10,2.1397e+20,3.94021e+08,5099.33
2.583e-08,987.014,4.06241e+07,5.87429e+14,8.07303e+10,2.12441e+20,3.90983e+08,5035.22
2.586e-08,979.593,4.00646e+07,5.79948e+14,7.9829e+10,2.10913e+20,3.87946e+08,4971.11
2.589e-08,972.172,3.95052e+07,5.72466e+14,7.89277e+10,2.09385e+20,3.84909e+08,4907
2.592e-08,964.752,3.89458e+07,5.64985e+14,7.80264e+10,2.07856e+20,3.81872e+08,4842.9
2.595e-08,957.331,3.83863e+07,5.57504e+14,7.71251e+10,2.06328e+20,3.78834e+08,4778.79
2.598e-08,949.911,3.78269e+07,5.50023e+14,7.62238e+10,2.048e+20,3.75797e+08,4714.68
2.601e-08,942.49,3.72674e+07,5.42541e+14,7.53224e+10,2.03271e+20,3.7276e+08,4650.57
2.604e-08,935.069,3.6708e+07,5.3506e+14,7.44212e+10,2.01743e+20,3.69723e+08,4586.46
2.607e-08,927.648,3.61486e+07,5.27579e+14,7.35198e+10,2.00215e+20,3.66685e+08,4522.35
2.61e-08,920.228,3.55891e+07,5.20098e+14,7.26185e+10,1.98686e+20,3.63648e+08,4458.25
2.613e-08,912.807,3.50297e+07,5.12616e+14,7.17172e+10,1.97158e+20,3.60611e+08,4394.14
2.616e-08,905.386,3.44703e+07,5.05135e+14,7.08159e+10,1.9563e+20,3.57574e+08,4330.03
2.619e-08,897.965,3.39108e+07,4.97654e+14,6.99146e+10,1.94101e+20,3.54536e+08,4265.92
2.622e-08,890.545,3.33514e+07,4.90173e+14,6.90133e+10,1.92573e+20,3.51499e+08,4201.81
2.625e-08,883.124,3.27919e+07,4.82691e+14,6.8112e+10,1.91045e+20,3.48462e+08,4137.7
2.628e-08,875.704,3.22325e+07,4.7521e+14,6.72107e+10,1.89516e+20,3.45425e+08,4073.59
2.631e-08,868.283,3.16731e+07,4.67729e+14,6.63094e+10,1.87988e+20,3.42387e+08,4009.48
2.634e-08,860.862,3.11136e+07,4.60248e+14,6.54081e+10,1.8646e+20,3.3935e+08,3945.38
2.637e-08,853.441,3.05542e+07,4.52766e+14,6.45068e+10,1.84931e+20,3.36313e+08,3881.27
2.64e-08,846.021,2.99948e+07,4.45285e+14,6.36055e+10,1.83403e+20,3.33276e+08,3817.16
2.643e-08,838.745,2.95277e+07,4.38947e+14,6.28509e+10,1.81874e+20,3.30341e+08,3763.88
2.646e-08,831.469,2.90607e+07,4.32609e+14,6.20963e+10,1.80346e+20,3.27406e+08,3710.6
2.649e-08,824.193,2.85936e+07,4.2627e+14,6.13417e+10,1.78818e+20,3.24471e+08,3657.33
2.652e-08,816.917,2.81265e+07,4.19932e+14,6.05871e+10,1.77289e+20,3.21537e+08,3604.05
2.655e-08,809.641,2.76595e+07,4.13594e+14,5.98325e+10,1.75761e+20,3.18602e+08,3550.77
2.658e-08,802.365,2.71924e+07,4.07256e+14,5.90779e+10,1.74233e+20,3.15667e+08,3497.5
2.661e-08,795.089,2.67254e+07,4.00917e+14,5.83233e+10,1.72704e+20,3.12732e+08,3444.22
2.664e-08,787.813,2.62583e+07,3.94579e+14,5.75688e+10,1.71176e+20,3.09798e+08,3390.94
2.667e-08,780.537,2.57913e+07,3.88241e+14,5.68142e+10,1.69648e+20,3.06863e+08,3337.66
2.67e-08,773.262,2.53242e+07,3.81903e+14,5.60596e+10,1.68119e+20,3.03928e+08,3284.39
2.673e-08,765.986,2.48572e+07,3.75564e+14,5.5305e+10,1.66591e+20,3.00993e+08,3231.11
2.676e-08,758.71,2.43901e+07,3.69226e+14,5.45504e+10,1.65063e+20,2.98058e+08,3177.83
2.679e-08,751.434,2.3923e+07,3.62888e+14,5.37958e+10,1.63534e+20,2.95124e+08,3124.56
2.682e-08,744.158,2.3456e+07,3.5655e+14,5.30412e+10,1.62006e+20,2.92189e+08,3071.28
2.685e-08,736.882,2.29889e+07,3.50211e+14,5.22866e+10,1.60477e+20,2.89254e+08,3018
2.688e-08,729.606,2.25219e+07,3.43873e+14,5.15321e+10,1.58949e+20,2.86319e+08,2964.73
2.691e-08,722.33,2.20548e+07,3.37535e+14,5.07774e+10,1.57421e+20,2.83384e+08,2911.45
2.694e-08,715.054,2.15878e+07,3.31196e+14,5.00229e+10,1.55892e+20,2.8045e+08,2858.17
2.697e-08,707.778,2.11207e+07,3.24858e+14,4.92683e+10,1.54364e+20,2.77515e+08,2804.89
2.7e-08,700.503,2.06537e+07,3.1852e+14,4.85137e+10,1.52836e+20,2.7458e+08,2751.62
2.703e-08,693.349,2.02759e+07,3.13315e+14,4.78814e+10,1.51307e+20,2.71731e+08,2708.38
2.706e-08,686.195,1.98982e+07,3.0811e+14,4.72492e+10,1.49779e+20,2.68882e+08,2665.14
2.709e-08,679.041,1.95205e+07,3.02905e+14,4.66169e+10,1.48251e+20,2.66033e+08,2621.91
2.712e-08,671.888,1.91428e+07,2.977e+14,4.59847e+10,1.46722e+20,2.63184e+08,2578.67
2.715e-08,664.734,1.87651e+07,2.92494e+14,4.53524e+10,1.45194e+20,2.60334e+08,2535.43
2.718e-08,657.58,1.83874e+07,2.8729e+14,4.47202e+10,1.43666e+20,2.57485e+08,2492.2
2.721e-08,650.426,1.80097e+07,2.82084e+14,4.40879e+10,1.42137e+20,2.54636e+08,2448.96
2.724e-08,643.273,1.7632e+07,2.76879e+14,4.34557e+10,1.40609e+20,2.51787e+08,2405.73
2.727e-08,636.119,1.72542e+07,2.71674e+14,4.28234e+10,1.39081e+20,2.48938e+08,2362.49
2.73e-08,628.965,1.68765e+07,2.66469e+14,4.21912e+10,1.37552e+20,2.46089e+08,2319.25
2.733e-08,621.811,1.64988e+07,2.61264e+14,4.15589e+10,1.36024e+20,2.4324e+08,2276.02
2.736e-08,614.658,1.61211e+07,2.56059e+14,4.09267e+10,1.34495e+20,2.40391e+08,2232.78
2.739e-08,607.504,1.57434e+07,2.50854e+14,4.02944e+10,1.32967e+20,2.37541e+08,2189.54
2.742e-08,600.35,1.53657e+07,2.45649e+14,3.96621e+10,1.31439e+20,2.34692e+08,2146.31
2.745e-08,593.196,1.49879e+07,2.40444e+14,3.90299e+10,1.2991e+20,2.31843e+08,2103.07
2.748e-08,586.043,1.46102e+07,2.35239e+14,3.83976e+10,1.28382e+20,2.28994e+08,2059.84
2.751e-08,578.889,1.42325e+07,2.30034e+14,3.77654e+10,1.26854e+20,2.26145e+08,2016.6
2.754e-08,571.736,1.38548e+07,2.24829e+14,3.71331e+10,1.25325e+20,2.23296e+08,1973.36
2.757e-08,564.582,1.34771e+07,2.19624e+14,3.65009e+10,1.23797e+20,2.20447e+08,1930.13
2.76e-08,557.428,1.30994e+07,2.14419e+14,3.58686e+10,1.22269e+20,2.17598e+08,1886.89
2.763e-08,550.373,1.28081e+07,2.10324e+14,3.53343e+10,1.2074e+20,2.14817e+08,1852.85
2.766e-08,543.318,1.25169e+07,2.0623e+14,3.48e+10,1.19212e+20,2.12037e+08,1818.8
2.769e-08,536.263,1.22256e+07,2.02135e+14,3.42657e+10,1.17684e+20,2.09256e+08,1784.76
2.772e-08,529.208,1.19344e+07,1.9804e+14,3.37314e+10,1.16155e+20,2.06476e+08,1750.72
2.775e-08,522.153,1.16432e+07,1.93945e+14,3.3197e+10,1.14627e+20,2.03695e+08,1716.67
2.778e-08,515.098,1.13519e+07,1.89851e+14,3.26627e+10,1.13099e+20,2.00915e+08,1682.63
2.781e-08,508.043,1.10607e+07,1.85756e+14,3.21284e+10,1.1157e+20,1.98135e+08,1648.59
2.784e-08,500.988,1.07694e+07,1.81661e+14,3.15941e+10,1.10042e+20,1.95354e+08,1614.54
2.787e-08,493.933,1.04782e+07,1.77566e+14,3.10598e+10,1.08513e+20,1.92574e+08,1580.5
2.79e-08,486.878,1.0187e+07,1.73472e+14,3.05255e+10,1.06985e+20,1.89794e+08,1546.46
2.793e-08,479.823,9.89571e+06,1.69377e+14,2.99912e+10,1.05457e+20,1.87013e+08,1512.41
2.796e-08,472.768,9.60448e+06,1.65282e+14,2.94569e+10,1.03928e+20,1.84233e+08,1478.37
2.799e-08,465.713,9.31323e+06,1.61188e+14,2.89226e+10,1.024e+20,1.81452e+08,1444.33
2.802e-08,458.658,9.022e+06,1.57093e+14,2.83883e+10,1.00872e+20,1.78672e+08,1410.28
2.805e-08,451.603,8.73075e+06,1.52998e+14,2.78539e+10,9.93433e+19,1.75891e+08,1376.24
2.808e-08,444.548,8.43952e+06,1.48904e+14,2.73196e+10,9.7815e+19,1.73111e+08,1342.2
2.811e-08,437.493,8.14827e+06,1.44809e+14,2.67853e+10,9.62866e+19,1.70331e+08,1308.15
2.814e-08,430.438,7.85704e+06,1.40714e+14,2.6251e+10,9.47583e+19,1.6755e+08,1274.11
2.817e-08,423.383,7.56579e+06,1.36619e+14,2.57167e+10,9.32299e+19,1.6477e+08,1240.07
2.82e-08,416.328,7.27456e+06,1.32525e+14,2.51824e+10,9.17016e+19,1.6199e+08,1206.02
2.823e-08,409.347,7.06874e+06,1.29486e+14,2.47216e+10,9.01732e+19,1.59261e+08,1180.13
2.826e-08,402.367,6.86293e+06,1.26448e+14,2.42609e+10,8.86448e+19,1.56532e+08,1154.23
2.829e-08,395.386,6.65711e+06,1.2341e+14,2.38001e+10,8.71164e+19,1.53803e+08,1128.33
2.832e-08,388.406,6.45131e+06,1.20371e+14,2.33394e+10,8.55881e+19,1.51075e+08,1102.43
2.835e-08,381.425,6.24549e+06,1.17333e+14,2.28786e+10,8.40597e+19,1.48346e+08,1076.53
2.838e-08,374.445,6.03969e+06,1.14295e+14,2.24179e+10,8.25314e+19,1.45617e+08,1050.64
2.841e-08,367.465,5.83387e+06,1.11256e+14,2.19571e+10,8.1003e+19,1.42889e+08,1024.74
2.844e-08,360.484,5.62807e+06,1.08218e+14,2.14964e+10,7.94747e+19,1.4016e+08,998.842
2.847e-08,353.504,5.42225e+06,1.0518e+14,2.10356e+10,7.79463e+19,1.37431e+08,972.944
2.85e-08,346.523,5.21644e+06,1.02142e+14,2.05749e+10,7.6418e+19,1.34703e+08,947.047
2.853e-08,339.543,5.01063e+06,9.91031e+13,2.01141e+10,7.48896e+19,1.31974e+08,921.149
2.856e-08,332.562,4.80482e+06,9.60649e+13,1.96534e+10,7.33613e+19,1.29245e+08,895.252
2.859e-08,325.582,4.59901e+06,9.30265e+13,1.91926e+10,7.18329e+19,1.26517e+08,869.354
2.862e-08,318.602,4.3932e+06,8.99883e+13,1.87319e+10,7.03046e+19,1.23788e+08,843.457
2.865e-08,311.621,4.18738e+06,8.69499e+13,1.82711e+10,6.87762e+19,1.21059e+08,817.558
2.868e-08,304.641,3.98158e+06,8.39116e+13,1.78104e+10,6.72479e+19,1.18331e+08,791.661
2.871e-08,297.66,3.77576e+06,8.08732e+13,1.73496e+10,6.57195e+19,1.15602e+08,765.763
2.874e-08,290.68,3.56996e+06,7.7835e+13,1.68889e+10,6.41911e+19,1.12873e+08,739.866
2.877e-08,283.699,3.36414e+06,7.47966e+13,1.64281e+10,6.26627e+19,1.10144e+08,713.968
2.88e-08,276.719,3.15834e+06,7.17583e+13,1.59674e+10,6.11344e+19,1.07416e+08,688.071
2.883e-08,269.788,3.03274e+06,6.96492e+13,1.55558e+10,5.9606e+19,1.04722e+08,668.801
2.886e-08,262.858,2.90716e+06,6.75403e+13,1.51442e+10,5.80777e+19,1.02028e+08,649.534
2.889e-08,255.927,2.78157e+06,6.54312e+13,1.47327e+10,5.65493e+19,9.93335e+07,630.264
2.892e-08,248.997,2.65599e+06,6.33223e+13,1.43211e+10,5.5021e+19,9.66395e+07,610.997
2.895e-08,242.066,2.5304e+06,6.12133e+13,1.39095e+10,5.34926e+19,9.39454e+07,591.728
2.898e-08,235.136,2.40481e+06,5.91043e+13,1.3498e+10,5.19643e+19,9.12514e+07,572.46
2.901e-08,228.205,2.27922e+06,5.69953e+13,1.30864e+10,5.04359e+19,8.85572e+07,553.191
2.904e-08,221.275,2.15364e+06,5.48864e+13,1.26749e+10,4.89076e+19,8.58632e+07,533.923
2.907e-08,214.344,2.02805e+06,5.27773e+13,1.22633e+10,4.73792e+19,8.3169e+07,514.654
2.91e-08,207.414,1.90247e+06,5.06684e+13,1.18518e+10,4.58508e+19,8.0475e+07,495.386
2.913e-08,200.483,1.77688e+06,4.85593e+13,1.14402e+10,4.43224e+19,7.77809e+07,476.117
2.916e-08,193.553,1.6513e+06,4.64504e+13,1.10286e+10,4.27941e+19,7.50869e+07,456.849
2.919e-08,186.622,1.52571e+06,4.43413e+13,1.06171e+10,4.12657e+19,7.23927e+07,437.58
2.922e-08,179.692,1.40012e+06,4.22324e+13,1.02055e+10,3.97374e+19,6.96987e+07,418.312
2.925e-08,172.761,1.27453e+06,4.01233e+13,9.79394e+09,3.8209e+19,6.70045e+07,399.043
2.928e-08,165.831,1.14895e+06,3.80144e+13,9.38239e+09,3.66807e+19,6.43105e+07,379.775
2.931e-08,158.9,1.02336e+06,3.59054e+13,8.97082e+09,3.51523e+19,6.16164e+07,360.506
2.934e-08,151.97,897779,3.37964e+13,8.55927e+09,3.3624e+19,5.89224e+07,341.238
2.937e-08,145.039,772189,3.16874e+13,8.1477e+09,3.20956e+19,5.62282e+07,321.969
2.94e-08,138.109,646607,2.95785e+13,7.73615e+09,3.05673e+19,5.35342e+07,302.701
2.943e-08,131.203,614270,2.80995e+13,7.34933e+09,2.90389e+19,5.08574e+07,287.565
2.946e-08,124.298,581941,2.66206e+13,6.96254e+09,2.75105e+19,4.81808e+07,272.431
2.949e-08,117.392,549610,2.51416e+13,6.57572e+09,2.59821e+19,4.5504e+07,257.295
2.952e-08,110.487,517281,2.36627e+13,6.18892e+09,2.44538e+19,4.28274e+07,242.161
2.955e-08,103.582,484950,2.21838e+13,5.8021e+09,2.29254e+19,4.01506e+07,227.025
2.958e-08,96.6763,452621,2.07049e+13,5.41531e+09,2.13971e+19,3.74739e+07,211.89
2.961e-08,89.7706,420290,1.92259e+13,5.02849e+09,1.98687e+19,3.47972e+07,196.755
2.964e-08,82.8654,387961,1.77471e+13,4.64169e+09,1.83404e+19,3.21205e+07,181.62
2.967e-08,75.9597,355630,1.62681e+13,4.25487e+09,1.6812e+19,2.94437e+07,166.485
2.97e-08,69.0545,323301,1.47892e+13,3.86808e+09,1.52836e+19,2.67671e+07,151.35
2.973e-08,62.1488,290970,1.33102e+13,3.48126e+09,1.37552e+19,2.40903e+07,136.215
2.976e-08,55.2436,258640,1.18314e+13,3.09446e+09,1.22269e+19,2.14137e+07,121.08
2.979e-08,48.3379,226309,1.03524e+13,2.70764e+09,1.06985e+19,1.87369e+07,105.945
2.982e-08,41.4323,193978,8.87344e+12,2.32082e+09,9.17009e+18,1.60601e+07,90.8093
2.985e-08,34.527,161649,7.39456e+12,1.93403e+09,7.64177e+18,1.33835e+07,75.6747
2.988e-08,27.6218,129320,5.91568e+12,1.54723e+09,6.11345e+18,1.07068e+07,60.5401
2.991e-08,20.7165,96991.1,4.43681e+12,1.16043e+09,4.58514e+18,8.03021e+06,45.4055
2.994e-08,13.8105,64658.2,2.95775e+12,7.73592e+08,3.05664e+18,5.35326e+06,30.2692
2.997e-08,6.90524,32329.1,1.47888e+12,3.86796e+08,1.52832e+18,2.67663e+06,15.1346
3e-08,0,0,0,0,0,0,0
