"arc_length","1","2","3","4","5","6","cb"
0,0,0,0,0,0,0,0
3e-11,4.0543e+19,3.41979e+16,1.87983e+14,7.81696e+11,4.60528e+09,8.00469e+08,1.53974e+17
6e-11,8.1086e+19,6.83958e+16,3.75966e+14,1.56339e+12,9.21056e+09,1.60094e+09,3.07949e+17
9e-11,1.21629e+20,1.02594e+17,5.63949e+14,2.34509e+12,1.38158e+10,2.40141e+09,4.61923e+17
1.2e-10,1.62172e+20,1.36792e+17,7.51932e+14,3.12678e+12,1.84211e+10,3.20188e+09,6.15897e+17
1.5e-10,2.02715e+20,1.7099e+17,9.39915e+14,3.90848e+12,2.30264e+10,4.00235e+09,7.69872e+17
1.8e-10,2.43258e+20,2.05187e+17,1.1279e+15,4.69018e+12,2.76317e+10,4.80282e+09,9.23846e+17
2.1e-10,2.83801e+20,2.39385e+17,1.31588e+15,5.47187e+12,3.2237e+10,5.60329e+09,1.07782e+18
2.4e-10,3.24344e+20,2.73583e+17,1.50386e+15,6.25357e+12,3.68422e+10,6.40376e+09,1.23179e+18
2.7e-10,3.64887e+20,3.07781e+17,1.69185e+15,7.03527e+12,4.14475e+10,7.20422e+09,1.38577e+18
3e-10,4.0543e+20,3.41979e+17,1.87983e+15,7.81696e+12,4.60528e+10,8.00469e+09,1.53974e+18
3.3e-10,4.45973e+20,3.76177e+17,2.06781e+15,8.59866e+12,5.06581e+10,8.80516e+09,1.69372e+18
3.6e-10,4.86516e+20,4.10375e+17,2.2558e+15,9.38035e+12,5.52634e+10,9.60563e+09,1.84769e+18
3.9e-10,5.27059e+20,4.44573e+17,2.44378e+15,1.01621e+13,5.98686e+10,1.04061e+10,2.00167e+18
4.2e-10,5.67602e+20,4.78771e+17,2.63176e+15,1.09437e+13,6.44739e+10,1.12066e+10,2.15564e+18
4.5e-10,6.08145e+20,5.12969e+17,2.81974e+15,1.17254e+13,6.90792e+10,1.2007e+10,2.30962e+18
4.8e-10,6.48688e+20,5.47167e+17,3.00773e+15,1.25071e+13,7.36845e+10,1.28075e+10,2.46359e+18
5.1e-10,6.89231e+20,5.81365e+17,3.19571e+15,1.32888e+13,7.82897e+10,1.3608e+10,2.61756e+18
5.4e-10,7.29774e+20,6.15562e+17,3.38369e+15,1.40705e+13,8.2895e+10,1.44084e+10,2.77154e+18
5.7e-10,7.70317e+20,6.4976e+17,3.57168e+15,1.48522e+13,8.75003e+10,1.52089e+10,2.92551e+18
6e-10,8.1086e+20,6.83958e+17,3.75966e+15,1.56339e+13,9.21056e+10,1.60094e+10,3.07949e+18
6.3e-10,8.43592e+20,7.17763e+17,3.94696e+15,1.64133e+13,9.66977e+10,1.68076e+10,3.60177e+18
6.6e-10,8.76323e+20,7.51567e+17,4.13426e+15,1.71927e+13,1.0129e+11,1.76058e+10,4.12405e+18
6.9e-10,9.09055e+20,7.85372e+17,4.32157e+15,1.79721e+13,1.05882e+11,1.8404e+10,4.64632e+18
7.2e-10,9.41786e+20,8.19176e+17,4.50887e+15,1.87514e+13,1.10474e+11,1.92022e+10,5.1686e+18
7.5e-10,9.74518e+20,8.52981e+17,4.69617e+15,1.95308e+13,1.15066e+11,2.00004e+10,5.69088e+18
7.8e-10,1.00725e+21,8.86785e+17,4.88347e+15,2.03102e+13,1.19658e+11,2.07986e+10,6.21316e+18
8.1e-10,1.03998e+21,9.2059e+17,5.07077e+15,2.10896e+13,1.2425e+11,2.15967e+10,6.73544e+18
8.4e-10,1.07271e+21,9.54394e+17,5.25808e+15,2.1869e+13,1.28842e+11,2.23949e+10,7.25772e+18
8.7e-10,1.10544e+21,9.88199e+17,5.44538e+15,2.26483e+13,1.33434e+11,2.31931e+10,7.78e+18
9e-10,1.13818e+21,1.022e+18,5.63268e+15,2.34277e+13,1.38027e+11,2.39913e+10,8.30228e+18
9.3e-10,1.17091e+21,1.05581e+18,5.81998e+15,2.42071e+13,1.42619e+11,2.47895e+10,8.82456e+18
9.6e-10,1.20364e+21,1.08961e+18,6.00728e+15,2.49865e+13,1.47211e+11,2.55877e+10,9.34684e+18
9.9e-10,1.23637e+21,1.12342e+18,6.19459e+15,2.57659e+13,1.51803e+11,2.63859e+10,9.86912e+18
1.02e-09,1.2691e+21,1.15722e+18,6.38189e+15,2.65452e+13,1.56395e+11,2.71841e+10,1.03914e+19
1.05e-09,1.30183e+21,1.19103e+18,6.56919e+15,2.73246e+13,1.60987e+11,2.79823e+10,1.09137e+19
1.08e-09,1.33457e+21,1.22483e+18,6.75649e+15,2.8104e+13,1.65579e+11,2.87805e+10,1.1436e+19
1.11e-09,1.3673e+21,1.25864e+18,6.9438e+15,2.88834e+13,1.70171e+11,2.95787e+10,1.19582e+19
1.14e-09,1.40003e+21,1.29244e+18,7.1311e+15,2.96628e+13,1.74763e+11,3.03769e+10,1.24805e+19
1.17e-09,1.43276e+21,1.32624e+18,7.3184e+15,3.04421e+13,1.79356e+11,3.11751e+10,1.30028e+19
1.2e-09,1.46549e+21,1.36005e+18,7.5057e+15,3.12215e+13,1.83948e+11,3.19733e+10,1.35251e+19
1.23e-09,1.48745e+21,1.39269e+18,7.6908e+15,3.19934e+13,1.88497e+11,3.27641e+10,1.41876e+19
1.26e-09,1.50941e+21,1.42532e+18,7.87591e+15,3.27652e+13,1.93046e+11,3.35549e+10,1.48502e+19
1.29e-09,1.53137e+21,1.45796e+18,8.06101e+15,3.35371e+13,1.97596e+11,3.43457e+10,1.55127e+19
1.32e-09,1.55333e+21,1.4906e+18,8.24611e+15,3.43089e+13,2.02145e+11,3.51365e+10,1.61752e+19
1.35e-09,1.57528e+21,1.52324e+18,8.43121e+15,3.50808e+13,2.06694e+11,3.59273e+10,1.68378e+19
1.38e-09,1.59724e+21,1.55587e+18,8.61632e+15,3.58527e+13,2.11243e+11,3.67181e+10,1.75003e+19
1.41e-09,1.6192e+21,1.58851e+18,8.80142e+15,3.66245e+13,2.15793e+11,3.75089e+10,1.81629e+19
1.44e-09,1.64116e+21,1.62115e+18,8.98652e+15,3.73964e+13,2.20342e+11,3.82997e+10,1.88254e+19
1.47e-09,1.66312e+21,1.65379e+18,9.17162e+15,3.81682e+13,2.24891e+11,3.90906e+10,1.9488e+19
1.5e-09,1.68508e+21,1.68642e+18,9.35673e+15,3.89401e+13,2.29441e+11,3.98814e+10,2.01505e+19
1.53e-09,1.70703e+21,1.71906e+18,9.54183e+15,3.9712e+13,2.3399e+11,4.06722e+10,2.0813e+19
1.56e-09,1.72899e+21,1.7517e+18,9.72693e+15,4.04838e+13,2.38539e+11,4.1463e+10,2.14756e+19
1.59e-09,1.75095e+21,1.78433e+18,9.91203e+15,4.12557e+13,2.43089e+11,4.22538e+10,2.21381e+19
1.62e-09,1.77291e+21,1.81697e+18,1.00971e+16,4.20275e+13,2.47638e+11,4.30446e+10,2.28007e+19
1.65e-09,1.79487e+21,1.84961e+18,1.02822e+16,4.27994e+13,2.52187e+11,4.38354e+10,2.34632e+19
1.68e-09,1.81683e+21,1.88225e+18,1.04673e+16,4.35712e+13,2.56737e+11,4.46262e+10,2.41258e+19
1.71e-09,1.83878e+21,1.91488e+18,1.06524e+16,4.43431e+13,2.61286e+11,4.5417e+10,2.47883e+19
1.74e-09,1.86074e+21,1.94752e+18,1.08375e+16,4.5115e+13,2.65835e+11,4.62078e+10,2.54508e+19
1.77e-09,1.8827e+21,1.98016e+18,1.10226e+16,4.58868e+13,2.70385e+11,4.69986e+10,2.61134e+19
1.8e-09,1.90466e+21,2.0128e+18,1.12078e+16,4.66587e+13,2.74934e+11,4.77894e+10,2.67759e+19
1.83e-09,1.91585e+21,2.04348e+18,1.13887e+16,4.74162e+13,2.79401e+11,4.85661e+10,2.74364e+19
1.86e-09,1.92704e+21,2.07416e+18,1.15696e+16,4.81737e+13,2.83869e+11,4.93428e+10,2.80968e+19
1.89e-09,1.93823e+21,2.10484e+18,1.17506e+16,4.89312e+13,2.88336e+11,5.01195e+10,2.87573e+19
1.92e-09,1.94942e+21,2.13552e+18,1.19315e+16,4.96887e+13,2.92804e+11,5.08962e+10,2.94177e+19
1.95e-09,1.96061e+21,2.1662e+18,1.21124e+16,5.04462e+13,2.97271e+11,5.16729e+10,3.00782e+19
1.98e-09,1.9718e+21,2.19688e+18,1.22934e+16,5.12037e+13,3.01739e+11,5.24496e+10,3.07386e+19
2.01e-09,1.98299e+21,2.22756e+18,1.24743e+16,5.19611e+13,3.06207e+11,5.32263e+10,3.13991e+19
2.04e-09,1.99418e+21,2.25824e+18,1.26553e+16,5.27186e+13,3.10674e+11,5.4003e+10,3.20595e+19
2.07e-09,2.00536e+21,2.28892e+18,1.28362e+16,5.34761e+13,3.15142e+11,5.47796e+10,3.272e+19
2.1e-09,2.01655e+21,2.3196e+18,1.30171e+16,5.42336e+13,3.19609e+11,5.55563e+10,3.33804e+19
2.13e-09,2.02774e+21,2.35028e+18,1.31981e+16,5.49911e+13,3.24077e+11,5.6333e+10,3.40408e+19
2.16e-09,2.03893e+21,2.38096e+18,1.3379e+16,5.57486e+13,3.28544e+11,5.71097e+10,3.47013e+19
2.19e-09,2.05012e+21,2.41164e+18,1.356e+16,5.65061e+13,3.33012e+11,5.78864e+10,3.53617e+19
2.22e-09,2.06131e+21,2.44232e+18,1.37409e+16,5.72636e+13,3.37479e+11,5.86631e+10,3.60222e+19
2.25e-09,2.0725e+21,2.47301e+18,1.39218e+16,5.80211e+13,3.41947e+11,5.94398e+10,3.66826e+19
2.28e-09,2.08369e+21,2.50369e+18,1.41028e+16,5.87786e+13,3.46414e+11,6.02165e+10,3.73431e+19
2.31e-09,2.09488e+21,2.53437e+18,1.42837e+16,5.95361e+13,3.50882e+11,6.09931e+10,3.80035e+19
2.34e-09,2.10607e+21,2.56505e+18,1.44647e+16,6.02936e+13,3.55349e+11,6.17698e+10,3.8664e+19
2.37e-09,2.11726e+21,2.59573e+18,1.46456e+16,6.10511e+13,3.59817e+11,6.25465e+10,3.93244e+19
2.4e-09,2.12845e+21,2.62641e+18,1.48265e+16,6.18086e+13,3.64284e+11,6.33232e+10,3.99849e+19
2.43e-09,2.13184e+21,2.65462e+18,1.50014e+16,6.25449e+13,3.68631e+11,6.4079e+10,4.05499e+19
2.46e-09,2.13523e+21,2.68284e+18,1.51763e+16,6.32811e+13,3.72977e+11,6.48348e+10,4.11149e+19
2.49e-09,2.13862e+21,2.71106e+18,1.53511e+16,6.40174e+13,3.77324e+11,6.55906e+10,4.168e+19
2.52e-09,2.14201e+21,2.73927e+18,1.5526e+16,6.47537e+13,3.8167e+11,6.63463e+10,4.2245e+19
2.55e-09,2.1454e+21,2.76749e+18,1.57009e+16,6.54899e+13,3.86017e+11,6.71021e+10,4.28101e+19
2.58e-09,2.14879e+21,2.7957e+18,1.58757e+16,6.62262e+13,3.90363e+11,6.78579e+10,4.33751e+19
2.61e-09,2.15218e+21,2.82392e+18,1.60506e+16,6.69625e+13,3.9471e+11,6.86137e+10,4.39401e+19
2.64e-09,2.15557e+21,2.85213e+18,1.62255e+16,6.76987e+13,3.99056e+11,6.93695e+10,4.45052e+19
2.67e-09,2.15896e+21,2.88035e+18,1.64003e+16,6.8435e+13,4.03403e+11,7.01253e+10,4.50702e+19
2.7e-09,2.16235e+21,2.90856e+18,1.65752e+16,6.91713e+13,4.07749e+11,7.08811e+10,4.56353e+19
2.73e-09,2.16574e+21,2.93678e+18,1.67501e+16,6.99075e+13,4.12096e+11,7.16368e+10,4.62003e+19
2.76e-09,2.16913e+21,2.96499e+18,1.69249e+16,7.06438e+13,4.16442e+11,7.23926e+10,4.67654e+19
2.79e-09,2.17252e+21,2.99321e+18,1.70998e+16,7.13801e+13,4.20788e+11,7.31484e+10,4.73304e+19
2.82e-09,2.17591e+21,3.02142e+18,1.72747e+16,7.21163e+13,4.25135e+11,7.39042e+10,4.78954e+19
2.85e-09,2.1793e+21,3.04964e+18,1.74495e+16,7.28526e+13,4.29481e+11,7.466e+10,4.84605e+19
2.88e-09,2.18269e+21,3.07786e+18,1.76244e+16,7.35889e+13,4.33828e+11,7.54157e+10,4.90255e+19
2.91e-09,2.18608e+21,3.10607e+18,1.77993e+16,7.43251e+13,4.38174e+11,7.61715e+10,4.95905e+19
2.94e-09,2.18947e+21,3.13429e+18,1.79742e+16,7.50614e+13,4.42521e+11,7.69273e+10,5.01556e+19
2.97e-09,2.19286e+21,3.1625e+18,1.8149e+16,7.57977e+13,4.46867e+11,7.76831e+10,5.07206e+19
3e-09,2.19625e+21,3.19072e+18,1.83239e+16,7.65339e+13,4.51214e+11,7.84389e+10,5.12857e+19
3.03e-09,2.19555e+21,3.21628e+18,1.84911e+16,7.7243e+13,4.55405e+11,7.91679e+10,5.17494e+19
3.06e-09,2.19484e+21,3.24184e+18,1.86583e+16,7.79521e+13,4.59596e+11,7.98968e+10,5.22131e+19
3.09e-09,2.19414e+21,3.2674e+18,1.88256e+16,7.86612e+13,4.63788e+11,8.06258e+10,5.26768e+19
3.12e-09,2.19344e+21,3.29296e+18,1.89928e+16,7.93703e+13,4.67979e+11,8.13548e+10,5.31406e+19
3.15e-09,2.19274e+21,3.31852e+18,1.916e+16,8.00794e+13,4.7217e+11,8.20837e+10,5.36043e+19
3.18e-09,2.19204e+21,3.34409e+18,1.93272e+16,8.07885e+13,4.76361e+11,8.28127e+10,5.4068e+19
3.21e-09,2.19134e+21,3.36965e+18,1.94945e+16,8.14976e+13,4.80553e+11,8.35417e+10,5.45317e+19
3.24e-09,2.19064e+21,3.39521e+18,1.96617e+16,8.22067e+13,4.84744e+11,8.42707e+10,5.49954e+19
3.27e-09,2.18994e+21,3.42077e+18,1.98289e+16,8.29158e+13,4.88935e+11,8.49996e+10,5.54592e+19
3.3e-09,2.18924e+21,3.44633e+18,1.99961e+16,8.36249e+13,4.93126e+11,8.57286e+10,5.59229e+19
3.33e-09,2.18854e+21,3.47189e+18,2.01634e+16,8.4334e+13,4.97318e+11,8.64576e+10,5.63866e+19
3.36e-09,2.18784e+21,3.49745e+18,2.03306e+16,8.50431e+13,5.01509e+11,8.71866e+10,5.68503e+19
3.39e-09,2.18714e+21,3.52301e+18,2.04978e+16,8.57522e+13,5.057e+11,8.79155e+10,5.73141e+19
3.42e-09,2.18643e+21,3.54858e+18,2.06651e+16,8.64613e+13,5.09891e+11,8.86445e+10,5.77778e+19
3.45e-09,2.18573e+21,3.57414e+18,2.08323e+16,8.71704e+13,5.14083e+11,8.93735e+10,5.82415e+19
3.48e-09,2.18503e+21,3.5997e+18,2.09995e+16,8.78795e+13,5.18274e+11,9.01025e+10,5.87052e+19
3.51e-09,2.18433e+21,3.62526e+18,2.11667e+16,8.85886e+13,5.22465e+11,9.08314e+10,5.91689e+19
3.54e-09,2.18363e+21,3.65082e+18,2.1334e+16,8.92977e+13,5.26656e+11,9.15604e+10,5.96327e+19
3.57e-09,2.18293e+21,3.67638e+18,2.15012e+16,9.00068e+13,5.30848e+11,9.22894e+10,6.00964e+19
3.6e-09,2.18223e+21,3.70194e+18,2.16684e+16,9.07159e+13,5.35039e+11,9.30183e+10,6.05601e+19
3.63e-09,2.17998e+21,3.72487e+18,2.18268e+16,9.1393e+13,5.39047e+11,9.37156e+10,6.0948e+19
3.66e-09,2.17773e+21,3.74779e+18,2.19852e+16,9.207e+13,5.43055e+11,9.44129e+10,6.13359e+19
3.69e-09,2.17548e+21,3.77071e+18,2.21436e+16,9.27471e+13,5.47062e+11,9.51102e+10,6.17238e+19
3.72e-09,2.17324e+21,3.79363e+18,2.23019e+16,9.34242e+13,5.5107e+11,9.58075e+10,6.21118e+19
3.75e-09,2.17099e+21,3.81655e+18,2.24603e+16,9.41013e+13,5.55078e+11,9.65048e+10,6.24997e+19
3.78e-09,2.16874e+21,3.83947e+18,2.26187e+16,9.47783e+13,5.59086e+11,9.72021e+10,6.28876e+19
3.81e-09,2.16649e+21,3.86239e+18,2.27771e+16,9.54554e+13,5.63094e+11,9.78993e+10,6.32755e+19
3.84e-09,2.16424e+21,3.88531e+18,2.29355e+16,9.61325e+13,5.67102e+11,9.85966e+10,6.36634e+19
3.87e-09,2.16199e+21,3.90823e+18,2.30939e+16,9.68095e+13,5.7111e+11,9.92939e+10,6.40513e+19
3.9e-09,2.15974e+21,3.93116e+18,2.32523e+16,9.74866e+13,5.75118e+11,9.99912e+10,6.44392e+19
3.93e-09,2.15749e+21,3.95408e+18,2.34106e+16,9.81637e+13,5.79125e+11,1.00688e+11,6.48271e+19
3.96e-09,2.15525e+21,3.977e+18,2.3569e+16,9.88408e+13,5.83133e+11,1.01386e+11,6.52151e+19
3.99e-09,2.153e+21,3.99992e+18,2.37274e+16,9.95178e+13,5.87141e+11,1.02083e+11,6.5603e+19
4.02e-09,2.15075e+21,4.02284e+18,2.38858e+16,1.00195e+14,5.91149e+11,1.0278e+11,6.59909e+19
4.05e-09,2.1485e+21,4.04576e+18,2.40442e+16,1.00872e+14,5.95157e+11,1.03478e+11,6.63788e+19
4.08e-09,2.14625e+21,4.06868e+18,2.42026e+16,1.01549e+14,5.99165e+11,1.04175e+11,6.67667e+19
4.11e-09,2.144e+21,4.0916e+18,2.4361e+16,1.02226e+14,6.03173e+11,1.04872e+11,6.71546e+19
4.14e-09,2.14175e+21,4.11453e+18,2.45193e+16,1.02903e+14,6.07181e+11,1.05569e+11,6.75425e+19
4.17e-09,2.13951e+21,4.13745e+18,2.46777e+16,1.0358e+14,6.11188e+11,1.06267e+11,6.79305e+19
4.2e-09,2.13726e+21,4.16037e+18,2.48361e+16,1.04257e+14,6.15196e+11,1.06964e+11,6.83184e+19
4.23e-09,2.1346e+21,4.18075e+18,2.49847e+16,1.04898e+14,6.18997e+11,1.07626e+11,6.86512e+19
4.26e-09,2.13193e+21,4.20113e+18,2.51334e+16,1.05539e+14,6.22799e+11,1.08287e+11,6.89839e+19
4.29e-09,2.12927e+21,4.22151e+18,2.5282e+16,1.06181e+14,6.266e+11,1.08949e+11,6.93167e+19
4.32e-09,2.12661e+21,4.24189e+18,2.54307e+16,1.06822e+14,6.30401e+11,1.0961e+11,6.96495e+19
4.35e-09,2.12395e+21,4.26227e+18,2.55793e+16,1.07463e+14,6.34202e+11,1.10272e+11,6.99823e+19
4.38e-09,2.12129e+21,4.28265e+18,2.57279e+16,1.08104e+14,6.38003e+11,1.10933e+11,7.03151e+19
4.41e-09,2.11862e+21,4.30303e+18,2.58766e+16,1.08745e+14,6.41804e+11,1.11595e+11,7.06479e+19
4.44e-09,2.11596e+21,4.32341e+18,2.60252e+16,1.09386e+14,6.45605e+11,1.12256e+11,7.09807e+19
4.47e-09,2.1133e+21,4.34379e+18,2.61738e+16,1.10027e+14,6.49407e+11,1.12918e+11,7.13135e+19
4.5e-09,2.11064e+21,4.36417e+18,2.63225e+16,1.10668e+14,6.53208e+11,1.13579e+11,7.16463e+19
4.53e-09,2.10798e+21,4.38455e+18,2.64711e+16,1.11309e+14,6.57009e+11,1.14241e+11,7.19791e+19
4.56e-09,2.10532e+21,4.40493e+18,2.66197e+16,1.1195e+14,6.6081e+11,1.14903e+11,7.23119e+19
4.59e-09,2.10265e+21,4.42531e+18,2.67684e+16,1.12591e+14,6.64611e+11,1.15564e+11,7.26447e+19
4.62e-09,2.09999e+21,4.44569e+18,2.6917e+16,1.13232e+14,6.68412e+11,1.16226e+11,7.29775e+19
4.65e-09,2.09733e+21,4.46607e+18,2.70656e+16,1.13873e+14,6.72213e+11,1.16887e+11,7.33103e+19
4.68e-09,2.09467e+21,4.48645e+18,2.72143e+16,1.14514e+14,6.76014e+11,1.17549e+11,7.3643e+19
4.71e-09,2.09201e+21,4.50683e+18,2.73629e+16,1.15155e+14,6.79816e+11,1.1821e+11,7.39758e+19
4.74e-09,2.08934e+21,4.52721e+18,2.75116e+16,1.15797e+14,6.83617e+11,1.18872e+11,7.43086e+19
4.77e-09,2.08668e+21,4.5476e+18,2.76602e+16,1.16438e+14,6.87418e+11,1.19533e+11,7.46414e+19
4.8e-09,2.08402e+21,4.56798e+18,2.78088e+16,1.17079e+14,6.91219e+11,1.20195e+11,7.49742e+19
4.83e-09,2.08129e+21,4.58594e+18,2.7947e+16,1.1768e+14,6.94794e+11,1.20817e+11,7.52603e+19
4.86e-09,2.07857e+21,4.6039e+18,2.80852e+16,1.18282e+14,6.98368e+11,1.2144e+11,7.55465e+19
4.89e-09,2.07584e+21,4.62186e+18,2.82234e+16,1.18884e+14,7.01943e+11,1.22062e+11,7.58326e+19
4.92e-09,2.07311e+21,4.63982e+18,2.83616e+16,1.19486e+14,7.05517e+11,1.22684e+11,7.61187e+19
4.95e-09,2.07038e+21,4.65779e+18,2.84998e+16,1.20087e+14,7.09092e+11,1.23307e+11,7.64049e+19
4.98e-09,2.06766e+21,4.67575e+18,2.8638e+16,1.20689e+14,7.12667e+11,1.23929e+11,7.6691e+19
5.01e-09,2.06493e+21,4.69371e+18,2.87762e+16,1.21291e+14,7.16241e+11,1.24551e+11,7.69771e+19
5.04e-09,2.0622e+21,4.71167e+18,2.89144e+16,1.21892e+14,7.19816e+11,1.25174e+11,7.72633e+19
5.07e-09,2.05947e+21,4.72964e+18,2.90525e+16,1.22494e+14,7.2339e+11,1.25796e+11,7.75494e+19
5.1e-09,2.05675e+21,4.7476e+18,2.91907e+16,1.23096e+14,7.26965e+11,1.26418e+11,7.78355e+19
5.13e-09,2.05402e+21,4.76556e+18,2.93289e+16,1.23698e+14,7.3054e+11,1.27041e+11,7.81217e+19
5.16e-09,2.05129e+21,4.78352e+18,2.94671e+16,1.24299e+14,7.34114e+11,1.27663e+11,7.84078e+19
5.19e-09,2.04856e+21,4.80149e+18,2.96053e+16,1.24901e+14,7.37689e+11,1.28286e+11,7.86939e+19
5.22e-09,2.04584e+21,4.81945e+18,2.97435e+16,1.25503e+14,7.41263e+11,1.28908e+11,7.89801e+19
5.25e-09,2.04311e+21,4.83741e+18,2.98817e+16,1.26105e+14,7.44838e+11,1.2953e+11,7.92662e+19
5.28e-09,2.04038e+21,4.85537e+18,3.00199e+16,1.26706e+14,7.48413e+11,1.30153e+11,7.95523e+19
5.31e-09,2.03765e+21,4.87334e+18,3.01581e+16,1.27308e+14,7.51987e+11,1.30775e+11,7.98385e+19
5.34e-09,2.03493e+21,4.8913e+18,3.02963e+16,1.2791e+14,7.55562e+11,1.31397e+11,8.01246e+19
5.37e-09,2.0322e+21,4.90926e+18,3.04345e+16,1.28511e+14,7.59137e+11,1.3202e+11,8.04107e+19
5.4e-09,2.02947e+21,4.92722e+18,3.05726e+16,1.29113e+14,7.62711e+11,1.32642e+11,8.06969e+19
5.43e-09,2.02675e+21,4.94289e+18,3.06999e+16,1.29673e+14,7.66042e+11,1.33222e+11,8.09388e+19
5.46e-09,2.02403e+21,4.95856e+18,3.08271e+16,1.30232e+14,7.69374e+11,1.33803e+11,8.11808e+19
5.49e-09,2.02132e+21,4.97423e+18,3.09543e+16,1.30792e+14,7.72705e+11,1.34383e+11,8.14227e+19
5.52e-09,2.0186e+21,4.9899e+18,3.10815e+16,1.31352e+14,7.76036e+11,1.34963e+11,8.16647e+19
5.55e-09,2.01588e+21,5.00557e+18,3.12087e+16,1.31911e+14,7.79368e+11,1.35543e+11,8.19066e+19
5.58e-09,2.01316e+21,5.02124e+18,3.13359e+16,1.32471e+14,7.82699e+11,1.36124e+11,8.21486e+19
5.61e-09,2.01044e+21,5.03691e+18,3.14632e+16,1.3303e+14,7.8603e+11,1.36704e+11,8.23905e+19
5.64e-09,2.00772e+21,5.05257e+18,3.15904e+16,1.3359e+14,7.89361e+11,1.37284e+11,8.26325e+19
5.67e-09,2.00501e+21,5.06824e+18,3.17176e+16,1.3415e+14,7.92693e+11,1.37864e+11,8.28744e+19
5.7e-09,2.00229e+21,5.08391e+18,3.18448e+16,1.34709e+14,7.96024e+11,1.38445e+11,8.31164e+19
5.73e-09,1.99957e+21,5.09958e+18,3.1972e+16,1.35269e+14,7.99355e+11,1.39025e+11,8.33583e+19
5.76e-09,1.99685e+21,5.11525e+18,3.20992e+16,1.35828e+14,8.02687e+11,1.39605e+11,8.36003e+19
5.79e-09,1.99413e+21,5.13092e+18,3.22264e+16,1.36388e+14,8.06018e+11,1.40185e+11,8.38422e+19
5.82e-09,1.99141e+21,5.14659e+18,3.23537e+16,1.36948e+14,8.09349e+11,1.40766e+11,8.40842e+19
5.85e-09,1.98869e+21,5.16226e+18,3.24809e+16,1.37507e+14,8.1268e+11,1.41346e+11,8.43261e+19
5.88e-09,1.98598e+21,5.17793e+18,3.26081e+16,1.38067e+14,8.16012e+11,1.41926e+11,8.45681e+19
5.91e-09,1.98326e+21,5.1936e+18,3.27353e+16,1.38626e+14,8.19343e+11,1.42506e+11,8.481e+19
5.94e-09,1.98054e+21,5.20927e+18,3.28625e+16,1.39186e+14,8.22674e+11,1.43087e+11,8.5052e+19
5.97e-09,1.97782e+21,5.22493e+18,3.29897e+16,1.39746e+14,8.26006e+11,1.43667e+11,8.52939e+19
6e-09,1.9751e+21,5.2406e+18,3.3117e+16,1.40305e+14,8.29337e+11,1.44247e+11,8.55359e+19
6.03e-09,1.97241e+21,5.2541e+18,3.32328e+16,1.4082e+14,8.32411e+11,1.44783e+11,8.57346e+19
6.06e-09,1.96971e+21,5.2676e+18,3.33487e+16,1.41336e+14,8.35485e+11,1.45318e+11,8.59334e+19
6.09e-09,1.96701e+21,5.2811e+18,3.34645e+16,1.41851e+14,8.38559e+11,1.45854e+11,8.61322e+19
6.12e-09,1.96431e+21,5.29459e+18,3.35804e+16,1.42366e+14,8.41633e+11,1.4639e+11,8.6331e+19
6.15e-09,1.96161e+21,5.30809e+18,3.36962e+16,1.42881e+14,8.44707e+11,1.46926e+11,8.65298e+19
6.18e-09,1.95892e+21,5.32159e+18,3.38121e+16,1.43396e+14,8.47781e+11,1.47461e+11,8.67285e+19
6.21e-09,1.95622e+21,5.33508e+18,3.39279e+16,1.43912e+14,8.50855e+11,1.47997e+11,8.69273e+19
6.24e-09,1.95352e+21,5.34858e+18,3.40438e+16,1.44427e+14,8.53929e+11,1.48533e+11,8.71261e+19
6.27e-09,1.95082e+21,5.36208e+18,3.41596e+16,1.44942e+14,8.57002e+11,1.49068e+11,8.73249e+19
6.3e-09,1.94812e+21,5.37558e+18,3.42755e+16,1.45457e+14,8.60076e+11,1.49604e+11,8.75236e+19
6.33e-09,1.94543e+21,5.38907e+18,3.43913e+16,1.45972e+14,8.6315e+11,1.5014e+11,8.77224e+19
6.36e-09,1.94273e+21,5.40257e+18,3.45072e+16,1.46487e+14,8.66224e+11,1.50675e+11,8.79212e+19
6.39e-09,1.94003e+21,5.41607e+18,3.46231e+16,1.47003e+14,8.69298e+11,1.51211e+11,8.812e+19
6.42e-09,1.93733e+21,5.42957e+18,3.47389e+16,1.47518e+14,8.72372e+11,1.51747e+11,8.83188e+19
6.45e-09,1.93464e+21,5.44306e+18,3.48548e+16,1.48033e+14,8.75446e+11,1.52282e+11,8.85175e+19
6.48e-09,1.93194e+21,5.45656e+18,3.49706e+16,1.48548e+14,8.7852e+11,1.52818e+11,8.87163e+19
6.51e-09,1.92924e+21,5.47006e+18,3.50865e+16,1.49063e+14,8.81594e+11,1.53354e+11,8.89151e+19
6.54e-09,1.92654e+21,5.48356e+18,3.52023e+16,1.49579e+14,8.84668e+11,1.53889e+11,8.91139e+19
6.57e-09,1.92384e+21,5.49705e+18,3.53182e+16,1.50094e+14,8.87742e+11,1.54425e+11,8.93126e+19
6.6e-09,1.92115e+21,5.51055e+18,3.5434e+16,1.50609e+14,8.90816e+11,1.54961e+11,8.95114e+19
6.63e-09,1.91847e+21,5.52199e+18,3.55383e+16,1.51078e+14,8.93621e+11,1.5545e+11,8.96681e+19
6.66e-09,1.91579e+21,5.53344e+18,3.56425e+16,1.51547e+14,8.96426e+11,1.55939e+11,8.98247e+19
6.69e-09,1.91312e+21,5.54488e+18,3.57467e+16,1.52016e+14,8.99232e+11,1.56428e+11,8.99814e+19
6.72e-09,1.91044e+21,5.55632e+18,3.5851e+16,1.52485e+14,9.02037e+11,1.56917e+11,9.0138e+19
6.75e-09,1.90777e+21,5.56776e+18,3.59552e+16,1.52954e+14,9.04842e+11,1.57406e+11,9.02947e+19
6.78e-09,1.90509e+21,5.57921e+18,3.60594e+16,1.53423e+14,9.07647e+11,1.57896e+11,9.04513e+19
6.81e-09,1.90242e+21,5.59065e+18,3.61636e+16,1.53892e+14,9.10452e+11,1.58385e+11,9.0608e+19
6.84e-09,1.89974e+21,5.60209e+18,3.62679e+16,1.54361e+14,9.13258e+11,1.58874e+11,9.07646e+19
6.87e-09,1.89706e+21,5.61354e+18,3.63721e+16,1.5483e+14,9.16063e+11,1.59363e+11,9.09213e+19
6.9e-09,1.89439e+21,5.62498e+18,3.64763e+16,1.55299e+14,9.18868e+11,1.59852e+11,9.10779e+19
6.93e-09,1.89171e+21,5.63642e+18,3.65806e+16,1.55768e+14,9.21673e+11,1.60341e+11,9.12346e+19
6.96e-09,1.88904e+21,5.64786e+18,3.66848e+16,1.56237e+14,9.24479e+11,1.6083e+11,9.13913e+19
6.99e-09,1.88636e+21,5.65931e+18,3.6789e+16,1.56706e+14,9.27284e+11,1.61319e+11,9.15479e+19
7.02e-09,1.88368e+21,5.67075e+18,3.68933e+16,1.57174e+14,9.30089e+11,1.61809e+11,9.17046e+19
7.05e-09,1.88101e+21,5.68219e+18,3.69975e+16,1.57643e+14,9.32894e+11,1.62298e+11,9.18612e+19
7.08e-09,1.87833e+21,5.69364e+18,3.71017e+16,1.58112e+14,9.35699e+11,1.62787e+11,9.20179e+19
7.11e-09,1.87566e+21,5.70508e+18,3.7206e+16,1.58581e+14,9.38505e+11,1.63276e+11,9.21745e+19
7.14e-09,1.87298e+21,5.71652e+18,3.73102e+16,1.5905e+14,9.4131e+11,1.63765e+11,9.23312e+19
7.17e-09,1.8703e+21,5.72797e+18,3.74144e+16,1.59519e+14,9.44115e+11,1.64254e+11,9.24878e+19
7.2e-09,1.86763e+21,5.73941e+18,3.75187e+16,1.59988e+14,9.4692e+11,1.64743e+11,9.26445e+19
7.23e-09,1.86497e+21,5.74891e+18,3.76111e+16,1.6041e+14,9.49448e+11,1.65184e+11,9.27604e+19
7.26e-09,1.86232e+21,5.75841e+18,3.77036e+16,1.60831e+14,9.51976e+11,1.65625e+11,9.28762e+19
7.29e-09,1.85966e+21,5.76791e+18,3.7796e+16,1.61252e+14,9.54503e+11,1.66066e+11,9.29921e+19
7.32e-09,1.85701e+21,5.77742e+18,3.78885e+16,1.61674e+14,9.57031e+11,1.66507e+11,9.3108e+19
7.35e-09,1.85436e+21,5.78692e+18,3.7981e+16,1.62095e+14,9.59559e+11,1.66948e+11,9.32238e+19
7.38e-09,1.8517e+21,5.79642e+18,3.80734e+16,1.62517e+14,9.62087e+11,1.67389e+11,9.33397e+19
7.41e-09,1.84905e+21,5.80592e+18,3.81659e+16,1.62938e+14,9.64614e+11,1.6783e+11,9.34556e+19
7.44e-09,1.84639e+21,5.81542e+18,3.82584e+16,1.63359e+14,9.67142e+11,1.68271e+11,9.35714e+19
7.47e-09,1.84374e+21,5.82492e+18,3.83508e+16,1.63781e+14,9.6967e+11,1.68712e+11,9.36873e+19
7.5e-09,1.84108e+21,5.83443e+18,3.84433e+16,1.64202e+14,9.72197e+11,1.69153e+11,9.38032e+19
7.53e-09,1.83843e+21,5.84393e+18,3.85358e+16,1.64623e+14,9.74725e+11,1.69594e+11,9.39191e+19
7.56e-09,1.83578e+21,5.85343e+18,3.86282e+16,1.65045e+14,9.77253e+11,1.70035e+11,9.40349e+19
7.59e-09,1.83312e+21,5.86293e+18,3.87207e+16,1.65466e+14,9.7978e+11,1.70476e+11,9.41508e+19
7.62e-09,1.83047e+21,5.87243e+18,3.88131e+16,1.65888e+14,9.82308e+11,1.70917e+11,9.42667e+19
7.65e-09,1.82781e+21,5.88193e+18,3.89056e+16,1.66309e+14,9.84836e+11,1.71358e+11,9.43825e+19
7.68e-09,1.82516e+21,5.89144e+18,3.89981e+16,1.6673e+14,9.87363e+11,1.71799e+11,9.44984e+19
7.71e-09,1.8225e+21,5.90094e+18,3.90905e+16,1.67152e+14,9.89891e+11,1.7224e+11,9.46143e+19
7.74e-09,1.81985e+21,5.91044e+18,3.9183e+16,1.67573e+14,9.92419e+11,1.72681e+11,9.47301e+19
7.77e-09,1.81719e+21,5.91994e+18,3.92755e+16,1.67994e+14,9.94947e+11,1.73122e+11,9.4846e+19
7.8e-09,1.81454e+21,5.92944e+18,3.93679e+16,1.68416e+14,9.97474e+11,1.73563e+11,9.49619e+19
7.83e-09,1.81191e+21,5.93711e+18,3.94486e+16,1.68789e+14,9.99718e+11,1.73955e+11,9.50386e+19
7.86e-09,1.80927e+21,5.94478e+18,3.95292e+16,1.69162e+14,1.00196e+12,1.74347e+11,9.51153e+19
7.89e-09,1.80664e+21,5.95245e+18,3.96099e+16,1.69534e+14,1.00421e+12,1.74739e+11,9.51921e+19
7.92e-09,1.80401e+21,5.96012e+18,3.96905e+16,1.69907e+14,1.00645e+12,1.7513e+11,9.52688e+19
7.95e-09,1.80137e+21,5.96779e+18,3.97712e+16,1.7028e+14,1.00869e+12,1.75522e+11,9.53455e+19
7.98e-09,1.79874e+21,5.97546e+18,3.98518e+16,1.70653e+14,1.01094e+12,1.75914e+11,9.54223e+19
8.01e-09,1.79611e+21,5.98313e+18,3.99325e+16,1.71026e+14,1.01318e+12,1.76306e+11,9.5499e+19
8.04e-09,1.79347e+21,5.9908e+18,4.00131e+16,1.71399e+14,1.01543e+12,1.76697e+11,9.55757e+19
8.07e-09,1.79084e+21,5.99847e+18,4.00938e+16,1.71772e+14,1.01767e+12,1.77089e+11,9.56524e+19
8.1e-09,1.78821e+21,6.00614e+18,4.01744e+16,1.72144e+14,1.01991e+12,1.77481e+11,9.57292e+19
8.13e-09,1.78558e+21,6.01381e+18,4.02551e+16,1.72517e+14,1.02216e+12,1.77873e+11,9.58059e+19
8.16e-09,1.78294e+21,6.02148e+18,4.03357e+16,1.7289e+14,1.0244e+12,1.78264e+11,9.58826e+19
8.19e-09,1.78031e+21,6.02915e+18,4.04164e+16,1.73263e+14,1.02664e+12,1.78656e+11,9.59593e+19
8.22e-09,1.77768e+21,6.03682e+18,4.0497e+16,1.73636e+14,1.02889e+12,1.79048e+11,9.60361e+19
8.25e-09,1.77504e+21,6.04448e+18,4.05777e+16,1.74009e+14,1.03113e+12,1.7944e+11,9.61128e+19
8.28e-09,1.77241e+21,6.05215e+18,4.06583e+16,1.74382e+14,1.03338e+12,1.79832e+11,9.61895e+19
8.31e-09,1.76978e+21,6.05982e+18,4.0739e+16,1.74754e+14,1.03562e+12,1.80223e+11,9.62663e+19
8.34e-09,1.76714e+21,6.06749e+18,4.08196e+16,1.75127e+14,1.03786e+12,1.80615e+11,9.6343e+19
8.37e-09,1.76451e+21,6.07516e+18,4.09003e+16,1.755e+14,1.04011e+12,1.81007e+11,9.64197e+19
8.4e-09,1.76188e+21,6.08283e+18,4.09809e+16,1.75873e+14,1.04235e+12,1.81399e+11,9.64964e+19
8.43e-09,1.75926e+21,6.08877e+18,4.10498e+16,1.76197e+14,1.04431e+12,1.8174e+11,9.65359e+19
8.46e-09,1.75665e+21,6.09472e+18,4.11187e+16,1.76521e+14,1.04626e+12,1.82082e+11,9.65754e+19
8.49e-09,1.75404e+21,6.10066e+18,4.11876e+16,1.76845e+14,1.04822e+12,1.82424e+11,9.66149e+19
8.52e-09,1.75143e+21,6.1066e+18,4.12565e+16,1.77168e+14,1.05018e+12,1.82766e+11,9.66544e+19
8.55e-09,1.74881e+21,6.11254e+18,4.13253e+16,1.77492e+14,1.05213e+12,1.83107e+11,9.66939e+19
8.58e-09,1.7462e+21,6.11849e+18,4.13942e+16,1.77816e+14,1.05409e+12,1.83449e+11,9.67333e+19
8.61e-09,1.74359e+21,6.12443e+18,4.14631e+16,1.7814e+14,1.05604e+12,1.83791e+11,9.67728e+19
8.64e-09,1.74098e+21,6.13037e+18,4.1532e+16,1.78464e+14,1.058e+12,1.84133e+11,9.68123e+19
8.67e-09,1.73836e+21,6.13631e+18,4.16009e+16,1.78787e+14,1.05996e+12,1.84475e+11,9.68518e+19
8.7e-09,1.73575e+21,6.14226e+18,4.16697e+16,1.79111e+14,1.06191e+12,1.84816e+11,9.68913e+19
8.73e-09,1.73314e+21,6.1482e+18,4.17386e+16,1.79435e+14,1.06387e+12,1.85158e+11,9.69308e+19
8.76e-09,1.73053e+21,6.15414e+18,4.18075e+16,1.79759e+14,1.06582e+12,1.855e+11,9.69702e+19
8.79e-09,1.72791e+21,6.16008e+18,4.18764e+16,1.80083e+14,1.06778e+12,1.85842e+11,9.70097e+19
8.82e-09,1.7253e+21,6.16603e+18,4.19453e+16,1.80407e+14,1.06974e+12,1.86183e+11,9.70492e+19
8.85e-09,1.72269e+21,6.17197e+18,4.20142e+16,1.8073e+14,1.07169e+12,1.86525e+11,9.70887e+19
8.88e-09,1.72008e+21,6.17791e+18,4.2083e+16,1.81054e+14,1.07365e+12,1.86867e+11,9.71282e+19
8.91e-09,1.71746e+21,6.18385e+18,4.21519e+16,1.81378e+14,1.0756e+12,1.87209e+11,9.71677e+19
8.94e-09,1.71485e+21,6.1898e+18,4.22208e+16,1.81702e+14,1.07756e+12,1.87551e+11,9.72071e+19
8.97e-09,1.71224e+21,6.19574e+18,4.22897e+16,1.82026e+14,1.07952e+12,1.87892e+11,9.72466e+19
9e-09,1.70963e+21,6.20168e+18,4.23586e+16,1.82349e+14,1.08147e+12,1.88234e+11,9.72861e+19
9.03e-09,1.70703e+21,6.206e+18,4.24158e+16,1.82624e+14,1.08314e+12,1.88526e+11,9.72905e+19
9.06e-09,1.70444e+21,6.21031e+18,4.24731e+16,1.82899e+14,1.0848e+12,1.88817e+11,9.72948e+19
9.09e-09,1.70185e+21,6.21463e+18,4.25303e+16,1.83173e+14,1.08647e+12,1.89109e+11,9.72992e+19
9.12e-09,1.69925e+21,6.21895e+18,4.25875e+16,1.83448e+14,1.08814e+12,1.894e+11,9.73035e+19
9.15e-09,1.69666e+21,6.22326e+18,4.26448e+16,1.83723e+14,1.0898e+12,1.89691e+11,9.73079e+19
9.18e-09,1.69407e+21,6.22758e+18,4.2702e+16,1.83997e+14,1.09147e+12,1.89983e+11,9.73122e+19
9.21e-09,1.69148e+21,6.23189e+18,4.27593e+16,1.84272e+14,1.09314e+12,1.90274e+11,9.73166e+19
9.24e-09,1.68888e+21,6.23621e+18,4.28165e+16,1.84547e+14,1.0948e+12,1.90566e+11,9.73209e+19
9.27e-09,1.68629e+21,6.24053e+18,4.28738e+16,1.84821e+14,1.09647e+12,1.90857e+11,9.73253e+19
9.3e-09,1.6837e+21,6.24484e+18,4.2931e+16,1.85096e+14,1.09813e+12,1.91149e+11,9.73296e+19
9.33e-09,1.6811e+21,6.24916e+18,4.29882e+16,1.8537e+14,1.0998e+12,1.9144e+11,9.7334e+19
9.36e-09,1.67851e+21,6.25348e+18,4.30455e+16,1.85645e+14,1.10147e+12,1.91732e+11,9.73383e+19
9.39e-09,1.67592e+21,6.25779e+18,4.31027e+16,1.8592e+14,1.10313e+12,1.92023e+11,9.73427e+19
9.42e-09,1.67333e+21,6.26211e+18,4.316e+16,1.86194e+14,1.1048e+12,1.92315e+11,9.73471e+19
9.45e-09,1.67073e+21,6.26643e+18,4.32172e+16,1.86469e+14,1.10647e+12,1.92606e+11,9.73514e+19
9.48e-09,1.66814e+21,6.27074e+18,4.32744e+16,1.86744e+14,1.10813e+12,1.92898e+11,9.73558e+19
9.51e-09,1.66555e+21,6.27506e+18,4.33317e+16,1.87018e+14,1.1098e+12,1.93189e+11,9.73601e+19
9.54e-09,1.66296e+21,6.27937e+18,4.33889e+16,1.87293e+14,1.11147e+12,1.93481e+11,9.73645e+19
9.57e-09,1.66036e+21,6.28369e+18,4.34462e+16,1.87568e+14,1.11313e+12,1.93772e+11,9.73688e+19
9.6e-09,1.65777e+21,6.28801e+18,4.35034e+16,1.87842e+14,1.1148e+12,1.94064e+11,9.73732e+19
9.63e-09,1.6552e+21,6.2908e+18,4.35492e+16,1.88068e+14,1.11618e+12,1.94305e+11,9.73447e+19
9.66e-09,1.65262e+21,6.29358e+18,4.3595e+16,1.88293e+14,1.11755e+12,1.94546e+11,9.73162e+19
9.69e-09,1.65005e+21,6.29637e+18,4.36408e+16,1.88519e+14,1.11893e+12,1.94787e+11,9.72877e+19
9.72e-09,1.64747e+21,6.29916e+18,4.36866e+16,1.88745e+14,1.12031e+12,1.95028e+11,9.72593e+19
9.75e-09,1.6449e+21,6.30195e+18,4.37324e+16,1.8897e+14,1.12168e+12,1.95269e+11,9.72308e+19
9.78e-09,1.64233e+21,6.30473e+18,4.37782e+16,1.89196e+14,1.12306e+12,1.95511e+11,9.72023e+19
9.81e-09,1.63975e+21,6.30752e+18,4.3824e+16,1.89422e+14,1.12444e+12,1.95752e+11,9.71738e+19
9.84e-09,1.63718e+21,6.31031e+18,4.38698e+16,1.89647e+14,1.12582e+12,1.95993e+11,9.71453e+19
9.87e-09,1.6346e+21,6.3131e+18,4.39156e+16,1.89873e+14,1.12719e+12,1.96234e+11,9.71168e+19
9.9e-09,1.63203e+21,6.31588e+18,4.39614e+16,1.90099e+14,1.12857e+12,1.96475e+11,9.70884e+19
9.93e-09,1.62946e+21,6.31867e+18,4.40072e+16,1.90324e+14,1.12995e+12,1.96716e+11,9.70599e+19
9.96e-09,1.62688e+21,6.32146e+18,4.4053e+16,1.9055e+14,1.13132e+12,1.96958e+11,9.70314e+19
9.99e-09,1.62431e+21,6.32425e+18,4.40987e+16,1.90776e+14,1.1327e+12,1.97199e+11,9.70029e+19
1.002e-08,1.62174e+21,6.32704e+18,4.41445e+16,1.91001e+14,1.13408e+12,1.9744e+11,9.69744e+19
1.005e-08,1.61916e+21,6.32982e+18,4.41903e+16,1.91227e+14,1.13546e+12,1.97681e+11,9.69459e+19
1.008e-08,1.61659e+21,6.33261e+18,4.42361e+16,1.91452e+14,1.13683e+12,1.97922e+11,9.69175e+19
1.011e-08,1.61401e+21,6.3354e+18,4.42819e+16,1.91678e+14,1.13821e+12,1.98164e+11,9.6889e+19
1.014e-08,1.61144e+21,6.33819e+18,4.43277e+16,1.91904e+14,1.13959e+12,1.98405e+11,9.68605e+19
1.017e-08,1.60887e+21,6.34097e+18,4.43735e+16,1.92129e+14,1.14096e+12,1.98646e+11,9.6832e+19
1.02e-08,1.60629e+21,6.34376e+18,4.44193e+16,1.92355e+14,1.14234e+12,1.98887e+11,9.68035e+19
1.023e-08,1.60374e+21,6.34511e+18,4.44539e+16,1.92532e+14,1.14343e+12,1.99078e+11,9.67446e+19
1.026e-08,1.60118e+21,6.34647e+18,4.44885e+16,1.92709e+14,1.14452e+12,1.9927e+11,9.66858e+19
1.029e-08,1.59862e+21,6.34782e+18,4.45231e+16,1.92887e+14,1.14561e+12,1.99461e+11,9.66269e+19
1.032e-08,1.59607e+21,6.34917e+18,4.45577e+16,1.93064e+14,1.1467e+12,1.99652e+11,9.6568e+19
1.035e-08,1.59351e+21,6.35053e+18,4.45924e+16,1.93241e+14,1.14779e+12,1.99843e+11,9.65091e+19
1.038e-08,1.59096e+21,6.35188e+18,4.4627e+16,1.93418e+14,1.14888e+12,2.00035e+11,9.64502e+19
1.041e-08,1.5884e+21,6.35323e+18,4.46616e+16,1.93595e+14,1.14997e+12,2.00226e+11,9.63913e+19
1.044e-08,1.58584e+21,6.35458e+18,4.46962e+16,1.93772e+14,1.15106e+12,2.00417e+11,9.63324e+19
1.047e-08,1.58329e+21,6.35594e+18,4.47308e+16,1.9395e+14,1.15215e+12,2.00608e+11,9.62736e+19
1.05e-08,1.58073e+21,6.35729e+18,4.47654e+16,1.94127e+14,1.15324e+12,2.008e+11,9.62147e+19
1.053e-08,1.57818e+21,6.35864e+18,4.48e+16,1.94304e+14,1.15433e+12,2.00991e+11,9.61558e+19
1.056e-08,1.57562e+21,6.35999e+18,4.48346e+16,1.94481e+14,1.15542e+12,2.01182e+11,9.60969e+19
1.059e-08,1.57306e+21,6.36135e+18,4.48692e+16,1.94658e+14,1.15651e+12,2.01373e+11,9.6038e+19
1.062e-08,1.57051e+21,6.3627e+18,4.49038e+16,1.94836e+14,1.1576e+12,2.01565e+11,9.59791e+19
1.065e-08,1.56795e+21,6.36405e+18,4.49384e+16,1.95013e+14,1.15869e+12,2.01756e+11,9.59202e+19
1.068e-08,1.5654e+21,6.3654e+18,4.4973e+16,1.9519e+14,1.15978e+12,2.01947e+11,9.58614e+19
1.071e-08,1.56284e+21,6.36676e+18,4.50076e+16,1.95367e+14,1.16087e+12,2.02138e+11,9.58025e+19
1.074e-08,1.56028e+21,6.36811e+18,4.50422e+16,1.95544e+14,1.16196e+12,2.02329e+11,9.57436e+19
1.077e-08,1.55773e+21,6.36946e+18,4.50768e+16,1.95721e+14,1.16305e+12,2.02521e+11,9.56847e+19
1.08e-08,1.55517e+21,6.37082e+18,4.51115e+16,1.95899e+14,1.16414e+12,2.02712e+11,9.56258e+19
1.083e-08,1.55263e+21,6.37082e+18,4.51352e+16,1.96028e+14,1.16495e+12,2.02854e+11,9.55391e+19
1.086e-08,1.55009e+21,6.37083e+18,4.51589e+16,1.96158e+14,1.16576e+12,2.02996e+11,9.54523e+19
1.089e-08,1.54756e+21,6.37084e+18,4.51826e+16,1.96287e+14,1.16656e+12,2.03138e+11,9.53656e+19
1.092e-08,1.54502e+21,6.37085e+18,4.52064e+16,1.96417e+14,1.16737e+12,2.0328e+11,9.52788e+19
1.095e-08,1.54248e+21,6.37085e+18,4.52301e+16,1.96546e+14,1.16818e+12,2.03422e+11,9.51921e+19
1.098e-08,1.53994e+21,6.37086e+18,4.52538e+16,1.96676e+14,1.16898e+12,2.03564e+11,9.51053e+19
1.101e-08,1.5374e+21,6.37087e+18,4.52775e+16,1.96805e+14,1.16979e+12,2.03706e+11,9.50186e+19
1.104e-08,1.53486e+21,6.37088e+18,4.53013e+16,1.96935e+14,1.1706e+12,2.03848e+11,9.49318e+19
1.107e-08,1.53232e+21,6.37088e+18,4.5325e+16,1.97064e+14,1.1714e+12,2.0399e+11,9.48451e+19
1.11e-08,1.52978e+21,6.37089e+18,4.53487e+16,1.97194e+14,1.17221e+12,2.04132e+11,9.47583e+19
1.113e-08,1.52724e+21,6.3709e+18,4.53725e+16,1.97323e+14,1.17302e+12,2.04274e+11,9.46716e+19
1.116e-08,1.5247e+21,6.37091e+18,4.53962e+16,1.97453e+14,1.17383e+12,2.04416e+11,9.45848e+19
1.119e-08,1.52216e+21,6.37091e+18,4.54199e+16,1.97582e+14,1.17463e+12,2.04558e+11,9.44981e+19
1.122e-08,1.51963e+21,6.37092e+18,4.54436e+16,1.97712e+14,1.17544e+12,2.047e+11,9.44113e+19
1.125e-08,1.51709e+21,6.37093e+18,4.54674e+16,1.97841e+14,1.17625e+12,2.04842e+11,9.43246e+19
1.128e-08,1.51455e+21,6.37094e+18,4.54911e+16,1.97971e+14,1.17705e+12,2.04984e+11,9.42378e+19
1.131e-08,1.51201e+21,6.37094e+18,4.55148e+16,1.981e+14,1.17786e+12,2.05125e+11,9.41511e+19
1.134e-08,1.50947e+21,6.37095e+18,4.55385e+16,1.9823e+14,1.17867e+12,2.05267e+11,9.40643e+19
1.137e-08,1.50693e+21,6.37096e+18,4.55623e+16,1.98359e+14,1.17947e+12,2.05409e+11,9.39776e+19
1.14e-08,1.50439e+21,6.37097e+18,4.5586e+16,1.98489e+14,1.18028e+12,2.05551e+11,9.38908e+19
1.143e-08,1.50187e+21,6.36972e+18,4.55992e+16,1.98572e+14,1.18081e+12,2.05645e+11,9.37789e+19
1.146e-08,1.49934e+21,6.36847e+18,4.56124e+16,1.98655e+14,1.18134e+12,2.05739e+11,9.36669e+19
1.149e-08,1.49682e+21,6.36722e+18,4.56256e+16,1.98738e+14,1.18187e+12,2.05832e+11,9.35548e+19
1.152e-08,1.4943e+21,6.36596e+18,4.56388e+16,1.98821e+14,1.1824e+12,2.05926e+11,9.34428e+19
1.155e-08,1.49177e+21,6.36471e+18,4.5652e+16,1.98904e+14,1.18293e+12,2.0602e+11,9.33308e+19
1.158e-08,1.48925e+21,6.36346e+18,4.56652e+16,1.98986e+14,1.18346e+12,2.06113e+11,9.32188e+19
1.161e-08,1.48673e+21,6.36221e+18,4.56784e+16,1.99069e+14,1.18399e+12,2.06207e+11,9.31068e+19
1.164e-08,1.4842e+21,6.36096e+18,4.56916e+16,1.99152e+14,1.18452e+12,2.06301e+11,9.29949e+19
1.167e-08,1.48168e+21,6.35971e+18,4.57048e+16,1.99235e+14,1.18505e+12,2.06394e+11,9.28829e+19
1.17e-08,1.47916e+21,6.35846e+18,4.5718e+16,1.99318e+14,1.18558e+12,2.06488e+11,9.27709e+19
1.173e-08,1.47663e+21,6.35721e+18,4.57312e+16,1.99401e+14,1.18611e+12,2.06582e+11,9.26589e+19
1.176e-08,1.47411e+21,6.35596e+18,4.57444e+16,1.99484e+14,1.18664e+12,2.06675e+11,9.25469e+19
1.179e-08,1.47159e+21,6.35471e+18,4.57576e+16,1.99567e+14,1.18717e+12,2.06769e+11,9.24349e+19
1.182e-08,1.46906e+21,6.35346e+18,4.57709e+16,1.9965e+14,1.18769e+12,2.06862e+11,9.23229e+19
1.185e-08,1.46654e+21,6.35221e+18,4.57841e+16,1.99733e+14,1.18822e+12,2.06956e+11,9.22109e+19
1.188e-08,1.46402e+21,6.35095e+18,4.57973e+16,1.99816e+14,1.18875e+12,2.0705e+11,9.20989e+19
1.191e-08,1.46149e+21,6.3497e+18,4.58105e+16,1.99899e+14,1.18928e+12,2.07143e+11,9.19869e+19
1.194e-08,1.45897e+21,6.34845e+18,4.58237e+16,1.99982e+14,1.18981e+12,2.07237e+11,9.18749e+19
1.197e-08,1.45645e+21,6.3472e+18,4.58369e+16,2.00065e+14,1.19034e+12,2.07331e+11,9.17629e+19
1.2e-08,1.45393e+21,6.34595e+18,4.58501e+16,2.00147e+14,1.19087e+12,2.07424e+11,9.16509e+19
1.203e-08,1.45142e+21,6.34352e+18,4.58531e+16,2.00185e+14,1.19113e+12,2.07471e+11,9.15163e+19
1.206e-08,1.44891e+21,6.3411e+18,4.58562e+16,2.00223e+14,1.19139e+12,2.07517e+11,9.13817e+19
1.209e-08,1.4464e+21,6.33867e+18,4.58593e+16,2.0026e+14,1.19165e+12,2.07564e+11,9.12471e+19
1.212e-08,1.44389e+21,6.33625e+18,4.58624e+16,2.00298e+14,1.19191e+12,2.0761e+11,9.11125e+19
1.215e-08,1.44138e+21,6.33382e+18,4.58654e+16,2.00336e+14,1.19217e+12,2.07657e+11,9.09779e+19
1.218e-08,1.43887e+21,6.33139e+18,4.58685e+16,2.00373e+14,1.19243e+12,2.07704e+11,9.08433e+19
1.221e-08,1.43636e+21,6.32897e+18,4.58716e+16,2.00411e+14,1.19269e+12,2.0775e+11,9.07087e+19
1.224e-08,1.43386e+21,6.32654e+18,4.58747e+16,2.00449e+14,1.19294e+12,2.07797e+11,9.05741e+19
1.227e-08,1.43135e+21,6.32411e+18,4.58777e+16,2.00486e+14,1.1932e+12,2.07843e+11,9.04395e+19
1.23e-08,1.42884e+21,6.32169e+18,4.58808e+16,2.00524e+14,1.19346e+12,2.0789e+11,9.03049e+19
1.233e-08,1.42633e+21,6.31926e+18,4.58839e+16,2.00561e+14,1.19372e+12,2.07936e+11,9.01703e+19
1.236e-08,1.42382e+21,6.31684e+18,4.58869e+16,2.00599e+14,1.19398e+12,2.07983e+11,9.00357e+19
1.239e-08,1.42131e+21,6.31441e+18,4.589e+16,2.00637e+14,1.19424e+12,2.08029e+11,8.99011e+19
1.242e-08,1.4188e+21,6.31198e+18,4.58931e+16,2.00674e+14,1.1945e+12,2.08076e+11,8.97665e+19
1.245e-08,1.41629e+21,6.30956e+18,4.58962e+16,2.00712e+14,1.19476e+12,2.08122e+11,8.96319e+19
1.248e-08,1.41379e+21,6.30713e+18,4.58992e+16,2.0075e+14,1.19502e+12,2.08169e+11,8.94973e+19
1.251e-08,1.41128e+21,6.30471e+18,4.59023e+16,2.00787e+14,1.19528e+12,2.08215e+11,8.93627e+19
1.254e-08,1.40877e+21,6.30228e+18,4.59054e+16,2.00825e+14,1.19554e+12,2.08262e+11,8.92281e+19
1.257e-08,1.40626e+21,6.29985e+18,4.59085e+16,2.00863e+14,1.1958e+12,2.08308e+11,8.90935e+19
1.26e-08,1.40375e+21,6.29743e+18,4.59115e+16,2.009e+14,1.19605e+12,2.08355e+11,8.89589e+19
1.263e-08,1.40126e+21,6.29391e+18,4.59049e+16,2.00894e+14,1.19605e+12,2.08356e+11,8.88044e+19
1.266e-08,1.39876e+21,6.29038e+18,4.58983e+16,2.00888e+14,1.19605e+12,2.08357e+11,8.86499e+19
1.269e-08,1.39627e+21,6.28686e+18,4.58916e+16,2.00882e+14,1.19605e+12,2.08357e+11,8.84954e+19
1.272e-08,1.39377e+21,6.28334e+18,4.5885e+16,2.00876e+14,1.19604e+12,2.08358e+11,8.83408e+19
1.275e-08,1.39128e+21,6.27982e+18,4.58784e+16,2.00869e+14,1.19604e+12,2.08359e+11,8.81863e+19
1.278e-08,1.38878e+21,6.2763e+18,4.58717e+16,2.00863e+14,1.19604e+12,2.0836e+11,8.80318e+19
1.281e-08,1.38629e+21,6.27277e+18,4.58651e+16,2.00857e+14,1.19603e+12,2.08361e+11,8.78773e+19
1.284e-08,1.38379e+21,6.26925e+18,4.58584e+16,2.00851e+14,1.19603e+12,2.08362e+11,8.77227e+19
1.287e-08,1.3813e+21,6.26573e+18,4.58518e+16,2.00845e+14,1.19603e+12,2.08362e+11,8.75682e+19
1.29e-08,1.3788e+21,6.26221e+18,4.58452e+16,2.00839e+14,1.19603e+12,2.08363e+11,8.74137e+19
1.293e-08,1.3763e+21,6.25869e+18,4.58385e+16,2.00833e+14,1.19602e+12,2.08364e+11,8.72592e+19
1.296e-08,1.37381e+21,6.25517e+18,4.58319e+16,2.00826e+14,1.19602e+12,2.08365e+11,8.71046e+19
1.299e-08,1.37131e+21,6.25164e+18,4.58253e+16,2.0082e+14,1.19602e+12,2.08366e+11,8.69501e+19
1.302e-08,1.36882e+21,6.24812e+18,4.58186e+16,2.00814e+14,1.19601e+12,2.08367e+11,8.67956e+19
1.305e-08,1.36632e+21,6.2446e+18,4.5812e+16,2.00808e+14,1.19601e+12,2.08367e+11,8.66411e+19
1.308e-08,1.36383e+21,6.24108e+18,4.58054e+16,2.00802e+14,1.19601e+12,2.08368e+11,8.64865e+19
1.311e-08,1.36133e+21,6.23756e+18,4.57987e+16,2.00796e+14,1.196e+12,2.08369e+11,8.6332e+19
1.314e-08,1.35884e+21,6.23404e+18,4.57921e+16,2.00789e+14,1.196e+12,2.0837e+11,8.61775e+19
1.317e-08,1.35634e+21,6.23051e+18,4.57855e+16,2.00783e+14,1.196e+12,2.08371e+11,8.60229e+19
1.32e-08,1.35385e+21,6.22699e+18,4.57788e+16,2.00777e+14,1.196e+12,2.08372e+11,8.58684e+19
1.323e-08,1.35137e+21,6.22245e+18,4.57629e+16,2.00729e+14,1.19574e+12,2.08328e+11,8.56966e+19
1.326e-08,1.34888e+21,6.21791e+18,4.5747e+16,2.00681e+14,1.19548e+12,2.08285e+11,8.55248e+19
1.329e-08,1.3464e+21,6.21337e+18,4.57312e+16,2.00632e+14,1.19523e+12,2.08242e+11,8.5353e+19
1.332e-08,1.34392e+21,6.20883e+18,4.57153e+16,2.00584e+14,1.19497e+12,2.08199e+11,8.51812e+19
1.335e-08,1.34143e+21,6.20429e+18,4.56994e+16,2.00536e+14,1.19472e+12,2.08155e+11,8.50094e+19
1.338e-08,1.33895e+21,6.19975e+18,4.56835e+16,2.00488e+14,1.19446e+12,2.08112e+11,8.48376e+19
1.341e-08,1.33647e+21,6.19521e+18,4.56676e+16,2.00439e+14,1.19421e+12,2.08069e+11,8.46658e+19
1.344e-08,1.33399e+21,6.19067e+18,4.56517e+16,2.00391e+14,1.19395e+12,2.08026e+11,8.4494e+19
1.347e-08,1.3315e+21,6.18613e+18,4.56358e+16,2.00343e+14,1.1937e+12,2.07982e+11,8.43222e+19
1.35e-08,1.32902e+21,6.18159e+18,4.56199e+16,2.00295e+14,1.19344e+12,2.07939e+11,8.41504e+19
1.353e-08,1.32654e+21,6.17704e+18,4.5604e+16,2.00246e+14,1.19319e+12,2.07896e+11,8.39786e+19
1.356e-08,1.32405e+21,6.1725e+18,4.55881e+16,2.00198e+14,1.19293e+12,2.07853e+11,8.38068e+19
1.359e-08,1.32157e+21,6.16796e+18,4.55722e+16,2.0015e+14,1.19267e+12,2.07809e+11,8.3635e+19
1.362e-08,1.31909e+21,6.16342e+18,4.55563e+16,2.00101e+14,1.19242e+12,2.07766e+11,8.34632e+19
1.365e-08,1.31661e+21,6.15888e+18,4.55405e+16,2.00053e+14,1.19216e+12,2.07723e+11,8.32914e+19
1.368e-08,1.31412e+21,6.15434e+18,4.55246e+16,2.00005e+14,1.19191e+12,2.0768e+11,8.31196e+19
1.371e-08,1.31164e+21,6.1498e+18,4.55087e+16,1.99957e+14,1.19165e+12,2.07636e+11,8.29478e+19
1.374e-08,1.30916e+21,6.14526e+18,4.54928e+16,1.99908e+14,1.1914e+12,2.07593e+11,8.2776e+19
1.377e-08,1.30668e+21,6.14072e+18,4.54769e+16,1.9986e+14,1.19114e+12,2.0755e+11,8.26042e+19
1.38e-08,1.30419e+21,6.13618e+18,4.5461e+16,1.99812e+14,1.19089e+12,2.07507e+11,8.24324e+19
1.383e-08,1.30172e+21,6.13069e+18,4.54363e+16,1.99723e+14,1.19039e+12,2.07421e+11,8.22459e+19
1.386e-08,1.29925e+21,6.12521e+18,4.54116e+16,1.99635e+14,1.18989e+12,2.07336e+11,8.20595e+19
1.389e-08,1.29678e+21,6.11972e+18,4.5387e+16,1.99546e+14,1.18939e+12,2.0725e+11,8.1873e+19
1.392e-08,1.29431e+21,6.11423e+18,4.53623e+16,1.99458e+14,1.18889e+12,2.07165e+11,8.16865e+19
1.395e-08,1.29183e+21,6.10875e+18,4.53376e+16,1.99369e+14,1.1884e+12,2.07079e+11,8.15001e+19
1.398e-08,1.28936e+21,6.10326e+18,4.53129e+16,1.99281e+14,1.1879e+12,2.06994e+11,8.13136e+19
1.401e-08,1.28689e+21,6.09778e+18,4.52882e+16,1.99192e+14,1.1874e+12,2.06908e+11,8.11272e+19
1.404e-08,1.28442e+21,6.09229e+18,4.52636e+16,1.99104e+14,1.1869e+12,2.06823e+11,8.09407e+19
1.407e-08,1.28195e+21,6.0868e+18,4.52389e+16,1.99015e+14,1.18641e+12,2.06737e+11,8.07542e+19
1.41e-08,1.27948e+21,6.08132e+18,4.52142e+16,1.98926e+14,1.18591e+12,2.06652e+11,8.05678e+19
1.413e-08,1.27701e+21,6.07583e+18,4.51895e+16,1.98838e+14,1.18541e+12,2.06566e+11,8.03813e+19
1.416e-08,1.27453e+21,6.07034e+18,4.51649e+16,1.98749e+14,1.18491e+12,2.06481e+11,8.01949e+19
1.419e-08,1.27206e+21,6.06486e+18,4.51402e+16,1.98661e+14,1.18442e+12,2.06395e+11,8.00084e+19
1.422e-08,1.26959e+21,6.05937e+18,4.51155e+16,1.98572e+14,1.18392e+12,2.0631e+11,7.98219e+19
1.425e-08,1.26712e+21,6.05389e+18,4.50908e+16,1.98484e+14,1.18342e+12,2.06224e+11,7.96355e+19
1.428e-08,1.26465e+21,6.0484e+18,4.50661e+16,1.98395e+14,1.18292e+12,2.06139e+11,7.9449e+19
1.431e-08,1.26218e+21,6.04291e+18,4.50415e+16,1.98307e+14,1.18242e+12,2.06053e+11,7.92626e+19
1.434e-08,1.2597e+21,6.03743e+18,4.50168e+16,1.98218e+14,1.18193e+12,2.05968e+11,7.90761e+19
1.437e-08,1.25723e+21,6.03194e+18,4.49921e+16,1.98129e+14,1.18143e+12,2.05882e+11,7.88897e+19
1.44e-08,1.25476e+21,6.02645e+18,4.49674e+16,1.98041e+14,1.18093e+12,2.05797e+11,7.87032e+19
1.443e-08,1.2523e+21,6.02009e+18,4.49344e+16,1.97914e+14,1.1802e+12,2.05671e+11,7.85046e+19
1.446e-08,1.24984e+21,6.01373e+18,4.49015e+16,1.97787e+14,1.17947e+12,2.05545e+11,7.83061e+19
1.449e-08,1.24738e+21,6.00737e+18,4.48685e+16,1.9766e+14,1.17875e+12,2.05419e+11,7.81075e+19
1.452e-08,1.24492e+21,6.00101e+18,4.48355e+16,1.97533e+14,1.17802e+12,2.05293e+11,7.7909e+19
1.455e-08,1.24245e+21,5.99465e+18,4.48025e+16,1.97406e+14,1.17729e+12,2.05167e+11,7.77104e+19
1.458e-08,1.23999e+21,5.98829e+18,4.47695e+16,1.9728e+14,1.17656e+12,2.05041e+11,7.75119e+19
1.461e-08,1.23753e+21,5.98192e+18,4.47365e+16,1.97153e+14,1.17583e+12,2.04916e+11,7.73133e+19
1.464e-08,1.23507e+21,5.97556e+18,4.47036e+16,1.97026e+14,1.1751e+12,2.0479e+11,7.71148e+19
1.467e-08,1.23261e+21,5.9692e+18,4.46706e+16,1.96899e+14,1.17437e+12,2.04664e+11,7.69162e+19
1.47e-08,1.23015e+21,5.96284e+18,4.46376e+16,1.96772e+14,1.17364e+12,2.04538e+11,7.67176e+19
1.473e-08,1.22769e+21,5.95648e+18,4.46046e+16,1.96645e+14,1.17292e+12,2.04412e+11,7.65191e+19
1.476e-08,1.22522e+21,5.95012e+18,4.45716e+16,1.96518e+14,1.17219e+12,2.04286e+11,7.63205e+19
1.479e-08,1.22276e+21,5.94376e+18,4.45386e+16,1.96391e+14,1.17146e+12,2.04161e+11,7.6122e+19
1.482e-08,1.2203e+21,5.9374e+18,4.45057e+16,1.96264e+14,1.17073e+12,2.04035e+11,7.59234e+19
1.485e-08,1.21784e+21,5.93103e+18,4.44727e+16,1.96138e+14,1.17e+12,2.03909e+11,7.57249e+19
1.488e-08,1.21538e+21,5.92467e+18,4.44397e+16,1.96011e+14,1.16927e+12,2.03783e+11,7.55263e+19
1.491e-08,1.21292e+21,5.91831e+18,4.44067e+16,1.95884e+14,1.16854e+12,2.03657e+11,7.53278e+19
1.494e-08,1.21046e+21,5.91195e+18,4.43737e+16,1.95757e+14,1.16782e+12,2.03531e+11,7.51292e+19
1.497e-08,1.208e+21,5.90559e+18,4.43408e+16,1.9563e+14,1.16709e+12,2.03405e+11,7.49306e+19
1.5e-08,1.20553e+21,5.89923e+18,4.43078e+16,1.95503e+14,1.16636e+12,2.0328e+11,7.47321e+19
1.503e-08,1.20308e+21,5.89206e+18,4.4267e+16,1.9534e+14,1.16541e+12,2.03115e+11,7.45239e+19
1.506e-08,1.20063e+21,5.88489e+18,4.42262e+16,1.95177e+14,1.16446e+12,2.02951e+11,7.43158e+19
1.509e-08,1.19818e+21,5.87772e+18,4.41854e+16,1.95014e+14,1.16351e+12,2.02787e+11,7.41076e+19
1.512e-08,1.19572e+21,5.87055e+18,4.41446e+16,1.9485e+14,1.16257e+12,2.02623e+11,7.38994e+19
1.515e-08,1.19327e+21,5.86338e+18,4.41038e+16,1.94687e+14,1.16162e+12,2.02459e+11,7.36913e+19
1.518e-08,1.19082e+21,5.85621e+18,4.4063e+16,1.94524e+14,1.16067e+12,2.02295e+11,7.34831e+19
1.521e-08,1.18837e+21,5.84904e+18,4.40222e+16,1.94361e+14,1.15972e+12,2.02131e+11,7.3275e+19
1.524e-08,1.18592e+21,5.84187e+18,4.39814e+16,1.94198e+14,1.15878e+12,2.01967e+11,7.30668e+19
1.527e-08,1.18346e+21,5.83471e+18,4.39406e+16,1.94034e+14,1.15783e+12,2.01803e+11,7.28586e+19
1.53e-08,1.18101e+21,5.82754e+18,4.38999e+16,1.93871e+14,1.15688e+12,2.01638e+11,7.26505e+19
1.533e-08,1.17856e+21,5.82037e+18,4.38591e+16,1.93708e+14,1.15593e+12,2.01474e+11,7.24423e+19
1.536e-08,1.17611e+21,5.8132e+18,4.38183e+16,1.93545e+14,1.15499e+12,2.0131e+11,7.22341e+19
1.539e-08,1.17365e+21,5.80603e+18,4.37775e+16,1.93382e+14,1.15404e+12,2.01146e+11,7.2026e+19
1.542e-08,1.1712e+21,5.79886e+18,4.37367e+16,1.93218e+14,1.15309e+12,2.00982e+11,7.18178e+19
1.545e-08,1.16875e+21,5.79169e+18,4.36959e+16,1.93055e+14,1.15214e+12,2.00818e+11,7.16096e+19
1.548e-08,1.1663e+21,5.78452e+18,4.36551e+16,1.92892e+14,1.15119e+12,2.00654e+11,7.14015e+19
1.551e-08,1.16385e+21,5.77735e+18,4.36143e+16,1.92729e+14,1.15025e+12,2.0049e+11,7.11933e+19
1.554e-08,1.16139e+21,5.77018e+18,4.35735e+16,1.92566e+14,1.1493e+12,2.00325e+11,7.09852e+19
1.557e-08,1.15894e+21,5.76301e+18,4.35327e+16,1.92403e+14,1.14835e+12,2.00161e+11,7.0777e+19
1.56e-08,1.15649e+21,5.75584e+18,4.34919e+16,1.92239e+14,1.1474e+12,1.99997e+11,7.05688e+19
1.563e-08,1.15404e+21,5.74793e+18,4.34438e+16,1.92042e+14,1.14625e+12,1.99797e+11,7.03535e+19
1.566e-08,1.1516e+21,5.74002e+18,4.33957e+16,1.91845e+14,1.14509e+12,1.99597e+11,7.01381e+19
1.569e-08,1.14916e+21,5.73211e+18,4.33476e+16,1.91647e+14,1.14394e+12,1.99397e+11,6.99227e+19
1.572e-08,1.14671e+21,5.72419e+18,4.32995e+16,1.9145e+14,1.14279e+12,1.99196e+11,6.97073e+19
1.575e-08,1.14427e+21,5.71628e+18,4.32514e+16,1.91253e+14,1.14163e+12,1.98996e+11,6.94919e+19
1.578e-08,1.14182e+21,5.70837e+18,4.32033e+16,1.91055e+14,1.14048e+12,1.98796e+11,6.92766e+19
1.581e-08,1.13938e+21,5.70046e+18,4.31552e+16,1.90858e+14,1.13932e+12,1.98596e+11,6.90612e+19
1.584e-08,1.13694e+21,5.69254e+18,4.31071e+16,1.9066e+14,1.13817e+12,1.98395e+11,6.88458e+19
1.587e-08,1.13449e+21,5.68463e+18,4.3059e+16,1.90463e+14,1.13701e+12,1.98195e+11,6.86304e+19
1.59e-08,1.13205e+21,5.67672e+18,4.30109e+16,1.90266e+14,1.13586e+12,1.97995e+11,6.8415e+19
1.593e-08,1.1296e+21,5.66881e+18,4.29628e+16,1.90068e+14,1.13471e+12,1.97795e+11,6.81997e+19
1.596e-08,1.12716e+21,5.66089e+18,4.29147e+16,1.89871e+14,1.13355e+12,1.97594e+11,6.79843e+19
1.599e-08,1.12471e+21,5.65298e+18,4.28666e+16,1.89674e+14,1.1324e+12,1.97394e+11,6.77689e+19
1.602e-08,1.12227e+21,5.64507e+18,4.28185e+16,1.89476e+14,1.13124e+12,1.97194e+11,6.75535e+19
1.605e-08,1.11983e+21,5.63716e+18,4.27704e+16,1.89279e+14,1.13009e+12,1.96994e+11,6.73382e+19
1.608e-08,1.11738e+21,5.62924e+18,4.27223e+16,1.89081e+14,1.12893e+12,1.96793e+11,6.71228e+19
1.611e-08,1.11494e+21,5.62133e+18,4.26742e+16,1.88884e+14,1.12778e+12,1.96593e+11,6.69074e+19
1.614e-08,1.11249e+21,5.61342e+18,4.26261e+16,1.88687e+14,1.12663e+12,1.96393e+11,6.6692e+19
1.617e-08,1.11005e+21,5.60551e+18,4.2578e+16,1.88489e+14,1.12547e+12,1.96193e+11,6.64766e+19
1.62e-08,1.10761e+21,5.5976e+18,4.25299e+16,1.88292e+14,1.12432e+12,1.95992e+11,6.62613e+19
1.623e-08,1.10517e+21,5.589e+18,4.2475e+16,1.88063e+14,1.12297e+12,1.95758e+11,6.6041e+19
1.626e-08,1.10273e+21,5.58041e+18,4.24201e+16,1.87833e+14,1.12162e+12,1.95524e+11,6.58206e+19
1.629e-08,1.1003e+21,5.57181e+18,4.23652e+16,1.87604e+14,1.12027e+12,1.9529e+11,6.56004e+19
1.632e-08,1.09786e+21,5.56322e+18,4.23103e+16,1.87374e+14,1.11892e+12,1.95056e+11,6.538e+19
1.635e-08,1.09542e+21,5.55462e+18,4.22554e+16,1.87145e+14,1.11758e+12,1.94822e+11,6.51597e+19
1.638e-08,1.09298e+21,5.54603e+18,4.22005e+16,1.86916e+14,1.11623e+12,1.94588e+11,6.49394e+19
1.641e-08,1.09055e+21,5.53744e+18,4.21455e+16,1.86686e+14,1.11488e+12,1.94353e+11,6.47191e+19
1.644e-08,1.08811e+21,5.52884e+18,4.20906e+16,1.86457e+14,1.11353e+12,1.94119e+11,6.44988e+19
1.647e-08,1.08567e+21,5.52025e+18,4.20357e+16,1.86228e+14,1.11218e+12,1.93885e+11,6.42785e+19
1.65e-08,1.08324e+21,5.51165e+18,4.19808e+16,1.85998e+14,1.11083e+12,1.93651e+11,6.40582e+19
1.653e-08,1.0808e+21,5.50306e+18,4.19259e+16,1.85769e+14,1.10949e+12,1.93417e+11,6.38379e+19
1.656e-08,1.07836e+21,5.49446e+18,4.1871e+16,1.85539e+14,1.10814e+12,1.93183e+11,6.36176e+19
1.659e-08,1.07593e+21,5.48587e+18,4.18161e+16,1.8531e+14,1.10679e+12,1.92949e+11,6.33973e+19
1.662e-08,1.07349e+21,5.47727e+18,4.17612e+16,1.85081e+14,1.10544e+12,1.92714e+11,6.3177e+19
1.665e-08,1.07105e+21,5.46868e+18,4.17063e+16,1.84851e+14,1.10409e+12,1.9248e+11,6.29567e+19
1.668e-08,1.06861e+21,5.46009e+18,4.16514e+16,1.84622e+14,1.10275e+12,1.92246e+11,6.27364e+19
1.671e-08,1.06618e+21,5.45149e+18,4.15964e+16,1.84392e+14,1.1014e+12,1.92012e+11,6.25161e+19
1.674e-08,1.06374e+21,5.4429e+18,4.15415e+16,1.84163e+14,1.10005e+12,1.91778e+11,6.22958e+19
1.677e-08,1.0613e+21,5.4343e+18,4.14866e+16,1.83934e+14,1.0987e+12,1.91544e+11,6.20755e+19
1.68e-08,1.05887e+21,5.42571e+18,4.14317e+16,1.83704e+14,1.09735e+12,1.9131e+11,6.18552e+19
1.683e-08,1.05644e+21,5.41649e+18,4.13705e+16,1.83445e+14,1.09582e+12,1.91044e+11,6.16321e+19
1.686e-08,1.05401e+21,5.40727e+18,4.13093e+16,1.83186e+14,1.09429e+12,1.90778e+11,6.14091e+19
1.689e-08,1.05157e+21,5.39806e+18,4.12481e+16,1.82927e+14,1.09277e+12,1.90512e+11,6.1186e+19
1.692e-08,1.04914e+21,5.38884e+18,4.11868e+16,1.82667e+14,1.09124e+12,1.90247e+11,6.0963e+19
1.695e-08,1.04671e+21,5.37962e+18,4.11256e+16,1.82408e+14,1.08971e+12,1.89981e+11,6.07399e+19
1.698e-08,1.04428e+21,5.3704e+18,4.10644e+16,1.82149e+14,1.08818e+12,1.89715e+11,6.05169e+19
1.701e-08,1.04185e+21,5.36119e+18,4.10032e+16,1.8189e+14,1.08665e+12,1.89449e+11,6.02938e+19
1.704e-08,1.03942e+21,5.35197e+18,4.0942e+16,1.81631e+14,1.08512e+12,1.89183e+11,6.00708e+19
1.707e-08,1.03699e+21,5.34275e+18,4.08807e+16,1.81372e+14,1.08359e+12,1.88918e+11,5.98477e+19
1.71e-08,1.03456e+21,5.33354e+18,4.08195e+16,1.81112e+14,1.08206e+12,1.88652e+11,5.96247e+19
1.713e-08,1.03213e+21,5.32432e+18,4.07583e+16,1.80853e+14,1.08053e+12,1.88386e+11,5.94016e+19
1.716e-08,1.0297e+21,5.3151e+18,4.06971e+16,1.80594e+14,1.079e+12,1.8812e+11,5.91785e+19
1.719e-08,1.02727e+21,5.30588e+18,4.06359e+16,1.80335e+14,1.07747e+12,1.87855e+11,5.89555e+19
1.722e-08,1.02484e+21,5.29667e+18,4.05747e+16,1.80075e+14,1.07595e+12,1.87589e+11,5.87324e+19
1.725e-08,1.02241e+21,5.28745e+18,4.05134e+16,1.79816e+14,1.07442e+12,1.87323e+11,5.85094e+19
1.728e-08,1.01998e+21,5.27823e+18,4.04522e+16,1.79557e+14,1.07289e+12,1.87057e+11,5.82863e+19
1.731e-08,1.01755e+21,5.26901e+18,4.0391e+16,1.79298e+14,1.07136e+12,1.86792e+11,5.80633e+19
1.734e-08,1.01511e+21,5.2598e+18,4.03298e+16,1.79039e+14,1.06983e+12,1.86526e+11,5.78402e+19
1.737e-08,1.01268e+21,5.25058e+18,4.02686e+16,1.78779e+14,1.0683e+12,1.8626e+11,5.76172e+19
1.74e-08,1.01025e+21,5.24136e+18,4.02073e+16,1.7852e+14,1.06677e+12,1.85994e+11,5.73941e+19
1.743e-08,1.00783e+21,5.23158e+18,4.01403e+16,1.78233e+14,1.06507e+12,1.85699e+11,5.71704e+19
1.746e-08,1.0054e+21,5.22179e+18,4.00733e+16,1.77947e+14,1.06338e+12,1.85404e+11,5.69466e+19
1.749e-08,1.00298e+21,5.21201e+18,4.00062e+16,1.7766e+14,1.06168e+12,1.85109e+11,5.67228e+19
1.752e-08,1.00055e+21,5.20222e+18,3.99392e+16,1.77373e+14,1.05998e+12,1.84814e+11,5.64991e+19
1.755e-08,9.98127e+20,5.19244e+18,3.98722e+16,1.77086e+14,1.05829e+12,1.84519e+11,5.62753e+19
1.758e-08,9.95702e+20,5.18265e+18,3.98051e+16,1.76799e+14,1.05659e+12,1.84224e+11,5.60516e+19
1.761e-08,9.93277e+20,5.17287e+18,3.97381e+16,1.76513e+14,1.05489e+12,1.83928e+11,5.58278e+19
1.764e-08,9.90851e+20,5.16308e+18,3.96711e+16,1.76226e+14,1.0532e+12,1.83633e+11,5.5604e+19
1.767e-08,9.88426e+20,5.1533e+18,3.9604e+16,1.75939e+14,1.0515e+12,1.83338e+11,5.53803e+19
1.77e-08,9.86001e+20,5.14351e+18,3.9537e+16,1.75652e+14,1.0498e+12,1.83043e+11,5.51565e+19
1.773e-08,9.83576e+20,5.13373e+18,3.947e+16,1.75365e+14,1.04811e+12,1.82748e+11,5.49328e+19
1.776e-08,9.81151e+20,5.12395e+18,3.94029e+16,1.75079e+14,1.04641e+12,1.82453e+11,5.4709e+19
1.779e-08,9.78725e+20,5.11416e+18,3.93359e+16,1.74792e+14,1.04471e+12,1.82158e+11,5.44853e+19
1.782e-08,9.763e+20,5.10438e+18,3.92689e+16,1.74505e+14,1.04302e+12,1.81863e+11,5.42615e+19
1.785e-08,9.73875e+20,5.09459e+18,3.92018e+16,1.74218e+14,1.04132e+12,1.81568e+11,5.40378e+19
1.788e-08,9.7145e+20,5.08481e+18,3.91348e+16,1.73931e+14,1.03962e+12,1.81272e+11,5.3814e+19
1.791e-08,9.69025e+20,5.07502e+18,3.90678e+16,1.73645e+14,1.03793e+12,1.80977e+11,5.35902e+19
1.794e-08,9.66599e+20,5.06524e+18,3.90007e+16,1.73358e+14,1.03623e+12,1.80682e+11,5.33665e+19
1.797e-08,9.64174e+20,5.05545e+18,3.89337e+16,1.73071e+14,1.03453e+12,1.80387e+11,5.31427e+19
1.8e-08,9.61749e+20,5.04567e+18,3.88667e+16,1.72784e+14,1.03284e+12,1.80092e+11,5.2919e+19
1.803e-08,9.59329e+20,5.03537e+18,3.87943e+16,1.72472e+14,1.03099e+12,1.7977e+11,5.26964e+19
1.806e-08,9.56908e+20,5.02507e+18,3.87219e+16,1.7216e+14,1.02914e+12,1.79448e+11,5.24739e+19
1.809e-08,9.54487e+20,5.01477e+18,3.86496e+16,1.71847e+14,1.02728e+12,1.79126e+11,5.22513e+19
1.812e-08,9.52067e+20,5.00447e+18,3.85772e+16,1.71535e+14,1.02543e+12,1.78803e+11,5.20288e+19
1.815e-08,9.49647e+20,4.99418e+18,3.85049e+16,1.71223e+14,1.02358e+12,1.78481e+11,5.18063e+19
1.818e-08,9.47226e+20,4.98388e+18,3.84325e+16,1.70911e+14,1.02173e+12,1.78159e+11,5.15837e+19
1.821e-08,9.44806e+20,4.97358e+18,3.83601e+16,1.70599e+14,1.01988e+12,1.77837e+11,5.13612e+19
1.824e-08,9.42385e+20,4.96328e+18,3.82878e+16,1.70286e+14,1.01803e+12,1.77515e+11,5.11386e+19
1.827e-08,9.39965e+20,4.95298e+18,3.82154e+16,1.69974e+14,1.01618e+12,1.77193e+11,5.09161e+19
1.83e-08,9.37544e+20,4.94268e+18,3.8143e+16,1.69662e+14,1.01433e+12,1.7687e+11,5.06935e+19
1.833e-08,9.35124e+20,4.93238e+18,3.80707e+16,1.6935e+14,1.01247e+12,1.76548e+11,5.0471e+19
1.836e-08,9.32703e+20,4.92208e+18,3.79983e+16,1.69037e+14,1.01062e+12,1.76226e+11,5.02484e+19
1.839e-08,9.30283e+20,4.91179e+18,3.79259e+16,1.68725e+14,1.00877e+12,1.75904e+11,5.00259e+19
1.842e-08,9.27862e+20,4.90149e+18,3.78536e+16,1.68413e+14,1.00692e+12,1.75582e+11,4.98034e+19
1.845e-08,9.25442e+20,4.89119e+18,3.77812e+16,1.68101e+14,1.00507e+12,1.7526e+11,4.95808e+19
1.848e-08,9.23021e+20,4.88089e+18,3.77089e+16,1.67789e+14,1.00322e+12,1.74937e+11,4.93583e+19
1.851e-08,9.20601e+20,4.87059e+18,3.76365e+16,1.67476e+14,1.00137e+12,1.74615e+11,4.91357e+19
1.854e-08,9.1818e+20,4.86029e+18,3.75641e+16,1.67164e+14,9.99516e+11,1.74293e+11,4.89132e+19
1.857e-08,9.1576e+20,4.84999e+18,3.74918e+16,1.66852e+14,9.97665e+11,1.73971e+11,4.86906e+19
1.86e-08,9.13339e+20,4.8397e+18,3.74194e+16,1.6654e+14,9.95814e+11,1.73649e+11,4.84681e+19
1.863e-08,9.10923e+20,4.82893e+18,3.73422e+16,1.66204e+14,9.93821e+11,1.73302e+11,4.82485e+19
1.866e-08,9.08506e+20,4.81817e+18,3.7265e+16,1.65869e+14,9.91828e+11,1.72955e+11,4.8029e+19
1.869e-08,9.0609e+20,4.80741e+18,3.71878e+16,1.65533e+14,9.89836e+11,1.72608e+11,4.78094e+19
1.872e-08,9.03673e+20,4.79665e+18,3.71105e+16,1.65198e+14,9.87843e+11,1.72261e+11,4.75899e+19
1.875e-08,9.01257e+20,4.78588e+18,3.70333e+16,1.64863e+14,9.85851e+11,1.71914e+11,4.73703e+19
1.878e-08,8.9884e+20,4.77512e+18,3.69561e+16,1.64527e+14,9.83858e+11,1.71567e+11,4.71508e+19
1.881e-08,8.96424e+20,4.76436e+18,3.68789e+16,1.64192e+14,9.81865e+11,1.7122e+11,4.69312e+19
1.884e-08,8.94007e+20,4.7536e+18,3.68017e+16,1.63856e+14,9.79873e+11,1.70873e+11,4.67117e+19
1.887e-08,8.91591e+20,4.74284e+18,3.67244e+16,1.63521e+14,9.7788e+11,1.70527e+11,4.64921e+19
1.89e-08,8.89174e+20,4.73207e+18,3.66472e+16,1.63185e+14,9.75888e+11,1.7018e+11,4.62726e+19
1.893e-08,8.86758e+20,4.72131e+18,3.657e+16,1.6285e+14,9.73895e+11,1.69833e+11,4.6053e+19
1.896e-08,8.84341e+20,4.71055e+18,3.64928e+16,1.62514e+14,9.71902e+11,1.69486e+11,4.58335e+19
1.899e-08,8.81925e+20,4.69979e+18,3.64156e+16,1.62179e+14,9.6991e+11,1.69139e+11,4.56139e+19
1.902e-08,8.79508e+20,4.68902e+18,3.63384e+16,1.61843e+14,9.67917e+11,1.68792e+11,4.53944e+19
1.905e-08,8.77092e+20,4.67826e+18,3.62611e+16,1.61508e+14,9.65924e+11,1.68445e+11,4.51748e+19
1.908e-08,8.74675e+20,4.6675e+18,3.61839e+16,1.61173e+14,9.63932e+11,1.68098e+11,4.49553e+19
1.911e-08,8.72259e+20,4.65674e+18,3.61067e+16,1.60837e+14,9.61939e+11,1.67751e+11,4.47357e+19
1.914e-08,8.69843e+20,4.64598e+18,3.60295e+16,1.60502e+14,9.59947e+11,1.67404e+11,4.45162e+19
1.917e-08,8.67426e+20,4.63521e+18,3.59523e+16,1.60166e+14,9.57954e+11,1.67057e+11,4.42966e+19
1.92e-08,8.6501e+20,4.62445e+18,3.5875e+16,1.59831e+14,9.55961e+11,1.6671e+11,4.40771e+19
1.923e-08,8.62597e+20,4.61327e+18,3.57934e+16,1.59474e+14,9.5384e+11,1.66341e+11,4.38621e+19
1.926e-08,8.60183e+20,4.60209e+18,3.57118e+16,1.59118e+14,9.51719e+11,1.65972e+11,4.36472e+19
1.929e-08,8.57771e+20,4.59092e+18,3.56302e+16,1.58761e+14,9.49598e+11,1.65602e+11,4.34323e+19
1.932e-08,8.55357e+20,4.57974e+18,3.55486e+16,1.58405e+14,9.47477e+11,1.65233e+11,4.32174e+19
1.935e-08,8.52944e+20,4.56856e+18,3.5467e+16,1.58048e+14,9.45355e+11,1.64863e+11,4.30024e+19
1.938e-08,8.50531e+20,4.55738e+18,3.53854e+16,1.57691e+14,9.43234e+11,1.64494e+11,4.27875e+19
1.941e-08,8.48118e+20,4.5462e+18,3.53038e+16,1.57335e+14,9.41113e+11,1.64124e+11,4.25726e+19
1.944e-08,8.45705e+20,4.53503e+18,3.52222e+16,1.56978e+14,9.38992e+11,1.63755e+11,4.23577e+19
1.947e-08,8.43292e+20,4.52385e+18,3.51405e+16,1.56622e+14,9.36871e+11,1.63386e+11,4.21428e+19
1.95e-08,8.40879e+20,4.51267e+18,3.50589e+16,1.56265e+14,9.3475e+11,1.63016e+11,4.19278e+19
1.953e-08,8.38466e+20,4.50149e+18,3.49773e+16,1.55909e+14,9.32628e+11,1.62647e+11,4.17129e+19
1.956e-08,8.36053e+20,4.49031e+18,3.48957e+16,1.55552e+14,9.30507e+11,1.62277e+11,4.1498e+19
1.959e-08,8.3364e+20,4.47914e+18,3.48141e+16,1.55196e+14,9.28386e+11,1.61908e+11,4.12831e+19
1.962e-08,8.31227e+20,4.46796e+18,3.47325e+16,1.54839e+14,9.26265e+11,1.61538e+11,4.10681e+19
1.965e-08,8.28814e+20,4.45678e+18,3.46509e+16,1.54483e+14,9.24144e+11,1.61169e+11,4.08532e+19
1.968e-08,8.264e+20,4.4456e+18,3.45693e+16,1.54126e+14,9.22022e+11,1.60799e+11,4.06383e+19
1.971e-08,8.23987e+20,4.43442e+18,3.44877e+16,1.53769e+14,9.19901e+11,1.6043e+11,4.04234e+19
1.974e-08,8.21574e+20,4.42325e+18,3.4406e+16,1.53413e+14,9.1778e+11,1.60061e+11,4.02084e+19
1.977e-08,8.19161e+20,4.41207e+18,3.43244e+16,1.53056e+14,9.15659e+11,1.59691e+11,3.99935e+19
1.98e-08,8.16748e+20,4.40089e+18,3.42428e+16,1.527e+14,9.13538e+11,1.59322e+11,3.97786e+19
1.983e-08,8.14338e+20,4.38934e+18,3.41573e+16,1.52324e+14,9.11301e+11,1.58932e+11,3.95698e+19
1.986e-08,8.11928e+20,4.37779e+18,3.40717e+16,1.51949e+14,9.09063e+11,1.58542e+11,3.9361e+19
1.989e-08,8.09518e+20,4.36624e+18,3.39861e+16,1.51573e+14,9.06826e+11,1.58152e+11,3.91522e+19
1.992e-08,8.07107e+20,4.35469e+18,3.39006e+16,1.51198e+14,9.04589e+11,1.57763e+11,3.89434e+19
1.995e-08,8.04697e+20,4.34315e+18,3.3815e+16,1.50822e+14,9.02352e+11,1.57373e+11,3.87346e+19
1.998e-08,8.02287e+20,4.3316e+18,3.37295e+16,1.50446e+14,9.00115e+11,1.56983e+11,3.85258e+19
2.001e-08,7.99877e+20,4.32005e+18,3.36439e+16,1.50071e+14,8.97878e+11,1.56593e+11,3.8317e+19
2.004e-08,7.97466e+20,4.3085e+18,3.35583e+16,1.49695e+14,8.95641e+11,1.56204e+11,3.81082e+19
2.007e-08,7.95056e+20,4.29695e+18,3.34728e+16,1.4932e+14,8.93403e+11,1.55814e+11,3.78994e+19
2.01e-08,7.92646e+20,4.2854e+18,3.33872e+16,1.48944e+14,8.91166e+11,1.55424e+11,3.76906e+19
2.013e-08,7.90236e+20,4.27385e+18,3.33017e+16,1.48569e+14,8.88929e+11,1.55034e+11,3.74819e+19
2.016e-08,7.87826e+20,4.2623e+18,3.32161e+16,1.48193e+14,8.86692e+11,1.54645e+11,3.72731e+19
2.019e-08,7.85415e+20,4.25076e+18,3.31305e+16,1.47817e+14,8.84455e+11,1.54255e+11,3.70643e+19
2.022e-08,7.83005e+20,4.23921e+18,3.3045e+16,1.47442e+14,8.82218e+11,1.53865e+11,3.68555e+19
2.025e-08,7.80595e+20,4.22766e+18,3.29594e+16,1.47066e+14,8.79981e+11,1.53475e+11,3.66467e+19
2.028e-08,7.78185e+20,4.21611e+18,3.28739e+16,1.46691e+14,8.77743e+11,1.53086e+11,3.64379e+19
2.031e-08,7.75774e+20,4.20456e+18,3.27883e+16,1.46315e+14,8.75506e+11,1.52696e+11,3.62291e+19
2.034e-08,7.73364e+20,4.19301e+18,3.27027e+16,1.4594e+14,8.73269e+11,1.52306e+11,3.60203e+19
2.037e-08,7.70954e+20,4.18146e+18,3.26172e+16,1.45564e+14,8.71032e+11,1.51916e+11,3.58115e+19
2.04e-08,7.68544e+20,4.16991e+18,3.25316e+16,1.45189e+14,8.68795e+11,1.51527e+11,3.56027e+19
2.043e-08,7.66136e+20,4.15804e+18,3.24426e+16,1.44796e+14,8.66454e+11,1.51119e+11,3.54014e+19
2.046e-08,7.63728e+20,4.14616e+18,3.23535e+16,1.44403e+14,8.64113e+11,1.50711e+11,3.52001e+19
2.049e-08,7.6132e+20,4.13428e+18,3.22644e+16,1.44011e+14,8.61772e+11,1.50303e+11,3.49988e+19
2.052e-08,7.58912e+20,4.1224e+18,3.21753e+16,1.43618e+14,8.59431e+11,1.49895e+11,3.47974e+19
2.055e-08,7.56504e+20,4.11053e+18,3.20862e+16,1.43226e+14,8.5709e+11,1.49487e+11,3.45961e+19
2.058e-08,7.54096e+20,4.09865e+18,3.19972e+16,1.42833e+14,8.54749e+11,1.49079e+11,3.43948e+19
2.061e-08,7.51689e+20,4.08677e+18,3.19081e+16,1.42441e+14,8.52408e+11,1.48671e+11,3.41935e+19
2.064e-08,7.49281e+20,4.0749e+18,3.1819e+16,1.42048e+14,8.50067e+11,1.48263e+11,3.39922e+19
2.067e-08,7.46873e+20,4.06302e+18,3.17299e+16,1.41655e+14,8.47726e+11,1.47855e+11,3.37909e+19
2.07e-08,7.44465e+20,4.05114e+18,3.16408e+16,1.41263e+14,8.45385e+11,1.47447e+11,3.35895e+19
2.073e-08,7.42057e+20,4.03927e+18,3.15518e+16,1.4087e+14,8.43044e+11,1.47039e+11,3.33882e+19
2.076e-08,7.39649e+20,4.02739e+18,3.14627e+16,1.40478e+14,8.40703e+11,1.46631e+11,3.31869e+19
2.079e-08,7.37241e+20,4.01551e+18,3.13736e+16,1.40085e+14,8.38363e+11,1.46223e+11,3.29856e+19
2.082e-08,7.34833e+20,4.00363e+18,3.12845e+16,1.39693e+14,8.36022e+11,1.45815e+11,3.27843e+19
2.085e-08,7.32426e+20,3.99176e+18,3.11954e+16,1.393e+14,8.33681e+11,1.45407e+11,3.2583e+19
2.088e-08,7.30018e+20,3.97988e+18,3.11064e+16,1.38908e+14,8.3134e+11,1.45e+11,3.23817e+19
2.091e-08,7.2761e+20,3.968e+18,3.10173e+16,1.38515e+14,8.28999e+11,1.44592e+11,3.21804e+19
2.094e-08,7.25202e+20,3.95613e+18,3.09282e+16,1.38122e+14,8.26658e+11,1.44184e+11,3.1979e+19
2.097e-08,7.22794e+20,3.94425e+18,3.08391e+16,1.3773e+14,8.24317e+11,1.43776e+11,3.17777e+19
2.1e-08,7.20386e+20,3.93237e+18,3.075e+16,1.37337e+14,8.21976e+11,1.43368e+11,3.15764e+19
2.103e-08,7.1798e+20,3.92021e+18,3.06578e+16,1.3693e+14,8.19543e+11,1.42944e+11,3.13838e+19
2.106e-08,7.15574e+20,3.90804e+18,3.05656e+16,1.36522e+14,8.1711e+11,1.4252e+11,3.11912e+19
2.109e-08,7.13168e+20,3.89588e+18,3.04735e+16,1.36114e+14,8.14677e+11,1.42096e+11,3.09986e+19
2.112e-08,7.10762e+20,3.88371e+18,3.03813e+16,1.35707e+14,8.12244e+11,1.41671e+11,3.08059e+19
2.115e-08,7.08356e+20,3.87154e+18,3.02891e+16,1.35299e+14,8.09811e+11,1.41247e+11,3.06133e+19
2.118e-08,7.0595e+20,3.85938e+18,3.01969e+16,1.34892e+14,8.07378e+11,1.40823e+11,3.04207e+19
2.121e-08,7.03544e+20,3.84721e+18,3.01047e+16,1.34484e+14,8.04945e+11,1.40399e+11,3.02281e+19
2.124e-08,7.01138e+20,3.83505e+18,3.00125e+16,1.34076e+14,8.02512e+11,1.39975e+11,3.00355e+19
2.127e-08,6.98733e+20,3.82288e+18,2.99203e+16,1.33669e+14,8.00079e+11,1.39551e+11,2.98429e+19
2.13e-08,6.96327e+20,3.81072e+18,2.98281e+16,1.33261e+14,7.97646e+11,1.39127e+11,2.96502e+19
2.133e-08,6.93921e+20,3.79855e+18,2.97359e+16,1.32853e+14,7.95213e+11,1.38703e+11,2.94576e+19
2.136e-08,6.91515e+20,3.78639e+18,2.96437e+16,1.32446e+14,7.9278e+11,1.38279e+11,2.9265e+19
2.139e-08,6.89109e+20,3.77422e+18,2.95515e+16,1.32038e+14,7.90348e+11,1.37855e+11,2.90724e+19
2.142e-08,6.86703e+20,3.76205e+18,2.94593e+16,1.3163e+14,7.87915e+11,1.37431e+11,2.88798e+19
2.145e-08,6.84297e+20,3.74989e+18,2.93672e+16,1.31223e+14,7.85482e+11,1.37007e+11,2.86871e+19
2.148e-08,6.81891e+20,3.73772e+18,2.9275e+16,1.30815e+14,7.83049e+11,1.36583e+11,2.84945e+19
2.151e-08,6.79485e+20,3.72556e+18,2.91828e+16,1.30408e+14,7.80616e+11,1.36159e+11,2.83019e+19
2.154e-08,6.77079e+20,3.71339e+18,2.90906e+16,1.3e+14,7.78183e+11,1.35734e+11,2.81093e+19
2.157e-08,6.74673e+20,3.70123e+18,2.89984e+16,1.29592e+14,7.7575e+11,1.3531e+11,2.79167e+19
2.16e-08,6.72267e+20,3.68906e+18,2.89062e+16,1.29185e+14,7.73317e+11,1.34886e+11,2.77241e+19
2.163e-08,6.69863e+20,3.67664e+18,2.88113e+16,1.28764e+14,7.70803e+11,1.34448e+11,2.75412e+19
2.166e-08,6.67458e+20,3.66423e+18,2.87164e+16,1.28343e+14,7.68289e+11,1.3401e+11,2.73584e+19
2.169e-08,6.65054e+20,3.65181e+18,2.86214e+16,1.27922e+14,7.65776e+11,1.33572e+11,2.71755e+19
2.172e-08,6.62649e+20,3.63939e+18,2.85265e+16,1.27501e+14,7.63262e+11,1.33133e+11,2.69927e+19
2.175e-08,6.60245e+20,3.62698e+18,2.84316e+16,1.27081e+14,7.60748e+11,1.32695e+11,2.68099e+19
2.178e-08,6.5784e+20,3.61456e+18,2.83367e+16,1.2666e+14,7.58234e+11,1.32257e+11,2.6627e+19
2.181e-08,6.55436e+20,3.60214e+18,2.82418e+16,1.26239e+14,7.55721e+11,1.31819e+11,2.64442e+19
2.184e-08,6.53032e+20,3.58973e+18,2.81469e+16,1.25818e+14,7.53207e+11,1.31381e+11,2.62613e+19
2.187e-08,6.50627e+20,3.57731e+18,2.80519e+16,1.25397e+14,7.50693e+11,1.30942e+11,2.60785e+19
2.19e-08,6.48223e+20,3.56489e+18,2.7957e+16,1.24976e+14,7.48179e+11,1.30504e+11,2.58956e+19
2.193e-08,6.45818e+20,3.55248e+18,2.78621e+16,1.24555e+14,7.45666e+11,1.30066e+11,2.57128e+19
2.196e-08,6.43414e+20,3.54006e+18,2.77672e+16,1.24135e+14,7.43152e+11,1.29628e+11,2.553e+19
2.199e-08,6.41009e+20,3.52764e+18,2.76723e+16,1.23714e+14,7.40638e+11,1.29189e+11,2.53471e+19
2.202e-08,6.38605e+20,3.51523e+18,2.75774e+16,1.23293e+14,7.38124e+11,1.28751e+11,2.51643e+19
2.205e-08,6.36201e+20,3.50281e+18,2.74824e+16,1.22872e+14,7.35611e+11,1.28313e+11,2.49814e+19
2.208e-08,6.33796e+20,3.49039e+18,2.73875e+16,1.22451e+14,7.33097e+11,1.27875e+11,2.47986e+19
2.211e-08,6.31392e+20,3.47798e+18,2.72926e+16,1.2203e+14,7.30583e+11,1.27436e+11,2.46158e+19
2.214e-08,6.28987e+20,3.46556e+18,2.71977e+16,1.2161e+14,7.28069e+11,1.26998e+11,2.44329e+19
2.217e-08,6.26583e+20,3.45314e+18,2.71028e+16,1.21189e+14,7.25556e+11,1.2656e+11,2.42501e+19
2.22e-08,6.24178e+20,3.44073e+18,2.70079e+16,1.20768e+14,7.23042e+11,1.26122e+11,2.40672e+19
2.223e-08,6.21775e+20,3.42809e+18,2.69106e+16,1.20336e+14,7.20458e+11,1.25671e+11,2.38951e+19
2.226e-08,6.19372e+20,3.41546e+18,2.68133e+16,1.19903e+14,7.17874e+11,1.25221e+11,2.3723e+19
2.229e-08,6.16969e+20,3.40283e+18,2.6716e+16,1.19471e+14,7.1529e+11,1.2477e+11,2.35509e+19
2.232e-08,6.14566e+20,3.39019e+18,2.66187e+16,1.19039e+14,7.12706e+11,1.2432e+11,2.33788e+19
2.235e-08,6.12162e+20,3.37756e+18,2.65215e+16,1.18606e+14,7.10122e+11,1.23869e+11,2.32066e+19
2.238e-08,6.09759e+20,3.36493e+18,2.64242e+16,1.18174e+14,7.07539e+11,1.23419e+11,2.30345e+19
2.241e-08,6.07356e+20,3.35229e+18,2.63269e+16,1.17742e+14,7.04955e+11,1.22968e+11,2.28624e+19
2.244e-08,6.04953e+20,3.33966e+18,2.62296e+16,1.17309e+14,7.02371e+11,1.22518e+11,2.26903e+19
2.247e-08,6.0255e+20,3.32703e+18,2.61324e+16,1.16877e+14,6.99787e+11,1.22067e+11,2.25182e+19
2.25e-08,6.00146e+20,3.31439e+18,2.60351e+16,1.16445e+14,6.97203e+11,1.21616e+11,2.23461e+19
2.253e-08,5.97743e+20,3.30176e+18,2.59378e+16,1.16012e+14,6.94619e+11,1.21166e+11,2.21739e+19
2.256e-08,5.9534e+20,3.28913e+18,2.58405e+16,1.1558e+14,6.92035e+11,1.20715e+11,2.20018e+19
2.259e-08,5.92937e+20,3.27649e+18,2.57433e+16,1.15148e+14,6.89451e+11,1.20265e+11,2.18297e+19
2.262e-08,5.90534e+20,3.26386e+18,2.5646e+16,1.14716e+14,6.86868e+11,1.19814e+11,2.16576e+19
2.265e-08,5.8813e+20,3.25123e+18,2.55487e+16,1.14283e+14,6.84284e+11,1.19364e+11,2.14855e+19
2.268e-08,5.85727e+20,3.23859e+18,2.54514e+16,1.13851e+14,6.817e+11,1.18913e+11,2.13134e+19
2.271e-08,5.83324e+20,3.22596e+18,2.53541e+16,1.13419e+14,6.79116e+11,1.18463e+11,2.11412e+19
2.274e-08,5.80921e+20,3.21333e+18,2.52569e+16,1.12986e+14,6.76532e+11,1.18012e+11,2.09691e+19
2.277e-08,5.78518e+20,3.20069e+18,2.51596e+16,1.12554e+14,6.73948e+11,1.17562e+11,2.0797e+19
2.28e-08,5.76114e+20,3.18806e+18,2.50623e+16,1.12122e+14,6.71364e+11,1.17111e+11,2.06249e+19
2.283e-08,5.73712e+20,3.17524e+18,2.4963e+16,1.1168e+14,6.6872e+11,1.1665e+11,2.04643e+19
2.286e-08,5.7131e+20,3.16242e+18,2.48637e+16,1.11237e+14,6.66076e+11,1.16189e+11,2.03037e+19
2.289e-08,5.68908e+20,3.14961e+18,2.47644e+16,1.10795e+14,6.63432e+11,1.15728e+11,2.01432e+19
2.292e-08,5.66505e+20,3.13679e+18,2.46651e+16,1.10353e+14,6.60788e+11,1.15267e+11,1.99826e+19
2.295e-08,5.64103e+20,3.12397e+18,2.45658e+16,1.09911e+14,6.58144e+11,1.14806e+11,1.9822e+19
2.298e-08,5.61701e+20,3.11115e+18,2.44665e+16,1.09469e+14,6.555e+11,1.14345e+11,1.96615e+19
2.301e-08,5.59299e+20,3.09833e+18,2.43672e+16,1.09027e+14,6.52856e+11,1.13884e+11,1.95009e+19
2.304e-08,5.56896e+20,3.08552e+18,2.4268e+16,1.08585e+14,6.50212e+11,1.13423e+11,1.93403e+19
2.307e-08,5.54494e+20,3.0727e+18,2.41687e+16,1.08142e+14,6.47568e+11,1.12962e+11,1.91797e+19
2.31e-08,5.52092e+20,3.05988e+18,2.40694e+16,1.077e+14,6.44924e+11,1.12501e+11,1.90192e+19
2.313e-08,5.4969e+20,3.04706e+18,2.39701e+16,1.07258e+14,6.4228e+11,1.12039e+11,1.88586e+19
2.316e-08,5.47287e+20,3.03425e+18,2.38708e+16,1.06816e+14,6.39636e+11,1.11578e+11,1.8698e+19
2.319e-08,5.44885e+20,3.02143e+18,2.37715e+16,1.06374e+14,6.36992e+11,1.11117e+11,1.85374e+19
2.322e-08,5.42483e+20,3.00861e+18,2.36722e+16,1.05932e+14,6.34348e+11,1.10656e+11,1.83769e+19
2.325e-08,5.4008e+20,2.99579e+18,2.35729e+16,1.0549e+14,6.31704e+11,1.10195e+11,1.82163e+19
2.328e-08,5.37678e+20,2.98297e+18,2.34736e+16,1.05048e+14,6.2906e+11,1.09734e+11,1.80557e+19
2.331e-08,5.35276e+20,2.97016e+18,2.33743e+16,1.04605e+14,6.26416e+11,1.09273e+11,1.78952e+19
2.334e-08,5.32874e+20,2.95734e+18,2.3275e+16,1.04163e+14,6.23772e+11,1.08812e+11,1.77346e+19
2.337e-08,5.30471e+20,2.94452e+18,2.31757e+16,1.03721e+14,6.21128e+11,1.08351e+11,1.7574e+19
2.34e-08,5.28069e+20,2.9317e+18,2.30764e+16,1.03279e+14,6.18484e+11,1.0789e+11,1.74134e+19
2.343e-08,5.25668e+20,2.91873e+18,2.29754e+16,1.02829e+14,6.15789e+11,1.0742e+11,1.72651e+19
2.346e-08,5.23266e+20,2.90576e+18,2.28744e+16,1.02378e+14,6.13095e+11,1.0695e+11,1.71168e+19
2.349e-08,5.20865e+20,2.89278e+18,2.27734e+16,1.01928e+14,6.104e+11,1.0648e+11,1.69685e+19
2.352e-08,5.18463e+20,2.87981e+18,2.26724e+16,1.01477e+14,6.07705e+11,1.0601e+11,1.68201e+19
2.355e-08,5.16061e+20,2.86684e+18,2.25714e+16,1.01027e+14,6.0501e+11,1.0554e+11,1.66718e+19
2.358e-08,5.1366e+20,2.85386e+18,2.24704e+16,1.00576e+14,6.02316e+11,1.0507e+11,1.65235e+19
2.361e-08,5.11258e+20,2.84089e+18,2.23694e+16,1.00126e+14,5.99621e+11,1.046e+11,1.63752e+19
2.364e-08,5.08857e+20,2.82792e+18,2.22684e+16,9.96755e+13,5.96926e+11,1.0413e+11,1.62268e+19
2.367e-08,5.06455e+20,2.81495e+18,2.21674e+16,9.92251e+13,5.94231e+11,1.0366e+11,1.60785e+19
2.37e-08,5.04054e+20,2.80197e+18,2.20664e+16,9.87747e+13,5.91537e+11,1.0319e+11,1.59302e+19
2.373e-08,5.01652e+20,2.789e+18,2.19654e+16,9.83243e+13,5.88842e+11,1.0272e+11,1.57819e+19
2.376e-08,4.99251e+20,2.77603e+18,2.18644e+16,9.78738e+13,5.86147e+11,1.0225e+11,1.56336e+19
2.379e-08,4.96849e+20,2.76305e+18,2.17634e+16,9.74234e+13,5.83452e+11,1.0178e+11,1.54852e+19
2.382e-08,4.94448e+20,2.75008e+18,2.16624e+16,9.6973e+13,5.80758e+11,1.0131e+11,1.53369e+19
2.385e-08,4.92046e+20,2.73711e+18,2.15614e+16,9.65225e+13,5.78063e+11,1.0084e+11,1.51886e+19
2.388e-08,4.89645e+20,2.72413e+18,2.14604e+16,9.60721e+13,5.75368e+11,1.0037e+11,1.50403e+19
2.391e-08,4.87243e+20,2.71116e+18,2.13594e+16,9.56217e+13,5.72673e+11,9.99003e+10,1.48919e+19
2.394e-08,4.84842e+20,2.69819e+18,2.12585e+16,9.51713e+13,5.69979e+11,9.94304e+10,1.47436e+19
2.397e-08,4.8244e+20,2.68522e+18,2.11575e+16,9.47208e+13,5.67284e+11,9.89604e+10,1.45953e+19
2.4e-08,4.80038e+20,2.67224e+18,2.10565e+16,9.42704e+13,5.64589e+11,9.84904e+10,1.4447e+19
2.403e-08,4.77637e+20,2.65914e+18,2.0954e+16,9.38131e+13,5.61852e+11,9.80131e+10,1.43115e+19
2.406e-08,4.75236e+20,2.64604e+18,2.08516e+16,9.33558e+13,5.59115e+11,9.75357e+10,1.4176e+19
2.409e-08,4.72835e+20,2.63294e+18,2.07492e+16,9.28985e+13,5.56378e+11,9.70583e+10,1.40405e+19
2.412e-08,4.70434e+20,2.61984e+18,2.06468e+16,9.24412e+13,5.53641e+11,9.6581e+10,1.3905e+19
2.415e-08,4.68033e+20,2.60674e+18,2.05444e+16,9.19839e+13,5.50904e+11,9.61036e+10,1.37695e+19
2.418e-08,4.65632e+20,2.59364e+18,2.0442e+16,9.15266e+13,5.48168e+11,9.56263e+10,1.3634e+19
2.421e-08,4.63231e+20,2.58053e+18,2.03396e+16,9.10692e+13,5.45431e+11,9.51489e+10,1.34985e+19
2.424e-08,4.6083e+20,2.56743e+18,2.02372e+16,9.06119e+13,5.42694e+11,9.46716e+10,1.33631e+19
2.427e-08,4.58429e+20,2.55433e+18,2.01348e+16,9.01546e+13,5.39957e+11,9.41942e+10,1.32276e+19
2.43e-08,4.56028e+20,2.54123e+18,2.00324e+16,8.96973e+13,5.3722e+11,9.37168e+10,1.30921e+19
2.433e-08,4.53627e+20,2.52813e+18,1.993e+16,8.924e+13,5.34483e+11,9.32395e+10,1.29566e+19
2.436e-08,4.51226e+20,2.51503e+18,1.98276e+16,8.87827e+13,5.31746e+11,9.27621e+10,1.28211e+19
2.439e-08,4.48825e+20,2.50193e+18,1.97251e+16,8.83254e+13,5.29009e+11,9.22847e+10,1.26856e+19
2.442e-08,4.46424e+20,2.48883e+18,1.96227e+16,8.78681e+13,5.26272e+11,9.18074e+10,1.25501e+19
2.445e-08,4.44023e+20,2.47573e+18,1.95203e+16,8.74108e+13,5.23535e+11,9.133e+10,1.24146e+19
2.448e-08,4.41622e+20,2.46262e+18,1.94179e+16,8.69535e+13,5.20799e+11,9.08527e+10,1.22792e+19
2.451e-08,4.39221e+20,2.44952e+18,1.93155e+16,8.64962e+13,5.18062e+11,9.03753e+10,1.21437e+19
2.454e-08,4.3682e+20,2.43642e+18,1.92131e+16,8.60389e+13,5.15325e+11,8.9898e+10,1.20082e+19
2.457e-08,4.34419e+20,2.42332e+18,1.91107e+16,8.55815e+13,5.12588e+11,8.94206e+10,1.18727e+19
2.46e-08,4.32018e+20,2.41022e+18,1.90083e+16,8.51242e+13,5.09851e+11,8.89432e+10,1.17372e+19
2.463e-08,4.29618e+20,2.39701e+18,1.89047e+16,8.46613e+13,5.0708e+11,8.84599e+10,1.1615e+19
2.466e-08,4.27217e+20,2.38381e+18,1.88012e+16,8.41984e+13,5.04309e+11,8.79765e+10,1.14929e+19
2.469e-08,4.24816e+20,2.3706e+18,1.86976e+16,8.37355e+13,5.01537e+11,8.74931e+10,1.13707e+19
2.472e-08,4.22416e+20,2.3574e+18,1.85941e+16,8.32726e+13,4.98766e+11,8.70098e+10,1.12486e+19
2.475e-08,4.20015e+20,2.34419e+18,1.84905e+16,8.28097e+13,4.95995e+11,8.65264e+10,1.11264e+19
2.478e-08,4.17615e+20,2.33099e+18,1.8387e+16,8.23468e+13,4.93224e+11,8.6043e+10,1.10042e+19
2.481e-08,4.15214e+20,2.31778e+18,1.82834e+16,8.18839e+13,4.90453e+11,8.55596e+10,1.08821e+19
2.484e-08,4.12813e+20,2.30458e+18,1.81799e+16,8.1421e+13,4.87682e+11,8.50763e+10,1.07599e+19
2.487e-08,4.10413e+20,2.29137e+18,1.80763e+16,8.09581e+13,4.84911e+11,8.45929e+10,1.06377e+19
2.49e-08,4.08012e+20,2.27817e+18,1.79728e+16,8.04952e+13,4.82139e+11,8.41095e+10,1.05156e+19
2.493e-08,4.05611e+20,2.26496e+18,1.78692e+16,8.00323e+13,4.79368e+11,8.36262e+10,1.03934e+19
2.496e-08,4.03211e+20,2.25176e+18,1.77657e+16,7.95694e+13,4.76597e+11,8.31428e+10,1.02713e+19
2.499e-08,4.0081e+20,2.23855e+18,1.76621e+16,7.91065e+13,4.73826e+11,8.26594e+10,1.01491e+19
2.502e-08,3.9841e+20,2.22535e+18,1.75585e+16,7.86436e+13,4.71055e+11,8.21761e+10,1.00269e+19
2.505e-08,3.96009e+20,2.21214e+18,1.7455e+16,7.81807e+13,4.68284e+11,8.16927e+10,9.90476e+18
2.508e-08,3.93608e+20,2.19894e+18,1.73514e+16,7.77178e+13,4.65512e+11,8.12093e+10,9.7826e+18
2.511e-08,3.91208e+20,2.18573e+18,1.72479e+16,7.72549e+13,4.62741e+11,8.0726e+10,9.66044e+18
2.514e-08,3.88807e+20,2.17253e+18,1.71443e+16,7.6792e+13,4.5997e+11,8.02426e+10,9.53828e+18
2.517e-08,3.86406e+20,2.15932e+18,1.70408e+16,7.63291e+13,4.57199e+11,7.97592e+10,9.41611e+18
2.52e-08,3.84006e+20,2.14612e+18,1.69372e+16,7.58662e+13,4.54428e+11,7.92759e+10,9.29395e+18
2.523e-08,3.81605e+20,2.13283e+18,1.68328e+16,7.53989e+13,4.51629e+11,7.87877e+10,9.1855e+18
2.526e-08,3.79205e+20,2.11955e+18,1.67283e+16,7.49315e+13,4.48831e+11,7.82996e+10,9.07706e+18
2.529e-08,3.76805e+20,2.10626e+18,1.66238e+16,7.44642e+13,4.46033e+11,7.78115e+10,8.96861e+18
2.532e-08,3.74405e+20,2.09297e+18,1.65194e+16,7.39969e+13,4.43235e+11,7.73233e+10,8.86017e+18
2.535e-08,3.72004e+20,2.07968e+18,1.64149e+16,7.35295e+13,4.40436e+11,7.68352e+10,8.75172e+18
2.538e-08,3.69604e+20,2.0664e+18,1.63105e+16,7.30622e+13,4.37638e+11,7.63471e+10,8.64327e+18
2.541e-08,3.67203e+20,2.05311e+18,1.6206e+16,7.25949e+13,4.3484e+11,7.58589e+10,8.53482e+18
2.544e-08,3.64803e+20,2.03982e+18,1.61015e+16,7.21275e+13,4.32041e+11,7.53708e+10,8.42638e+18
2.547e-08,3.62403e+20,2.02654e+18,1.59971e+16,7.16602e+13,4.29243e+11,7.48827e+10,8.31793e+18
2.55e-08,3.60002e+20,2.01325e+18,1.58926e+16,7.11929e+13,4.26445e+11,7.43946e+10,8.20948e+18
2.553e-08,3.57602e+20,1.99996e+18,1.57881e+16,7.07255e+13,4.23646e+11,7.39064e+10,8.10104e+18
2.556e-08,3.55202e+20,1.98667e+18,1.56837e+16,7.02582e+13,4.20848e+11,7.34183e+10,7.99259e+18
2.559e-08,3.52801e+20,1.97339e+18,1.55792e+16,6.97909e+13,4.1805e+11,7.29301e+10,7.88414e+18
2.562e-08,3.50401e+20,1.9601e+18,1.54748e+16,6.93235e+13,4.15251e+11,7.2442e+10,7.7757e+18
2.565e-08,3.48001e+20,1.94681e+18,1.53703e+16,6.88562e+13,4.12453e+11,7.19539e+10,7.66725e+18
2.568e-08,3.456e+20,1.93353e+18,1.52658e+16,6.83889e+13,4.09655e+11,7.14658e+10,7.5588e+18
2.571e-08,3.432e+20,1.92024e+18,1.51614e+16,6.79215e+13,4.06856e+11,7.09776e+10,7.45035e+18
2.574e-08,3.408e+20,1.90695e+18,1.50569e+16,6.74542e+13,4.04058e+11,7.04895e+10,7.34191e+18
2.577e-08,3.38399e+20,1.89366e+18,1.49525e+16,6.69869e+13,4.0126e+11,7.00014e+10,7.23346e+18
2.58e-08,3.35999e+20,1.88038e+18,1.4848e+16,6.65195e+13,3.98462e+11,6.95132e+10,7.12502e+18
2.583e-08,3.33599e+20,1.86703e+18,1.47428e+16,6.60488e+13,3.95642e+11,6.90214e+10,7.03059e+18
2.586e-08,3.31199e+20,1.85368e+18,1.46377e+16,6.55781e+13,3.92823e+11,6.85297e+10,6.93617e+18
2.589e-08,3.28798e+20,1.84033e+18,1.45325e+16,6.51073e+13,3.90004e+11,6.80379e+10,6.84174e+18
2.592e-08,3.26398e+20,1.82698e+18,1.44274e+16,6.46366e+13,3.87185e+11,6.75461e+10,6.74732e+18
2.595e-08,3.23998e+20,1.81363e+18,1.43222e+16,6.41659e+13,3.84366e+11,6.70543e+10,6.6529e+18
2.598e-08,3.21598e+20,1.80028e+18,1.42171e+16,6.36951e+13,3.81547e+11,6.65625e+10,6.55848e+18
2.601e-08,3.19198e+20,1.78693e+18,1.41119e+16,6.32244e+13,3.78727e+11,6.60707e+10,6.46405e+18
2.604e-08,3.16798e+20,1.77358e+18,1.40067e+16,6.27537e+13,3.75908e+11,6.55789e+10,6.36963e+18
2.607e-08,3.14397e+20,1.76023e+18,1.39016e+16,6.22829e+13,3.73089e+11,6.50871e+10,6.27521e+18
2.61e-08,3.11997e+20,1.74688e+18,1.37964e+16,6.18122e+13,3.7027e+11,6.45954e+10,6.18079e+18
2.613e-08,3.09597e+20,1.73353e+18,1.36913e+16,6.13414e+13,3.67451e+11,6.41036e+10,6.08636e+18
2.616e-08,3.07197e+20,1.72018e+18,1.35861e+16,6.08707e+13,3.64632e+11,6.36118e+10,5.99194e+18
2.619e-08,3.04797e+20,1.70683e+18,1.3481e+16,6.04e+13,3.61812e+11,6.312e+10,5.89751e+18
2.622e-08,3.02396e+20,1.69348e+18,1.33758e+16,5.99292e+13,3.58993e+11,6.26282e+10,5.80309e+18
2.625e-08,2.99996e+20,1.68013e+18,1.32706e+16,5.94585e+13,3.56174e+11,6.21364e+10,5.70867e+18
2.628e-08,2.97596e+20,1.66678e+18,1.31655e+16,5.89878e+13,3.53355e+11,6.16446e+10,5.61425e+18
2.631e-08,2.95196e+20,1.65343e+18,1.30603e+16,5.8517e+13,3.50536e+11,6.11528e+10,5.51982e+18
2.634e-08,2.92796e+20,1.64008e+18,1.29552e+16,5.80463e+13,3.47717e+11,6.06611e+10,5.4254e+18
2.637e-08,2.90396e+20,1.62673e+18,1.285e+16,5.75756e+13,3.44897e+11,6.01692e+10,5.33097e+18
2.64e-08,2.87995e+20,1.61338e+18,1.27449e+16,5.71048e+13,3.42078e+11,5.96775e+10,5.23655e+18
2.643e-08,2.85595e+20,1.59998e+18,1.26392e+16,5.66316e+13,3.39244e+11,5.9183e+10,5.15638e+18
2.646e-08,2.83195e+20,1.58658e+18,1.25335e+16,5.61583e+13,3.36409e+11,5.86885e+10,5.07621e+18
2.649e-08,2.80795e+20,1.57319e+18,1.24279e+16,5.56851e+13,3.33575e+11,5.8194e+10,4.99604e+18
2.652e-08,2.78395e+20,1.55979e+18,1.23222e+16,5.52119e+13,3.3074e+11,5.76995e+10,4.91587e+18
2.655e-08,2.75995e+20,1.5464e+18,1.22165e+16,5.47386e+13,3.27906e+11,5.7205e+10,4.8357e+18
2.658e-08,2.73595e+20,1.533e+18,1.21109e+16,5.42654e+13,3.25071e+11,5.67106e+10,4.75553e+18
2.661e-08,2.71195e+20,1.5196e+18,1.20052e+16,5.37921e+13,3.22237e+11,5.62161e+10,4.67535e+18
2.664e-08,2.68795e+20,1.50621e+18,1.18995e+16,5.33189e+13,3.19402e+11,5.57216e+10,4.59518e+18
2.667e-08,2.66395e+20,1.49281e+18,1.17938e+16,5.28456e+13,3.16568e+11,5.52271e+10,4.51501e+18
2.67e-08,2.63995e+20,1.47941e+18,1.16882e+16,5.23724e+13,3.13733e+11,5.47326e+10,4.43484e+18
2.673e-08,2.61595e+20,1.46602e+18,1.15825e+16,5.18992e+13,3.10899e+11,5.42382e+10,4.35467e+18
2.676e-08,2.59195e+20,1.45262e+18,1.14768e+16,5.14259e+13,3.08064e+11,5.37437e+10,4.2745e+18
2.679e-08,2.56795e+20,1.43923e+18,1.13712e+16,5.09527e+13,3.05229e+11,5.32492e+10,4.19433e+18
2.682e-08,2.54395e+20,1.42583e+18,1.12655e+16,5.04794e+13,3.02395e+11,5.27547e+10,4.11416e+18
2.685e-08,2.51995e+20,1.41243e+18,1.11598e+16,5.00062e+13,2.9956e+11,5.22602e+10,4.03398e+18
2.688e-08,2.49595e+20,1.39904e+18,1.10542e+16,4.9533e+13,2.96726e+11,5.17658e+10,3.95381e+18
2.691e-08,2.47194e+20,1.38564e+18,1.09485e+16,4.90597e+13,2.93891e+11,5.12713e+10,3.87364e+18
2.694e-08,2.44794e+20,1.37224e+18,1.08428e+16,4.85865e+13,2.91057e+11,5.07768e+10,3.79347e+18
2.697e-08,2.42394e+20,1.35885e+18,1.07371e+16,4.81132e+13,2.88222e+11,5.02823e+10,3.7133e+18
2.7e-08,2.39994e+20,1.34545e+18,1.06315e+16,4.764e+13,2.85388e+11,4.97878e+10,3.63313e+18
2.703e-08,2.37594e+20,1.33202e+18,1.05255e+16,4.7165e+13,2.82543e+11,4.92914e+10,3.56739e+18
2.706e-08,2.35194e+20,1.31859e+18,1.04194e+16,4.669e+13,2.79697e+11,4.87951e+10,3.50165e+18
2.709e-08,2.32794e+20,1.30517e+18,1.03134e+16,4.6215e+13,2.76852e+11,4.82987e+10,3.43591e+18
2.712e-08,2.30394e+20,1.29174e+18,1.02074e+16,4.574e+13,2.74007e+11,4.78024e+10,3.37017e+18
2.715e-08,2.27994e+20,1.27831e+18,1.01013e+16,4.5265e+13,2.71162e+11,4.7306e+10,3.30443e+18
2.718e-08,2.25594e+20,1.26488e+18,9.99532e+15,4.47901e+13,2.68317e+11,4.68097e+10,3.23869e+18
2.721e-08,2.23194e+20,1.25145e+18,9.88929e+15,4.43151e+13,2.65471e+11,4.63133e+10,3.17295e+18
2.724e-08,2.20794e+20,1.23802e+18,9.78327e+15,4.38401e+13,2.62626e+11,4.58169e+10,3.10721e+18
2.727e-08,2.18394e+20,1.22459e+18,9.67724e+15,4.33651e+13,2.59781e+11,4.53206e+10,3.04147e+18
2.73e-08,2.15995e+20,1.21117e+18,9.57122e+15,4.28901e+13,2.56936e+11,4.48242e+10,2.97573e+18
2.733e-08,2.13594e+20,1.19774e+18,9.46519e+15,4.24151e+13,2.5409e+11,4.43278e+10,2.90999e+18
2.736e-08,2.11195e+20,1.18431e+18,9.35917e+15,4.19401e+13,2.51245e+11,4.38315e+10,2.84425e+18
2.739e-08,2.08794e+20,1.17088e+18,9.25314e+15,4.14651e+13,2.484e+11,4.33351e+10,2.77851e+18
2.742e-08,2.06395e+20,1.15745e+18,9.14711e+15,4.09902e+13,2.45555e+11,4.28388e+10,2.71277e+18
2.745e-08,2.03994e+20,1.14402e+18,9.04108e+15,4.05152e+13,2.42709e+11,4.23424e+10,2.64703e+18
2.748e-08,2.01595e+20,1.1306e+18,8.93506e+15,4.00402e+13,2.39864e+11,4.18461e+10,2.58129e+18
2.751e-08,1.99195e+20,1.11717e+18,8.82903e+15,3.95652e+13,2.37019e+11,4.13497e+10,2.51555e+18
2.754e-08,1.96795e+20,1.10374e+18,8.72301e+15,3.90902e+13,2.34174e+11,4.08533e+10,2.44981e+18
2.757e-08,1.94395e+20,1.09031e+18,8.61698e+15,3.86152e+13,2.31329e+11,4.0357e+10,2.38407e+18
2.76e-08,1.91995e+20,1.07688e+18,8.51096e+15,3.81402e+13,2.28483e+11,3.98606e+10,2.31833e+18
2.763e-08,1.89595e+20,1.06343e+18,8.4047e+15,3.76641e+13,2.25631e+11,3.9363e+10,2.26708e+18
2.766e-08,1.87195e+20,1.04998e+18,8.29844e+15,3.7188e+13,2.22779e+11,3.88655e+10,2.21584e+18
2.769e-08,1.84795e+20,1.03653e+18,8.19219e+15,3.67119e+13,2.19927e+11,3.83679e+10,2.16459e+18
2.772e-08,1.82395e+20,1.02308e+18,8.08593e+15,3.62358e+13,2.17075e+11,3.78704e+10,2.11335e+18
2.775e-08,1.79995e+20,1.00964e+18,7.97968e+15,3.57597e+13,2.14223e+11,3.73728e+10,2.0621e+18
2.778e-08,1.77595e+20,9.96187e+17,7.87342e+15,3.52836e+13,2.11371e+11,3.68752e+10,2.01086e+18
2.781e-08,1.75195e+20,9.82737e+17,7.76716e+15,3.48075e+13,2.08519e+11,3.63776e+10,1.95961e+18
2.784e-08,1.72795e+20,9.69288e+17,7.66091e+15,3.43314e+13,2.05667e+11,3.58801e+10,1.90837e+18
2.787e-08,1.70395e+20,9.55839e+17,7.55465e+15,3.38552e+13,2.02814e+11,3.53825e+10,1.85712e+18
2.79e-08,1.67995e+20,9.4239e+17,7.4484e+15,3.33791e+13,1.99962e+11,3.4885e+10,1.80588e+18
2.793e-08,1.65595e+20,9.2894e+17,7.34214e+15,3.2903e+13,1.9711e+11,3.43874e+10,1.75464e+18
2.796e-08,1.63195e+20,9.15492e+17,7.23589e+15,3.24269e+13,1.94258e+11,3.38898e+10,1.70339e+18
2.799e-08,1.60795e+20,9.02042e+17,7.12963e+15,3.19508e+13,1.91406e+11,3.33922e+10,1.65215e+18
2.802e-08,1.58395e+20,8.88593e+17,7.02338e+15,3.14747e+13,1.88554e+11,3.28947e+10,1.6009e+18
2.805e-08,1.55995e+20,8.75144e+17,6.91712e+15,3.09986e+13,1.85702e+11,3.23971e+10,1.54966e+18
2.808e-08,1.53595e+20,8.61695e+17,6.81087e+15,3.05225e+13,1.8285e+11,3.18996e+10,1.49841e+18
2.811e-08,1.51195e+20,8.48245e+17,6.70461e+15,3.00463e+13,1.79998e+11,3.1402e+10,1.44717e+18
2.814e-08,1.48796e+20,8.34797e+17,6.59836e+15,2.95703e+13,1.77146e+11,3.09044e+10,1.39592e+18
2.817e-08,1.46396e+20,8.21347e+17,6.4921e+15,2.90941e+13,1.74293e+11,3.04068e+10,1.34468e+18
2.82e-08,1.43996e+20,8.07898e+17,6.38584e+15,2.8618e+13,1.71441e+11,2.99093e+10,1.29344e+18
2.823e-08,1.41596e+20,7.94437e+17,6.27946e+15,2.81413e+13,1.68585e+11,2.9411e+10,1.25693e+18
2.826e-08,1.39196e+20,7.80976e+17,6.17307e+15,2.76645e+13,1.65729e+11,2.89128e+10,1.22043e+18
2.829e-08,1.36796e+20,7.67515e+17,6.06668e+15,2.71878e+13,1.62873e+11,2.84145e+10,1.18393e+18
2.832e-08,1.34396e+20,7.54055e+17,5.9603e+15,2.6711e+13,1.60017e+11,2.79163e+10,1.14743e+18
2.835e-08,1.31996e+20,7.40593e+17,5.85391e+15,2.62343e+13,1.57161e+11,2.7418e+10,1.11092e+18
2.838e-08,1.29596e+20,7.27133e+17,5.74753e+15,2.57576e+13,1.54305e+11,2.69198e+10,1.07442e+18
2.841e-08,1.27196e+20,7.13671e+17,5.64114e+15,2.52808e+13,1.51449e+11,2.64215e+10,1.03792e+18
2.844e-08,1.24796e+20,7.00211e+17,5.53476e+15,2.48041e+13,1.48593e+11,2.59233e+10,1.00142e+18
2.847e-08,1.22396e+20,6.8675e+17,5.42837e+15,2.43273e+13,1.45737e+11,2.5425e+10,9.64913e+17
2.85e-08,1.19996e+20,6.73289e+17,5.32199e+15,2.38506e+13,1.42881e+11,2.49268e+10,9.28412e+17
2.853e-08,1.17596e+20,6.59828e+17,5.2156e+15,2.33738e+13,1.40025e+11,2.44285e+10,8.91909e+17
2.856e-08,1.15197e+20,6.46367e+17,5.10922e+15,2.28971e+13,1.37169e+11,2.39303e+10,8.55408e+17
2.859e-08,1.12796e+20,6.32906e+17,5.00283e+15,2.24203e+13,1.34313e+11,2.3432e+10,8.18905e+17
2.862e-08,1.10397e+20,6.19445e+17,4.89644e+15,2.19436e+13,1.31457e+11,2.29338e+10,7.82403e+17
2.865e-08,1.07997e+20,6.05984e+17,4.79006e+15,2.14668e+13,1.28601e+11,2.24355e+10,7.459e+17
2.868e-08,1.05597e+20,5.92524e+17,4.68367e+15,2.09901e+13,1.25745e+11,2.19373e+10,7.09399e+17
2.871e-08,1.03197e+20,5.79062e+17,4.57728e+15,2.05133e+13,1.22889e+11,2.1439e+10,6.72896e+17
2.874e-08,1.00797e+20,5.65602e+17,4.4709e+15,2.00366e+13,1.20033e+11,2.09408e+10,6.36395e+17
2.877e-08,9.83969e+19,5.52141e+17,4.36451e+15,1.95598e+13,1.17177e+11,2.04425e+10,5.99891e+17
2.88e-08,9.5997e+19,5.3868e+17,4.25813e+15,1.90831e+13,1.14321e+11,1.99443e+10,5.6339e+17
2.883e-08,9.35971e+19,5.25213e+17,4.15168e+15,1.8606e+13,1.11463e+11,1.94457e+10,5.40997e+17
2.886e-08,9.11972e+19,5.11748e+17,4.04524e+15,1.8129e+13,1.08606e+11,1.89471e+10,5.18607e+17
2.889e-08,8.87972e+19,4.98281e+17,3.93879e+15,1.7652e+13,1.05748e+11,1.84486e+10,4.96215e+17
2.892e-08,8.63974e+19,4.84815e+17,3.83235e+15,1.7175e+13,1.0289e+11,1.795e+10,4.73824e+17
2.895e-08,8.39974e+19,4.71348e+17,3.7259e+15,1.66979e+13,1.00032e+11,1.74514e+10,4.51432e+17
2.898e-08,8.15975e+19,4.57883e+17,3.61946e+15,1.62209e+13,9.71746e+10,1.69529e+10,4.29041e+17
2.901e-08,7.91975e+19,4.44416e+17,3.51301e+15,1.57438e+13,9.43167e+10,1.64543e+10,4.06649e+17
2.904e-08,7.67977e+19,4.3095e+17,3.40657e+15,1.52668e+13,9.1459e+10,1.59558e+10,3.84259e+17
2.907e-08,7.43977e+19,4.17484e+17,3.30012e+15,1.47898e+13,8.86012e+10,1.54572e+10,3.61867e+17
2.91e-08,7.19978e+19,4.04018e+17,3.19368e+15,1.43127e+13,8.57435e+10,1.49586e+10,3.39476e+17
2.913e-08,6.95978e+19,3.90551e+17,3.08723e+15,1.38357e+13,8.28856e+10,1.44601e+10,3.17084e+17
2.916e-08,6.7198e+19,3.77085e+17,2.98079e+15,1.33587e+13,8.00279e+10,1.39615e+10,2.94693e+17
2.919e-08,6.4798e+19,3.63619e+17,2.87434e+15,1.28816e+13,7.71701e+10,1.34629e+10,2.72301e+17
2.922e-08,6.23981e+19,3.50153e+17,2.7679e+15,1.24046e+13,7.43124e+10,1.29644e+10,2.4991e+17
2.925e-08,5.99981e+19,3.36686e+17,2.66146e+15,1.19275e+13,7.14545e+10,1.24658e+10,2.27518e+17
2.928e-08,5.75983e+19,3.2322e+17,2.55501e+15,1.14505e+13,6.85968e+10,1.19673e+10,2.05128e+17
2.931e-08,5.51983e+19,3.09754e+17,2.44857e+15,1.09735e+13,6.57389e+10,1.14687e+10,1.82736e+17
2.934e-08,5.27984e+19,2.96288e+17,2.34212e+15,1.04964e+13,6.28813e+10,1.09701e+10,1.60345e+17
2.937e-08,5.03984e+19,2.82821e+17,2.23568e+15,1.00194e+13,6.00234e+10,1.04716e+10,1.37953e+17
2.94e-08,4.79986e+19,2.69355e+17,2.12923e+15,9.54237e+12,5.71657e+10,9.97302e+09,1.15562e+17
2.943e-08,4.55986e+19,2.55887e+17,2.02277e+15,9.06524e+12,5.43073e+10,9.47436e+09,1.09783e+17
2.946e-08,4.31987e+19,2.4242e+17,1.91631e+15,8.58814e+12,5.14491e+10,8.97572e+09,1.04005e+17
2.949e-08,4.07987e+19,2.28952e+17,1.80985e+15,8.111e+12,4.85908e+10,8.47705e+09,9.82269e+16
2.952e-08,3.83989e+19,2.15484e+17,1.70339e+15,7.6339e+12,4.57326e+10,7.97842e+09,9.2449e+16
2.955e-08,3.59989e+19,2.02016e+17,1.59692e+15,7.15677e+12,4.28742e+10,7.47975e+09,8.66708e+16
2.958e-08,3.3599e+19,1.88549e+17,1.49046e+15,6.67966e+12,4.0016e+10,6.98111e+09,8.08929e+16
2.961e-08,3.1199e+19,1.75081e+17,1.384e+15,6.20253e+12,3.71576e+10,6.48245e+09,7.51147e+16
2.964e-08,2.87991e+19,1.61613e+17,1.27754e+15,5.72542e+12,3.42994e+10,5.98381e+09,6.93368e+16
2.967e-08,2.63991e+19,1.48145e+17,1.17108e+15,5.24829e+12,3.1441e+10,5.48515e+09,6.35585e+16
2.97e-08,2.39993e+19,1.34678e+17,1.06462e+15,4.77119e+12,2.85828e+10,4.98651e+09,5.77806e+16
2.973e-08,2.15993e+19,1.2121e+17,9.58152e+14,4.29405e+12,2.57245e+10,4.48784e+09,5.20024e+16
2.976e-08,1.91994e+19,1.07742e+17,8.51694e+14,3.81695e+12,2.28663e+10,3.98921e+09,4.62245e+16
2.979e-08,1.67994e+19,9.4274e+16,7.45229e+14,3.33982e+12,2.00079e+10,3.49054e+09,4.04463e+16
2.982e-08,1.43994e+19,8.08058e+16,6.38764e+14,2.86268e+12,1.71495e+10,2.99188e+09,3.4668e+16
2.985e-08,1.19996e+19,6.73384e+16,5.32305e+14,2.38558e+12,1.42913e+10,2.49324e+09,2.88902e+16
2.988e-08,9.59972e+18,5.38711e+16,4.25847e+14,1.90847e+12,1.14331e+10,1.9946e+09,2.31123e+16
2.991e-08,7.19986e+18,4.04037e+16,3.19388e+14,1.43137e+12,8.57494e+09,1.49597e+09,1.73344e+16
2.994e-08,4.79972e+18,2.69347e+16,2.12917e+14,9.54209e+11,5.7164e+09,9.97273e+08,1.15558e+16
2.997e-08,2.39986e+18,1.34674e+16,1.06459e+14,4.77105e+11,2.8582e+09,4.98636e+08,5.77789e+15
3e-08,0,0,0,0,0,0,0
