"arc_length","2","3","4","1","6","cb","5"
0,0,0,0,0,0,0,0
5e-10,4.33973e+17,9.49018e+15,5.19006e+14,6.71181e+20,7.02374e+13,9.16207e+18,7.10227e+13
1e-09,8.65885e+17,1.89755e+16,1.03795e+15,1.24927e+21,1.40471e+14,3.4277e+19,1.42041e+14
1.5e-09,1.28932e+18,2.84446e+16,1.5567e+15,1.69432e+21,2.10692e+14,6.98227e+19,2.13046e+14
2e-09,1.69629e+18,3.78813e+16,2.07504e+15,1.98966e+21,2.80888e+14,1.09467e+20,2.84022e+14
2.5e-09,2.08027e+18,4.72681e+16,2.59273e+15,2.15217e+21,3.51046e+14,1.48259e+20,3.54954e+14
3e-09,2.43771e+18,5.6589e+16,3.10956e+15,2.22183e+21,4.21151e+14,1.84043e+20,4.25825e+14
3.5e-09,2.76769e+18,6.583e+16,3.62532e+15,2.24032e+21,4.9119e+14,2.17e+20,4.96622e+14
4e-09,3.07094e+18,7.49794e+16,4.13982e+15,2.23663e+21,5.61153e+14,2.48191e+20,5.6733e+14
4.5e-09,3.34886e+18,8.40276e+16,4.65288e+15,2.22539e+21,6.31029e+14,2.78499e+20,6.37939e+14
5e-09,3.60303e+18,9.2966e+16,5.16436e+15,2.21214e+21,7.00807e+14,3.08365e+20,7.08435e+14
5.5e-09,3.83495e+18,1.01787e+17,5.67406e+15,2.19852e+21,7.70476e+14,3.37946e+20,7.78807e+14
6e-09,4.0461e+18,1.10483e+17,6.18186e+15,2.18486e+21,8.40028e+14,3.67282e+20,8.49044e+14
6.5e-09,4.23795e+18,1.1905e+17,6.6876e+15,2.17124e+21,9.09452e+14,3.96381e+20,9.19134e+14
7e-09,4.41176e+18,1.27481e+17,7.19114e+15,2.15766e+21,9.78738e+14,4.25241e+20,9.89067e+14
7.5e-09,4.56877e+18,1.35774e+17,7.69233e+15,2.14413e+21,1.04788e+15,4.53865e+20,1.05883e+15
8e-09,4.70599e+18,1.4388e+17,8.19029e+15,2.13065e+21,1.11681e+15,4.82236e+20,1.12836e+15
8.5e-09,4.83136e+18,1.51867e+17,8.68611e+15,2.11721e+21,1.18561e+15,5.10359e+20,1.19774e+15
9e-09,4.94592e+18,1.59731e+17,9.17964e+15,2.10381e+21,1.25427e+15,5.3828e+20,1.26695e+15
9.5e-09,5.04568e+18,1.67424e+17,9.67e+15,2.09046e+21,1.32272e+15,5.65924e+20,1.33593e+15
1e-08,5.13498e+18,1.74976e+17,1.01576e+16,2.07716e+21,1.39099e+15,5.93347e+20,1.4047e+15
1.05e-08,5.21244e+18,1.82368e+17,1.0642e+16,2.0639e+21,1.45906e+15,6.20518e+20,1.47325e+15
1.1e-08,5.27991e+18,1.89603e+17,1.11232e+16,2.0507e+21,1.52691e+15,6.47444e+20,1.54155e+15
1.15e-08,5.33799e+18,1.9669e+17,1.16014e+16,2.03754e+21,1.59457e+15,6.74137e+20,1.60962e+15
1.2e-08,5.38661e+18,2.03605e+17,1.20757e+16,2.02443e+21,1.66197e+15,7.00562e+20,1.6774e+15
1.25e-08,5.42788e+18,2.10385e+17,1.25472e+16,2.01137e+21,1.72918e+15,7.26777e+20,1.74497e+15
1.3e-08,5.46027e+18,2.16979e+17,1.30143e+16,1.99837e+21,1.79611e+15,7.52698e+20,1.81221e+15
1.35e-08,5.48697e+18,2.23452e+17,1.34787e+16,1.98541e+21,1.86285e+15,7.78433e+20,1.87924e+15
1.4e-08,5.50542e+18,2.29727e+17,1.39383e+16,1.97251e+21,1.92926e+15,8.0385e+20,1.9459e+15
1.45e-08,5.51953e+18,2.35896e+17,1.43954e+16,1.95965e+21,1.99549e+15,8.29103e+20,2.01236e+15
1.5e-08,5.52601e+18,2.41854e+17,1.48471e+16,1.94687e+21,2.06136e+15,8.54016e+20,2.0784e+15
1.55e-08,5.52927e+18,2.47722e+17,1.52966e+16,1.93412e+21,2.12707e+15,8.78785e+20,2.14427e+15
1.6e-08,5.52552e+18,2.53369e+17,1.57402e+16,1.92144e+21,2.19237e+15,9.03193e+20,2.20967e+15
1.65e-08,5.51945e+18,2.58941e+17,1.61818e+16,1.9088e+21,2.25753e+15,9.2748e+20,2.27491e+15
1.7e-08,5.50699e+18,2.64282e+17,1.66169e+16,1.89624e+21,2.32223e+15,9.51382e+20,2.33964e+15
1.75e-08,5.49292e+18,2.69563e+17,1.70504e+16,1.8837e+21,2.38681e+15,9.75186e+20,2.40423e+15
1.8e-08,5.47308e+18,2.74605e+17,1.74769e+16,1.87126e+21,2.45089e+15,9.98583e+20,2.46826e+15
1.85e-08,5.45217e+18,2.79603e+17,1.79022e+16,1.85883e+21,2.51488e+15,1.0219e+21,2.53218e+15
1.9e-08,5.4261e+18,2.84353e+17,1.83199e+16,1.84651e+21,2.57832e+15,1.0448e+21,2.59548e+15
1.95e-08,5.39939e+18,2.89073e+17,1.87367e+16,1.83419e+21,2.64168e+15,1.06764e+21,2.6587e+15
2e-08,5.36808e+18,2.93541e+17,1.91454e+16,1.82199e+21,2.70445e+15,1.09003e+21,2.72126e+15
2.05e-08,5.33647e+18,2.97991e+17,1.95536e+16,1.8098e+21,2.76718e+15,1.11239e+21,2.78376e+15
2.1e-08,5.3008e+18,3.02184e+17,1.99533e+16,1.79771e+21,2.82926e+15,1.13428e+21,2.84555e+15
2.15e-08,5.26497e+18,3.06364e+17,2.03525e+16,1.78564e+21,2.89131e+15,1.15615e+21,2.90729e+15
2.2e-08,5.22581e+18,3.10299e+17,2.07432e+16,1.77368e+21,2.9527e+15,1.17755e+21,2.96831e+15
2.25e-08,5.18643e+18,3.14214e+17,2.11332e+16,1.76173e+21,3.01405e+15,1.19892e+21,3.02927e+15
2.3e-08,5.14445e+18,3.17903e+17,2.1515e+16,1.74989e+21,3.07475e+15,1.21985e+21,3.08951e+15
2.35e-08,5.10219e+18,3.21562e+17,2.18957e+16,1.73806e+21,3.13536e+15,1.24073e+21,3.14965e+15
2.4e-08,5.05791e+18,3.25013e+17,2.22685e+16,1.72635e+21,3.19536e+15,1.26119e+21,3.20911e+15
2.45e-08,5.01332e+18,3.28425e+17,2.26398e+16,1.71465e+21,3.25523e+15,1.28157e+21,3.26843e+15
2.5e-08,4.96721e+18,3.31648e+17,2.30037e+16,1.70305e+21,3.3145e+15,1.30156e+21,3.32708e+15
2.55e-08,4.92078e+18,3.34822e+17,2.33656e+16,1.69149e+21,3.37361e+15,1.32145e+21,3.38556e+15
2.6e-08,4.87323e+18,3.37824e+17,2.37204e+16,1.68002e+21,3.43215e+15,1.34098e+21,3.4434e+15
2.65e-08,4.82539e+18,3.40769e+17,2.40729e+16,1.66858e+21,3.49049e+15,1.36038e+21,3.50102e+15
2.7e-08,4.77676e+18,3.43559e+17,2.44187e+16,1.65723e+21,3.54828e+15,1.37945e+21,3.55803e+15
2.75e-08,4.72788e+18,3.46284e+17,2.47617e+16,1.64593e+21,3.60584e+15,1.39837e+21,3.61478e+15
2.8e-08,4.67846e+18,3.48869e+17,2.50985e+16,1.63471e+21,3.66287e+15,1.41698e+21,3.67095e+15
2.85e-08,4.62886e+18,3.51384e+17,2.54321e+16,1.62353e+21,3.71963e+15,1.43543e+21,3.72682e+15
2.9e-08,4.57893e+18,3.53773e+17,2.57599e+16,1.61244e+21,3.77589e+15,1.45358e+21,3.78215e+15
2.95e-08,4.52888e+18,3.56086e+17,2.60841e+16,1.6014e+21,3.83184e+15,1.47156e+21,3.83712e+15
3e-08,4.47865e+18,3.58287e+17,2.64029e+16,1.59043e+21,3.88733e+15,1.48926e+21,3.89159e+15
3.05e-08,4.42839e+18,3.60406e+17,2.67177e+16,1.57952e+21,3.94246e+15,1.50677e+21,3.94567e+15
3.1e-08,4.37808e+18,3.62426e+17,2.70276e+16,1.56869e+21,3.99716e+15,1.52403e+21,3.99928e+15
3.15e-08,4.3278e+18,3.6436e+17,2.73331e+16,1.55791e+21,4.05146e+15,1.54107e+21,4.05245e+15
3.2e-08,4.27757e+18,3.66208e+17,2.76341e+16,1.5472e+21,4.10537e+15,1.55789e+21,4.10519e+15
3.25e-08,4.22746e+18,3.67965e+17,2.79304e+16,1.53656e+21,4.15884e+15,1.57447e+21,4.15745e+15
3.3e-08,4.17745e+18,3.69647e+17,2.82226e+16,1.52598e+21,4.21194e+15,1.59086e+21,4.20931e+15
3.35e-08,4.12765e+18,3.71235e+17,2.85096e+16,1.51548e+21,4.26457e+15,1.60699e+21,4.26065e+15
3.4e-08,4.078e+18,3.72759e+17,2.87931e+16,1.50503e+21,4.31687e+15,1.62295e+21,4.31164e+15
3.45e-08,4.02864e+18,3.74185e+17,2.9071e+16,1.49466e+21,4.36865e+15,1.63863e+21,4.36205e+15
3.5e-08,3.97944e+18,3.75558e+17,2.93458e+16,1.48433e+21,4.42014e+15,1.65416e+21,4.41215e+15
3.55e-08,3.93062e+18,3.7683e+17,2.96147e+16,1.4741e+21,4.47107e+15,1.6694e+21,4.46164e+15
3.6e-08,3.88198e+18,3.78058e+17,2.98809e+16,1.46391e+21,4.52175e+15,1.68451e+21,4.51086e+15
3.65e-08,3.83379e+18,3.79184e+17,3.01409e+16,1.45381e+21,4.57183e+15,1.69932e+21,4.55942e+15
3.7e-08,3.78577e+18,3.80274e+17,3.03986e+16,1.44374e+21,4.62168e+15,1.71402e+21,4.60775e+15
3.75e-08,3.73829e+18,3.8126e+17,3.06498e+16,1.43377e+21,4.6709e+15,1.7284e+21,4.65538e+15
3.8e-08,3.69097e+18,3.82218e+17,3.08991e+16,1.42384e+21,4.71994e+15,1.74269e+21,4.70282e+15
3.85e-08,3.64426e+18,3.83072e+17,3.11416e+16,1.41401e+21,4.7683e+15,1.75664e+21,4.74952e+15
3.9e-08,3.59767e+18,3.83904e+17,3.13826e+16,1.4042e+21,4.81651e+15,1.77053e+21,4.79607e+15
3.95e-08,3.55178e+18,3.84631e+17,3.16165e+16,1.3945e+21,4.864e+15,1.78406e+21,4.84184e+15
4e-08,3.50599e+18,3.85343e+17,3.18494e+16,1.38482e+21,4.91139e+15,1.79755e+21,4.8875e+15
4.05e-08,3.46095e+18,3.8595e+17,3.20749e+16,1.37525e+21,4.95803e+15,1.81068e+21,4.93235e+15
4.1e-08,3.41598e+18,3.86548e+17,3.22997e+16,1.3657e+21,5.00459e+15,1.82378e+21,4.97712e+15
4.15e-08,3.37184e+18,3.87041e+17,3.25168e+16,1.35627e+21,5.05036e+15,1.8365e+21,5.02103e+15
4.2e-08,3.32773e+18,3.87528e+17,3.27335e+16,1.34684e+21,5.09609e+15,1.8492e+21,5.06491e+15
4.25e-08,3.28449e+18,3.87914e+17,3.29425e+16,1.33754e+21,5.14101e+15,1.86153e+21,5.10791e+15
4.3e-08,3.2413e+18,3.88294e+17,3.31511e+16,1.32825e+21,5.18588e+15,1.87384e+21,5.15086e+15
4.35e-08,3.19894e+18,3.88581e+17,3.33524e+16,1.31908e+21,5.22997e+15,1.8858e+21,5.19298e+15
4.4e-08,3.15669e+18,3.88859e+17,3.35529e+16,1.30991e+21,5.27398e+15,1.89772e+21,5.23501e+15
4.45e-08,3.11523e+18,3.89052e+17,3.37466e+16,1.30086e+21,5.31725e+15,1.90931e+21,5.27626e+15
4.5e-08,3.07392e+18,3.89232e+17,3.39392e+16,1.29183e+21,5.3604e+15,1.92084e+21,5.31737e+15
4.55e-08,3.03337e+18,3.89337e+17,3.41254e+16,1.28291e+21,5.40285e+15,1.93207e+21,5.35774e+15
4.6e-08,2.993e+18,3.89425e+17,3.43102e+16,1.274e+21,5.44514e+15,1.94322e+21,5.39794e+15
4.65e-08,2.95336e+18,3.89446e+17,3.44892e+16,1.2652e+21,5.48678e+15,1.9541e+21,5.43745e+15
4.7e-08,2.91395e+18,3.89447e+17,3.46663e+16,1.25643e+21,5.52822e+15,1.96488e+21,5.47674e+15
4.75e-08,2.87522e+18,3.89387e+17,3.48381e+16,1.24775e+21,5.56904e+15,1.9754e+21,5.51538e+15
4.8e-08,2.83676e+18,3.89305e+17,3.50078e+16,1.2391e+21,5.60963e+15,1.98583e+21,5.55376e+15
4.85e-08,2.79894e+18,3.89169e+17,3.51724e+16,1.23055e+21,5.64965e+15,1.99601e+21,5.59155e+15
4.9e-08,2.76143e+18,3.89009e+17,3.53347e+16,1.22203e+21,5.68939e+15,2.00607e+21,5.62904e+15
4.95e-08,2.7245e+18,3.88802e+17,3.54925e+16,1.21359e+21,5.7286e+15,2.01591e+21,5.66597e+15
5e-08,2.68793e+18,3.88567e+17,3.56476e+16,1.2052e+21,5.76749e+15,2.02562e+21,5.70257e+15
5.05e-08,2.6519e+18,3.88291e+17,3.57986e+16,1.19688e+21,5.8059e+15,2.03513e+21,5.73865e+15
5.1e-08,2.61626e+18,3.87987e+17,3.59466e+16,1.18861e+21,5.84396e+15,2.0445e+21,5.77437e+15
5.15e-08,2.58112e+18,3.87647e+17,3.60909e+16,1.18041e+21,5.88157e+15,2.05369e+21,5.80961e+15
5.2e-08,2.54639e+18,3.87277e+17,3.6232e+16,1.17227e+21,5.9188e+15,2.06272e+21,5.84445e+15
5.25e-08,2.51212e+18,3.86875e+17,3.63698e+16,1.16418e+21,5.95562e+15,2.07158e+21,5.87886e+15
5.3e-08,2.47831e+18,3.86442e+17,3.65041e+16,1.15616e+21,5.99202e+15,2.08028e+21,5.91283e+15
5.35e-08,2.4449e+18,3.85983e+17,3.66355e+16,1.1482e+21,6.02805e+15,2.08883e+21,5.94642e+15
5.4e-08,2.41199e+18,3.85492e+17,3.67632e+16,1.14029e+21,6.06363e+15,2.09721e+21,5.97953e+15
5.45e-08,2.37943e+18,3.84978e+17,3.68883e+16,1.13244e+21,6.09888e+15,2.10545e+21,6.01229e+15
5.5e-08,2.34739e+18,3.84431e+17,3.70095e+16,1.12466e+21,6.13365e+15,2.11351e+21,6.04455e+15
5.55e-08,2.31567e+18,3.83865e+17,3.71284e+16,1.11693e+21,6.16813e+15,2.12145e+21,6.07651e+15
5.6e-08,2.28449e+18,3.83266e+17,3.72434e+16,1.10926e+21,6.20209e+15,2.12919e+21,6.10792e+15
5.65e-08,2.25359e+18,3.82652e+17,3.73563e+16,1.10164e+21,6.23579e+15,2.13684e+21,6.13907e+15
5.7e-08,2.22326e+18,3.82004e+17,3.7465e+16,1.09409e+21,6.26895e+15,2.14428e+21,6.16965e+15
5.75e-08,2.19316e+18,3.81343e+17,3.75721e+16,1.08658e+21,6.3019e+15,2.15164e+21,6.20001e+15
5.8e-08,2.16367e+18,3.8065e+17,3.76747e+16,1.07915e+21,6.33426e+15,2.15878e+21,6.22976e+15
5.85e-08,2.13436e+18,3.79946e+17,3.7776e+16,1.07175e+21,6.36645e+15,2.16585e+21,6.25933e+15
5.9e-08,2.10568e+18,3.79208e+17,3.78728e+16,1.06443e+21,6.39803e+15,2.1727e+21,6.28827e+15
5.95e-08,2.07715e+18,3.78464e+17,3.79685e+16,1.05714e+21,6.42947e+15,2.17949e+21,6.31706e+15
6e-08,2.04926e+18,3.77686e+17,3.80594e+16,1.04994e+21,6.46027e+15,2.18605e+21,6.34519e+15
6.05e-08,2.02148e+18,3.76903e+17,3.81496e+16,1.04275e+21,6.49096e+15,2.19257e+21,6.37321e+15
6.1e-08,1.99438e+18,3.76087e+17,3.8235e+16,1.03567e+21,6.52099e+15,2.19885e+21,6.40055e+15
6.15e-08,1.96734e+18,3.75268e+17,3.83198e+16,1.02859e+21,6.55095e+15,2.20511e+21,6.42781e+15
6.2e-08,1.941e+18,3.74417e+17,3.83996e+16,1.02161e+21,6.58022e+15,2.21111e+21,6.45435e+15
6.25e-08,1.91468e+18,3.73564e+17,3.84792e+16,1.01463e+21,6.60945e+15,2.21711e+21,6.48086e+15
6.3e-08,1.88908e+18,3.72679e+17,3.85537e+16,1.00776e+21,6.63797e+15,2.22284e+21,6.50663e+15
6.35e-08,1.86351e+18,3.71793e+17,3.86279e+16,1.0009e+21,6.66645e+15,2.22857e+21,6.53236e+15
6.4e-08,1.83859e+18,3.70878e+17,3.86974e+16,9.94132e+20,6.69424e+15,2.23405e+21,6.55739e+15
6.45e-08,1.81375e+18,3.69961e+17,3.87664e+16,9.87375e+20,6.72198e+15,2.23952e+21,6.58235e+15
6.5e-08,1.78951e+18,3.69019e+17,3.8831e+16,9.8071e+20,6.74907e+15,2.24476e+21,6.60666e+15
6.55e-08,1.76536e+18,3.68073e+17,3.8895e+16,9.74058e+20,6.77607e+15,2.24996e+21,6.63087e+15
6.6e-08,1.74178e+18,3.67105e+17,3.89548e+16,9.67493e+20,6.80247e+15,2.25496e+21,6.65446e+15
6.65e-08,1.71833e+18,3.66132e+17,3.90138e+16,9.60947e+20,6.82874e+15,2.25992e+21,6.67792e+15
6.7e-08,1.69539e+18,3.6514e+17,3.9069e+16,9.5448e+20,6.85445e+15,2.26469e+21,6.70081e+15
6.75e-08,1.6726e+18,3.64142e+17,3.91231e+16,9.48037e+20,6.87999e+15,2.2694e+21,6.72353e+15
6.8e-08,1.65029e+18,3.63127e+17,3.91738e+16,9.41668e+20,6.90502e+15,2.27393e+21,6.74572e+15
6.85e-08,1.62815e+18,3.62106e+17,3.92232e+16,9.35327e+20,6.92986e+15,2.27841e+21,6.76772e+15
6.9e-08,1.60645e+18,3.6107e+17,3.92695e+16,9.29054e+20,6.95422e+15,2.28272e+21,6.78922e+15
6.95e-08,1.58495e+18,3.60028e+17,3.93143e+16,9.22813e+20,6.97835e+15,2.28696e+21,6.8105e+15
7e-08,1.56384e+18,3.58973e+17,3.93563e+16,9.16636e+20,7.00204e+15,2.29105e+21,6.83133e+15
7.05e-08,1.54295e+18,3.5791e+17,3.93966e+16,9.10493e+20,7.02549e+15,2.29506e+21,6.85191e+15
7.1e-08,1.52243e+18,3.56837e+17,3.94344e+16,9.0441e+20,7.04852e+15,2.29893e+21,6.87207e+15
7.15e-08,1.50214e+18,3.55757e+17,3.94704e+16,8.98365e+20,7.07128e+15,2.30272e+21,6.89195e+15
7.2e-08,1.48218e+18,3.54667e+17,3.95041e+16,8.92374e+20,7.09366e+15,2.30639e+21,6.91145e+15
7.25e-08,1.46248e+18,3.5357e+17,3.95359e+16,8.86425e+20,7.11575e+15,2.30996e+21,6.93065e+15
7.3e-08,1.44307e+18,3.52464e+17,3.95656e+16,8.80525e+20,7.1375e+15,2.31342e+21,6.9495e+15
7.35e-08,1.42393e+18,3.51352e+17,3.95933e+16,8.74671e+20,7.15892e+15,2.31678e+21,6.96802e+15
7.4e-08,1.40505e+18,3.50232e+17,3.96192e+16,8.68861e+20,7.18003e+15,2.32004e+21,6.98623e+15
7.45e-08,1.38647e+18,3.49106e+17,3.96429e+16,8.631e+20,7.20079e+15,2.32319e+21,7.00409e+15
7.5e-08,1.36811e+18,3.47973e+17,3.96649e+16,8.57378e+20,7.22129e+15,2.32625e+21,7.02168e+15
7.55e-08,1.35007e+18,3.46834e+17,3.96847e+16,8.51709e+20,7.2414e+15,2.3292e+21,7.03888e+15
7.6e-08,1.33222e+18,3.4569e+17,3.97031e+16,8.46075e+20,7.26128e+15,2.33208e+21,7.05585e+15
7.65e-08,1.31469e+18,3.44539e+17,3.97191e+16,8.40497e+20,7.28076e+15,2.33483e+21,7.07241e+15
7.7e-08,1.29733e+18,3.43384e+17,3.97339e+16,8.34948e+20,7.30003e+15,2.33751e+21,7.08877e+15
7.75e-08,1.28031e+18,3.42223e+17,3.97463e+16,8.29459e+20,7.31888e+15,2.34007e+21,7.1047e+15
7.8e-08,1.26343e+18,3.41058e+17,3.97576e+16,8.23995e+20,7.33755e+15,2.34257e+21,7.12045e+15
7.85e-08,1.2469e+18,3.39888e+17,3.97664e+16,8.18594e+20,7.35578e+15,2.34494e+21,7.13576e+15
7.9e-08,1.23049e+18,3.38715e+17,3.97743e+16,8.13214e+20,7.37386e+15,2.34727e+21,7.15092e+15
7.95e-08,1.21444e+18,3.37535e+17,3.97797e+16,8.07899e+20,7.39149e+15,2.34946e+21,7.16562e+15
8e-08,1.19848e+18,3.36355e+17,3.97843e+16,8.02601e+20,7.40899e+15,2.35161e+21,7.1802e+15
8.05e-08,1.18289e+18,3.35168e+17,3.97863e+16,7.97371e+20,7.42601e+15,2.35362e+21,7.19429e+15
8.1e-08,1.16738e+18,3.33981e+17,3.97877e+16,7.92154e+20,7.44294e+15,2.3556e+21,7.2083e+15
8.15e-08,1.15224e+18,3.32788e+17,3.97864e+16,7.87008e+20,7.45937e+15,2.35743e+21,7.22181e+15
8.2e-08,1.13715e+18,3.31594e+17,3.97848e+16,7.8187e+20,7.47573e+15,2.35925e+21,7.23525e+15
8.25e-08,1.12245e+18,3.30396e+17,3.97803e+16,7.76807e+20,7.49158e+15,2.36091e+21,7.24818e+15
8.3e-08,1.10778e+18,3.29197e+17,3.97756e+16,7.71748e+20,7.50739e+15,2.36257e+21,7.26107e+15
8.35e-08,1.0935e+18,3.27993e+17,3.9768e+16,7.66766e+20,7.52266e+15,2.36407e+21,7.27342e+15
8.4e-08,1.07924e+18,3.2679e+17,3.97603e+16,7.61787e+20,7.5379e+15,2.36556e+21,7.28575e+15
8.45e-08,1.06537e+18,3.25583e+17,3.97499e+16,7.56881e+20,7.55263e+15,2.3669e+21,7.29756e+15
8.5e-08,1.05152e+18,3.24376e+17,3.97392e+16,7.51982e+20,7.56731e+15,2.36823e+21,7.30933e+15
8.55e-08,1.03803e+18,3.23166e+17,3.9726e+16,7.47152e+20,7.5815e+15,2.36942e+21,7.32061e+15
8.6e-08,1.02458e+18,3.21955e+17,3.97124e+16,7.42331e+20,7.59563e+15,2.3706e+21,7.33183e+15
8.65e-08,1.01146e+18,3.20743e+17,3.96965e+16,7.37575e+20,7.6093e+15,2.37164e+21,7.34259e+15
8.7e-08,9.98397e+17,3.1953e+17,3.96801e+16,7.32831e+20,7.62288e+15,2.37266e+21,7.35327e+15
8.75e-08,9.85636e+17,3.18315e+17,3.96616e+16,7.28148e+20,7.63604e+15,2.37357e+21,7.36352e+15
8.8e-08,9.72951e+17,3.17101e+17,3.96425e+16,7.2348e+20,7.64908e+15,2.37444e+21,7.37367e+15
8.85e-08,9.6054e+17,3.15885e+17,3.96214e+16,7.18868e+20,7.66173e+15,2.3752e+21,7.38343e+15
8.9e-08,9.4822e+17,3.1467e+17,3.95997e+16,7.14275e+20,7.67425e+15,2.37593e+21,7.39305e+15
8.95e-08,9.3615e+17,3.13453e+17,3.95761e+16,7.09733e+20,7.6864e+15,2.37656e+21,7.40232e+15
9e-08,9.24183e+17,3.12237e+17,3.95519e+16,7.05213e+20,7.6984e+15,2.37715e+21,7.41143e+15
9.05e-08,9.12443e+17,3.11021e+17,3.9526e+16,7.00741e+20,7.71006e+15,2.37764e+21,7.42022e+15
9.1e-08,9.0082e+17,3.09805e+17,3.94992e+16,6.96294e+20,7.72155e+15,2.37809e+21,7.42883e+15
9.15e-08,8.89402e+17,3.08588e+17,3.9471e+16,6.9189e+20,7.73272e+15,2.37846e+21,7.43714e+15
9.2e-08,8.78111e+17,3.07373e+17,3.94418e+16,6.87513e+20,7.74371e+15,2.37877e+21,7.44526e+15
9.25e-08,8.67006e+17,3.06158e+17,3.94114e+16,6.83177e+20,7.75441e+15,2.37901e+21,7.4531e+15
9.3e-08,8.56038e+17,3.04943e+17,3.93799e+16,6.7887e+20,7.76491e+15,2.3792e+21,7.46074e+15
9.35e-08,8.45235e+17,3.03729e+17,3.93473e+16,6.74599e+20,7.77514e+15,2.37932e+21,7.46813e+15
9.4e-08,8.34581e+17,3.02516e+17,3.93136e+16,6.70361e+20,7.78515e+15,2.37937e+21,7.47529e+15
9.45e-08,8.24073e+17,3.01304e+17,3.92788e+16,6.66155e+20,7.79493e+15,2.37937e+21,7.48223e+15
9.5e-08,8.13722e+17,3.00093e+17,3.9243e+16,6.61985e+20,7.80446e+15,2.37931e+21,7.48893e+15
9.55e-08,8.03501e+17,2.98883e+17,3.92062e+16,6.57843e+20,7.81378e+15,2.37919e+21,7.49542e+15
9.6e-08,7.93445e+17,2.97674e+17,3.91682e+16,6.53739e+20,7.82285e+15,2.37901e+21,7.50166e+15
9.65e-08,7.83501e+17,2.96467e+17,3.91294e+16,6.4966e+20,7.83173e+15,2.37878e+21,7.50773e+15
9.7e-08,7.73731e+17,2.95261e+17,3.90895e+16,6.45621e+20,7.84033e+15,2.37848e+21,7.51352e+15
9.75e-08,7.64058e+17,2.94056e+17,3.90488e+16,6.41605e+20,7.84878e+15,2.37814e+21,7.51916e+15
9.8e-08,7.54565e+17,2.92853e+17,3.90068e+16,6.3763e+20,7.85693e+15,2.37772e+21,7.52452e+15
9.85e-08,7.45155e+17,2.91652e+17,3.89643e+16,6.33674e+20,7.86495e+15,2.37727e+21,7.52975e+15
9.9e-08,7.35931e+17,2.90453e+17,3.89204e+16,6.29762e+20,7.87266e+15,2.37675e+21,7.53467e+15
9.95e-08,7.26775e+17,2.89255e+17,3.88761e+16,6.25867e+20,7.88025e+15,2.3762e+21,7.53949e+15
1e-07,7.17812e+17,2.8806e+17,3.88304e+16,6.22017e+20,7.88753e+15,2.37557e+21,7.54399e+15
1.005e-07,7.08903e+17,2.86865e+17,3.87843e+16,6.1818e+20,7.89471e+15,2.37491e+21,7.54841e+15
1.01e-07,7.00194e+17,2.85674e+17,3.87369e+16,6.14391e+20,7.90155e+15,2.37418e+21,7.5525e+15
1.015e-07,6.91526e+17,2.84484e+17,3.86892e+16,6.10613e+20,7.90833e+15,2.37342e+21,7.55652e+15
1.02e-07,6.83061e+17,2.83298e+17,3.864e+16,6.06884e+20,7.91475e+15,2.37259e+21,7.5602e+15
1.025e-07,6.74627e+17,2.82112e+17,3.85906e+16,6.03162e+20,7.92113e+15,2.37174e+21,7.56384e+15
1.03e-07,6.66401e+17,2.8093e+17,3.85398e+16,5.99492e+20,7.92714e+15,2.3708e+21,7.56713e+15
1.035e-07,6.58193e+17,2.79749e+17,3.84889e+16,5.95827e+20,7.93312e+15,2.36986e+21,7.57039e+15
1.04e-07,6.50198e+17,2.78572e+17,3.84365e+16,5.92215e+20,7.93873e+15,2.36883e+21,7.57329e+15
1.045e-07,6.42214e+17,2.77395e+17,3.8384e+16,5.88605e+20,7.94432e+15,2.36779e+21,7.57617e+15
1.05e-07,6.3444e+17,2.76224e+17,3.83301e+16,5.85049e+20,7.94954e+15,2.36667e+21,7.5787e+15
1.055e-07,6.26679e+17,2.75053e+17,3.82761e+16,5.81497e+20,7.95474e+15,2.36554e+21,7.5812e+15
1.06e-07,6.19112e+17,2.73887e+17,3.82208e+16,5.77994e+20,7.95958e+15,2.36433e+21,7.58337e+15
1.065e-07,6.11568e+17,2.72721e+17,3.81653e+16,5.74497e+20,7.96439e+15,2.36311e+21,7.5855e+15
1.07e-07,6.04204e+17,2.7156e+17,3.81086e+16,5.71047e+20,7.96887e+15,2.36182e+21,7.58732e+15
1.075e-07,5.9687e+17,2.704e+17,3.80518e+16,5.67605e+20,7.97329e+15,2.36051e+21,7.58909e+15
1.08e-07,5.89702e+17,2.69245e+17,3.79938e+16,5.64207e+20,7.97741e+15,2.35914e+21,7.59056e+15
1.085e-07,5.82572e+17,2.68091e+17,3.79355e+16,5.60819e+20,7.98146e+15,2.35775e+21,7.59197e+15
1.09e-07,5.75594e+17,2.66942e+17,3.78762e+16,5.57472e+20,7.98523e+15,2.3563e+21,7.59312e+15
1.095e-07,5.68663e+17,2.65794e+17,3.78167e+16,5.54137e+20,7.98892e+15,2.35482e+21,7.59418e+15
1.1e-07,5.6187e+17,2.64651e+17,3.77562e+16,5.50839e+20,7.99234e+15,2.35329e+21,7.59499e+15
1.105e-07,5.5513e+17,2.63509e+17,3.76953e+16,5.47556e+20,7.99566e+15,2.35174e+21,7.59571e+15
1.11e-07,5.48517e+17,2.62372e+17,3.76337e+16,5.44308e+20,7.99875e+15,2.35014e+21,7.5962e+15
1.115e-07,5.41964e+17,2.61237e+17,3.75716e+16,5.41076e+20,8.00172e+15,2.34851e+21,7.59658e+15
1.12e-07,5.35525e+17,2.60106e+17,3.75088e+16,5.37876e+20,8.00447e+15,2.34683e+21,7.59676e+15
1.125e-07,5.29152e+17,2.58977e+17,3.74456e+16,5.34695e+20,8.0071e+15,2.34512e+21,7.59681e+15
1.13e-07,5.22883e+17,2.57852e+17,3.73817e+16,5.31543e+20,8.00952e+15,2.34337e+21,7.59668e+15
1.135e-07,5.16686e+17,2.56731e+17,3.73173e+16,5.28411e+20,8.01181e+15,2.3416e+21,7.59641e+15
1.14e-07,5.10581e+17,2.55612e+17,3.72524e+16,5.25305e+20,8.01391e+15,2.33978e+21,7.59598e+15
1.145e-07,5.04555e+17,2.54497e+17,3.7187e+16,5.22222e+20,8.01586e+15,2.33793e+21,7.5954e+15
1.15e-07,4.9861e+17,2.53386e+17,3.7121e+16,5.19162e+20,8.01765e+15,2.33605e+21,7.59467e+15
1.155e-07,4.92748e+17,2.52278e+17,3.70545e+16,5.16127e+20,8.01928e+15,2.33413e+21,7.59378e+15
1.16e-07,4.86959e+17,2.51173e+17,3.69876e+16,5.13112e+20,8.02076e+15,2.33218e+21,7.59276e+15
1.165e-07,4.81258e+17,2.50072e+17,3.69202e+16,5.10124e+20,8.02207e+15,2.3302e+21,7.59157e+15
1.17e-07,4.7562e+17,2.48974e+17,3.68523e+16,5.07154e+20,8.02325e+15,2.32819e+21,7.59026e+15
1.175e-07,4.70073e+17,2.4788e+17,3.67839e+16,5.04211e+20,8.02424e+15,2.32614e+21,7.58878e+15
1.18e-07,4.64582e+17,2.46789e+17,3.67151e+16,5.01285e+20,8.02512e+15,2.32407e+21,7.5872e+15
1.185e-07,4.59187e+17,2.45703e+17,3.66458e+16,4.98388e+20,8.02581e+15,2.32196e+21,7.58543e+15
1.19e-07,4.53838e+17,2.44619e+17,3.65762e+16,4.95505e+20,8.0264e+15,2.31983e+21,7.58357e+15
1.195e-07,4.48589e+17,2.43539e+17,3.6506e+16,4.92653e+20,8.02679e+15,2.31765e+21,7.58153e+15
1.2e-07,4.43379e+17,2.42462e+17,3.64356e+16,4.89812e+20,8.02709e+15,2.31547e+21,7.5794e+15
1.205e-07,4.38272e+17,2.41391e+17,3.63645e+16,4.87003e+20,8.02718e+15,2.31324e+21,7.57708e+15
1.21e-07,4.33197e+17,2.4032e+17,3.62933e+16,4.84204e+20,8.02721e+15,2.31099e+21,7.5747e+15
1.215e-07,4.28228e+17,2.39256e+17,3.62215e+16,4.81438e+20,8.02701e+15,2.30871e+21,7.57211e+15
1.22e-07,4.23283e+17,2.38193e+17,3.61495e+16,4.7868e+20,8.02676e+15,2.30641e+21,7.56947e+15
1.225e-07,4.18448e+17,2.37137e+17,3.60769e+16,4.75956e+20,8.02628e+15,2.30407e+21,7.56661e+15
1.23e-07,4.13631e+17,2.36081e+17,3.60042e+16,4.73238e+20,8.02577e+15,2.30172e+21,7.56373e+15
1.235e-07,4.08925e+17,2.35032e+17,3.59309e+16,4.70556e+20,8.02501e+15,2.29932e+21,7.56062e+15
1.24e-07,4.04232e+17,2.33983e+17,3.58575e+16,4.67878e+20,8.02423e+15,2.29692e+21,7.55748e+15
1.245e-07,3.99652e+17,2.32942e+17,3.57835e+16,4.65237e+20,8.0232e+15,2.29448e+21,7.55412e+15
1.25e-07,3.95079e+17,2.31901e+17,3.57094e+16,4.62597e+20,8.02216e+15,2.29203e+21,7.55075e+15
1.255e-07,3.90622e+17,2.30867e+17,3.56348e+16,4.59996e+20,8.02087e+15,2.28953e+21,7.54715e+15
1.26e-07,3.8617e+17,2.29834e+17,3.55601e+16,4.57397e+20,8.01956e+15,2.28704e+21,7.54353e+15
1.265e-07,3.81826e+17,2.28807e+17,3.54848e+16,4.54834e+20,8.01802e+15,2.28449e+21,7.5397e+15
1.27e-07,3.77493e+17,2.27782e+17,3.54095e+16,4.52274e+20,8.01646e+15,2.28195e+21,7.53585e+15
1.275e-07,3.7326e+17,2.26763e+17,3.53336e+16,4.49747e+20,8.01468e+15,2.27936e+21,7.53179e+15
1.28e-07,3.69042e+17,2.25745e+17,3.52577e+16,4.47226e+20,8.01286e+15,2.27677e+21,7.5277e+15
1.285e-07,3.64915e+17,2.24733e+17,3.51813e+16,4.44736e+20,8.01084e+15,2.27414e+21,7.52343e+15
1.29e-07,3.60809e+17,2.23723e+17,3.51048e+16,4.42253e+20,8.00877e+15,2.2715e+21,7.51911e+15
1.295e-07,3.56787e+17,2.22719e+17,3.50279e+16,4.39799e+20,8.00652e+15,2.26883e+21,7.51463e+15
1.3e-07,3.52789e+17,2.21717e+17,3.49509e+16,4.37353e+20,8.00421e+15,2.26615e+21,7.51009e+15
1.305e-07,3.48868e+17,2.2072e+17,3.48735e+16,4.34934e+20,8.00172e+15,2.26344e+21,7.50539e+15
1.31e-07,3.44975e+17,2.19726e+17,3.4796e+16,4.32525e+20,7.99918e+15,2.26072e+21,7.50064e+15
1.315e-07,3.41153e+17,2.18736e+17,3.47182e+16,4.3014e+20,7.99647e+15,2.25797e+21,7.49574e+15
1.32e-07,3.37362e+17,2.1775e+17,3.46402e+16,4.27767e+20,7.99369e+15,2.25521e+21,7.49078e+15
1.325e-07,3.33636e+17,2.16768e+17,3.45619e+16,4.25417e+20,7.99076e+15,2.25242e+21,7.48568e+15
1.33e-07,3.29945e+17,2.15789e+17,3.44834e+16,4.23079e+20,7.98775e+15,2.24962e+21,7.48051e+15
1.335e-07,3.26311e+17,2.14815e+17,3.44047e+16,4.20763e+20,7.98461e+15,2.2468e+21,7.47521e+15
1.34e-07,3.22716e+17,2.13844e+17,3.43259e+16,4.1846e+20,7.98138e+15,2.24396e+21,7.46984e+15
1.345e-07,3.19174e+17,2.12877e+17,3.42468e+16,4.16176e+20,7.97803e+15,2.2411e+21,7.46436e+15
1.35e-07,3.15672e+17,2.11914e+17,3.41675e+16,4.13908e+20,7.97458e+15,2.23823e+21,7.45879e+15
1.355e-07,3.12217e+17,2.10955e+17,3.40881e+16,4.11656e+20,7.97103e+15,2.23533e+21,7.45312e+15
1.36e-07,3.08807e+17,2.09999e+17,3.40084e+16,4.09422e+20,7.96736e+15,2.23242e+21,7.44736e+15
1.365e-07,3.05438e+17,2.09048e+17,3.39286e+16,4.07202e+20,7.96361e+15,2.2295e+21,7.44151e+15
1.37e-07,3.02115e+17,2.081e+17,3.38487e+16,4.05e+20,7.95974e+15,2.22656e+21,7.43556e+15
1.375e-07,2.9883e+17,2.07156e+17,3.37685e+16,4.02812e+20,7.95578e+15,2.2236e+21,7.42953e+15
1.38e-07,2.95593e+17,2.06216e+17,3.36882e+16,4.00643e+20,7.95171e+15,2.22062e+21,7.4234e+15
1.385e-07,2.92388e+17,2.05279e+17,3.36078e+16,3.98486e+20,7.94756e+15,2.21764e+21,7.4172e+15
1.39e-07,2.89235e+17,2.04347e+17,3.35272e+16,3.96349e+20,7.94329e+15,2.21463e+21,7.41089e+15
1.395e-07,2.86109e+17,2.03418e+17,3.34465e+16,3.94222e+20,7.93895e+15,2.21162e+21,7.40452e+15
1.4e-07,2.83036e+17,2.02494e+17,3.33656e+16,3.92116e+20,7.93448e+15,2.20858e+21,7.39804e+15
1.405e-07,2.79987e+17,2.01572e+17,3.32847e+16,3.90019e+20,7.92996e+15,2.20554e+21,7.39151e+15
1.41e-07,2.76993e+17,2.00656e+17,3.32036e+16,3.87944e+20,7.9253e+15,2.20247e+21,7.38485e+15
1.415e-07,2.74018e+17,1.99741e+17,3.31224e+16,3.85876e+20,7.9206e+15,2.1994e+21,7.37816e+15
1.42e-07,2.71101e+17,1.98832e+17,3.3041e+16,3.83832e+20,7.91576e+15,2.19631e+21,7.37134e+15
1.425e-07,2.68198e+17,1.97925e+17,3.29596e+16,3.81793e+20,7.91088e+15,2.19321e+21,7.3645e+15
1.43e-07,2.65355e+17,1.97025e+17,3.2878e+16,3.79778e+20,7.90585e+15,2.19009e+21,7.35752e+15
1.435e-07,2.62523e+17,1.96125e+17,3.27964e+16,3.77768e+20,7.9008e+15,2.18697e+21,7.35052e+15
1.44e-07,2.59752e+17,1.95232e+17,3.27146e+16,3.75783e+20,7.8956e+15,2.18383e+21,7.34338e+15
1.445e-07,2.56989e+17,1.94339e+17,3.26328e+16,3.738e+20,7.89038e+15,2.18068e+21,7.33623e+15
1.45e-07,2.54288e+17,1.93454e+17,3.25508e+16,3.71844e+20,7.885e+15,2.17751e+21,7.32895e+15
1.455e-07,2.51591e+17,1.92569e+17,3.24689e+16,3.69889e+20,7.87962e+15,2.17434e+21,7.32165e+15
1.46e-07,2.48959e+17,1.91691e+17,3.23868e+16,3.67961e+20,7.87407e+15,2.17115e+21,7.31422e+15
1.465e-07,2.46329e+17,1.90813e+17,3.23046e+16,3.66034e+20,7.86852e+15,2.16796e+21,7.30678e+15
1.47e-07,2.4376e+17,1.89943e+17,3.22224e+16,3.64133e+20,7.86281e+15,2.16474e+21,7.2992e+15
1.475e-07,2.41197e+17,1.89073e+17,3.21401e+16,3.62233e+20,7.8571e+15,2.16153e+21,7.29162e+15
1.48e-07,2.3869e+17,1.8821e+17,3.20578e+16,3.60358e+20,7.85124e+15,2.15829e+21,7.28391e+15
1.485e-07,2.3619e+17,1.87347e+17,3.19754e+16,3.58486e+20,7.84536e+15,2.15506e+21,7.27618e+15
1.49e-07,2.33743e+17,1.86491e+17,3.18929e+16,3.56637e+20,7.83935e+15,2.15181e+21,7.26834e+15
1.495e-07,2.31306e+17,1.85637e+17,3.18105e+16,3.54792e+20,7.83331e+15,2.14855e+21,7.26048e+15
1.5e-07,2.28917e+17,1.84788e+17,3.17279e+16,3.52968e+20,7.82715e+15,2.14528e+21,7.25251e+15
1.505e-07,2.2654e+17,1.83941e+17,3.16454e+16,3.5115e+20,7.82096e+15,2.142e+21,7.24452e+15
1.51e-07,2.24208e+17,1.83099e+17,3.15628e+16,3.49351e+20,7.81466e+15,2.13871e+21,7.23643e+15
1.515e-07,2.21891e+17,1.82259e+17,3.14801e+16,3.47559e+20,7.80832e+15,2.13542e+21,7.2283e+15
1.52e-07,2.19614e+17,1.81425e+17,3.13975e+16,3.45784e+20,7.80188e+15,2.13211e+21,7.22009e+15
1.525e-07,2.17353e+17,1.80592e+17,3.13148e+16,3.44017e+20,7.79539e+15,2.1288e+21,7.21184e+15
1.53e-07,2.1513e+17,1.79765e+17,3.12321e+16,3.42267e+20,7.78881e+15,2.12547e+21,7.20351e+15
1.535e-07,2.12926e+17,1.7894e+17,3.11493e+16,3.40525e+20,7.78218e+15,2.12215e+21,7.19514e+15
1.54e-07,2.10755e+17,1.78119e+17,3.10666e+16,3.38799e+20,7.77547e+15,2.11881e+21,7.1867e+15
1.545e-07,2.08604e+17,1.77302e+17,3.09839e+16,3.37081e+20,7.7687e+15,2.11546e+21,7.17821e+15
1.55e-07,2.06484e+17,1.76488e+17,3.09011e+16,3.35378e+20,7.76185e+15,2.11211e+21,7.16965e+15
1.555e-07,2.04387e+17,1.75678e+17,3.08183e+16,3.33686e+20,7.75495e+15,2.10875e+21,7.16105e+15
1.56e-07,2.02316e+17,1.74872e+17,3.07356e+16,3.32005e+20,7.74798e+15,2.10538e+21,7.15238e+15
1.565e-07,2.0027e+17,1.74069e+17,3.06528e+16,3.30336e+20,7.74094e+15,2.10201e+21,7.14367e+15
1.57e-07,1.98248e+17,1.73269e+17,3.05701e+16,3.28679e+20,7.73384e+15,2.09863e+21,7.1349e+15
1.575e-07,1.96251e+17,1.72473e+17,3.04874e+16,3.27034e+20,7.72668e+15,2.09524e+21,7.12607e+15
1.58e-07,1.94276e+17,1.71681e+17,3.04046e+16,3.25398e+20,7.71946e+15,2.09184e+21,7.1172e+15
1.585e-07,1.92328e+17,1.70892e+17,3.03219e+16,3.23776e+20,7.71217e+15,2.08844e+21,7.10827e+15
1.59e-07,1.90399e+17,1.70106e+17,3.02393e+16,3.22163e+20,7.70483e+15,2.08504e+21,7.0993e+15
1.595e-07,1.88498e+17,1.69325e+17,3.01566e+16,3.20563e+20,7.69742e+15,2.08163e+21,7.09026e+15
1.6e-07,1.86613e+17,1.68546e+17,3.0074e+16,3.18971e+20,7.68996e+15,2.07821e+21,7.08119e+15
1.605e-07,1.84758e+17,1.67771e+17,2.99914e+16,3.17394e+20,7.68243e+15,2.07478e+21,7.07206e+15
1.61e-07,1.82917e+17,1.66999e+17,2.99088e+16,3.15823e+20,7.67486e+15,2.07136e+21,7.0629e+15
1.615e-07,1.81107e+17,1.66232e+17,2.98262e+16,3.14268e+20,7.66721e+15,2.06792e+21,7.05367e+15
1.62e-07,1.79307e+17,1.65466e+17,2.97437e+16,3.12718e+20,7.65953e+15,2.06448e+21,7.04441e+15
1.625e-07,1.77541e+17,1.64706e+17,2.96613e+16,3.11185e+20,7.65177e+15,2.06104e+21,7.03509e+15
1.63e-07,1.75783e+17,1.63947e+17,2.95788e+16,3.09655e+20,7.64398e+15,2.05759e+21,7.02575e+15
1.635e-07,1.74058e+17,1.63194e+17,2.94965e+16,3.08143e+20,7.63611e+15,2.05414e+21,7.01634e+15
1.64e-07,1.7234e+17,1.62442e+17,2.94141e+16,3.06634e+20,7.62822e+15,2.05068e+21,7.00691e+15
1.645e-07,1.70657e+17,1.61695e+17,2.93318e+16,3.05142e+20,7.62024e+15,2.04722e+21,6.99741e+15
1.65e-07,1.68978e+17,1.6095e+17,2.92496e+16,3.03653e+20,7.61224e+15,2.04375e+21,6.9879e+15
1.655e-07,1.67335e+17,1.6021e+17,2.91674e+16,3.02182e+20,7.60416e+15,2.04028e+21,6.97831e+15
1.66e-07,1.65694e+17,1.59471e+17,2.90853e+16,3.00713e+20,7.59607e+15,2.03681e+21,6.96872e+15
1.665e-07,1.64089e+17,1.58738e+17,2.90033e+16,2.99262e+20,7.58788e+15,2.03333e+21,6.95905e+15
1.67e-07,1.62486e+17,1.58006e+17,2.89212e+16,2.97812e+20,7.57969e+15,2.02985e+21,6.94938e+15
1.675e-07,1.60919e+17,1.57279e+17,2.88393e+16,2.96381e+20,7.5714e+15,2.02636e+21,6.93963e+15
1.68e-07,1.59354e+17,1.56554e+17,2.87574e+16,2.94951e+20,7.56311e+15,2.02288e+21,6.92988e+15
1.685e-07,1.57822e+17,1.55834e+17,2.86757e+16,2.93539e+20,7.55474e+15,2.01939e+21,6.92006e+15
1.69e-07,1.56294e+17,1.55115e+17,2.85939e+16,2.92128e+20,7.54635e+15,2.01589e+21,6.91023e+15
1.695e-07,1.54796e+17,1.54402e+17,2.85123e+16,2.90734e+20,7.53788e+15,2.0124e+21,6.90034e+15
1.7e-07,1.53304e+17,1.53689e+17,2.84307e+16,2.89343e+20,7.5294e+15,2.0089e+21,6.89044e+15
1.705e-07,1.51839e+17,1.52982e+17,2.83492e+16,2.87967e+20,7.52085e+15,2.00539e+21,6.88047e+15
1.71e-07,1.50382e+17,1.52277e+17,2.82678e+16,2.86594e+20,7.51228e+15,2.00189e+21,6.8705e+15
1.715e-07,1.4895e+17,1.51576e+17,2.81864e+16,2.85236e+20,7.50364e+15,1.99838e+21,6.86047e+15
1.72e-07,1.47526e+17,1.50877e+17,2.81052e+16,2.83882e+20,7.49498e+15,1.99487e+21,6.85043e+15
1.725e-07,1.46127e+17,1.50182e+17,2.8024e+16,2.82542e+20,7.48626e+15,1.99136e+21,6.84034e+15
1.73e-07,1.44736e+17,1.4949e+17,2.79429e+16,2.81206e+20,7.47751e+15,1.98785e+21,6.83023e+15
1.735e-07,1.43367e+17,1.48801e+17,2.78619e+16,2.79883e+20,7.46871e+15,1.98433e+21,6.82007e+15
1.74e-07,1.42009e+17,1.48115e+17,2.7781e+16,2.78566e+20,7.45988e+15,1.98082e+21,6.8099e+15
1.745e-07,1.4067e+17,1.47433e+17,2.77002e+16,2.77259e+20,7.451e+15,1.9773e+21,6.79968e+15
1.75e-07,1.39343e+17,1.46753e+17,2.76195e+16,2.75959e+20,7.44209e+15,1.97378e+21,6.78945e+15
1.755e-07,1.38034e+17,1.46077e+17,2.75389e+16,2.7467e+20,7.43313e+15,1.97026e+21,6.77917e+15
1.76e-07,1.36737e+17,1.45403e+17,2.74583e+16,2.73387e+20,7.42415e+15,1.96674e+21,6.76888e+15
1.765e-07,1.35457e+17,1.44733e+17,2.73779e+16,2.72114e+20,7.41512e+15,1.96321e+21,6.75855e+15
1.77e-07,1.3419e+17,1.44066e+17,2.72976e+16,2.70849e+20,7.40605e+15,1.95969e+21,6.74819e+15
1.775e-07,1.32938e+17,1.43402e+17,2.72174e+16,2.69592e+20,7.39695e+15,1.95616e+21,6.73781e+15
1.78e-07,1.317e+17,1.42741e+17,2.71373e+16,2.68344e+20,7.38781e+15,1.95263e+21,6.7274e+15
1.785e-07,1.30474e+17,1.42083e+17,2.70573e+16,2.67103e+20,7.37864e+15,1.94911e+21,6.71696e+15
1.79e-07,1.29265e+17,1.41428e+17,2.69774e+16,2.65871e+20,7.36943e+15,1.94558e+21,6.7065e+15
1.795e-07,1.28066e+17,1.40776e+17,2.68976e+16,2.64646e+20,7.36019e+15,1.94205e+21,6.69601e+15
1.8e-07,1.26884e+17,1.40128e+17,2.68179e+16,2.63431e+20,7.35091e+15,1.93852e+21,6.6855e+15
1.805e-07,1.25711e+17,1.39481e+17,2.67383e+16,2.62221e+20,7.3416e+15,1.93499e+21,6.67496e+15
1.81e-07,1.24556e+17,1.38839e+17,2.66589e+16,2.61022e+20,7.33226e+15,1.93146e+21,6.6644e+15
1.815e-07,1.23409e+17,1.38198e+17,2.65796e+16,2.59827e+20,7.32289e+15,1.92793e+21,6.65382e+15
1.82e-07,1.22279e+17,1.37562e+17,2.65004e+16,2.58644e+20,7.31348e+15,1.9244e+21,6.64321e+15
1.825e-07,1.21157e+17,1.36927e+17,2.64212e+16,2.57464e+20,7.30404e+15,1.92087e+21,6.63258e+15
1.83e-07,1.20053e+17,1.36297e+17,2.63423e+16,2.56296e+20,7.29457e+15,1.91734e+21,6.62192e+15
1.835e-07,1.18954e+17,1.35668e+17,2.62634e+16,2.55132e+20,7.28508e+15,1.91381e+21,6.61125e+15
1.84e-07,1.17875e+17,1.35043e+17,2.61847e+16,2.53979e+20,7.27554e+15,1.91028e+21,6.60055e+15
1.845e-07,1.168e+17,1.3442e+17,2.6106e+16,2.52829e+20,7.26599e+15,1.90676e+21,6.58984e+15
1.85e-07,1.15745e+17,1.33801e+17,2.60276e+16,2.51691e+20,7.25639e+15,1.90323e+21,6.5791e+15
1.855e-07,1.14693e+17,1.33184e+17,2.59492e+16,2.50556e+20,7.24679e+15,1.8997e+21,6.56835e+15
1.86e-07,1.13661e+17,1.32571e+17,2.5871e+16,2.49433e+20,7.23714e+15,1.89617e+21,6.55757e+15
1.865e-07,1.12632e+17,1.31959e+17,2.57928e+16,2.48311e+20,7.22748e+15,1.89265e+21,6.54678e+15
1.87e-07,1.11623e+17,1.31352e+17,2.57149e+16,2.47203e+20,7.21777e+15,1.88912e+21,6.53596e+15
1.875e-07,1.10615e+17,1.30745e+17,2.5637e+16,2.46096e+20,7.20805e+15,1.88559e+21,6.52514e+15
1.88e-07,1.09629e+17,1.30144e+17,2.55594e+16,2.45002e+20,7.19829e+15,1.88207e+21,6.51428e+15
1.885e-07,1.08643e+17,1.29543e+17,2.54817e+16,2.43909e+20,7.18852e+15,1.87855e+21,6.50342e+15
1.89e-07,1.07678e+17,1.28947e+17,2.54043e+16,2.42828e+20,7.17871e+15,1.87503e+21,6.49253e+15
1.895e-07,1.06714e+17,1.28352e+17,2.5327e+16,2.41749e+20,7.1689e+15,1.87151e+21,6.48164e+15
1.9e-07,1.05768e+17,1.27762e+17,2.52499e+16,2.40682e+20,7.15904e+15,1.86799e+21,6.47072e+15
1.905e-07,1.04826e+17,1.27172e+17,2.51728e+16,2.39617e+20,7.14917e+15,1.86447e+21,6.45979e+15
1.91e-07,1.039e+17,1.26587e+17,2.50959e+16,2.38563e+20,7.13926e+15,1.86095e+21,6.44884e+15
1.915e-07,1.02978e+17,1.26003e+17,2.50191e+16,2.37511e+20,7.12935e+15,1.85744e+21,6.43788e+15
1.92e-07,1.02072e+17,1.25424e+17,2.49425e+16,2.3647e+20,7.1194e+15,1.85393e+21,6.4269e+15
1.925e-07,1.0117e+17,1.24845e+17,2.4866e+16,2.35432e+20,7.10943e+15,1.85041e+21,6.41592e+15
1.93e-07,1.00283e+17,1.24271e+17,2.47897e+16,2.34404e+20,7.09944e+15,1.8469e+21,6.40491e+15
1.935e-07,9.94005e+16,1.23698e+17,2.47135e+16,2.33379e+20,7.08944e+15,1.8434e+21,6.3939e+15
1.94e-07,9.85315e+16,1.23129e+17,2.46375e+16,2.32363e+20,7.0794e+15,1.83989e+21,6.38286e+15
1.945e-07,9.76684e+16,1.22562e+17,2.45616e+16,2.31352e+20,7.06935e+15,1.83638e+21,6.37182e+15
1.95e-07,9.68173e+16,1.21998e+17,2.44858e+16,2.30348e+20,7.05928e+15,1.83288e+21,6.36077e+15
1.955e-07,9.59729e+16,1.21436e+17,2.44102e+16,2.29349e+20,7.04919e+15,1.82938e+21,6.3497e+15
1.96e-07,9.51394e+16,1.20877e+17,2.43347e+16,2.28358e+20,7.03907e+15,1.82588e+21,6.33862e+15
1.965e-07,9.43131e+16,1.2032e+17,2.42594e+16,2.27372e+20,7.02894e+15,1.82239e+21,6.32753e+15
1.97e-07,9.34968e+16,1.19766e+17,2.41843e+16,2.26392e+20,7.01879e+15,1.81889e+21,6.31643e+15
1.975e-07,9.26883e+16,1.19215e+17,2.41092e+16,2.25419e+20,7.00862e+15,1.8154e+21,6.30532e+15
1.98e-07,9.18886e+16,1.18666e+17,2.40344e+16,2.24451e+20,6.99844e+15,1.81191e+21,6.2942e+15
1.985e-07,9.10974e+16,1.1812e+17,2.39596e+16,2.2349e+20,6.98823e+15,1.80843e+21,6.28307e+15
1.99e-07,9.03141e+16,1.17576e+17,2.38851e+16,2.22534e+20,6.97801e+15,1.80494e+21,6.27193e+15
1.995e-07,8.95398e+16,1.17035e+17,2.38107e+16,2.21584e+20,6.96777e+15,1.80146e+21,6.26078e+15
2e-07,8.87724e+16,1.16496e+17,2.37364e+16,2.2064e+20,6.95752e+15,1.79798e+21,6.24962e+15
2.005e-07,8.80145e+16,1.15961e+17,2.36623e+16,2.19702e+20,6.94725e+15,1.79451e+21,6.23846e+15
2.01e-07,8.72627e+16,1.15427e+17,2.35883e+16,2.18769e+20,6.93696e+15,1.79103e+21,6.22728e+15
2.015e-07,8.6521e+16,1.14896e+17,2.35146e+16,2.17843e+20,6.92666e+15,1.78756e+21,6.2161e+15
2.02e-07,8.57844e+16,1.14367e+17,2.34409e+16,2.16922e+20,6.91634e+15,1.78409e+21,6.20491e+15
2.025e-07,8.50583e+16,1.13842e+17,2.33674e+16,2.16007e+20,6.90601e+15,1.78063e+21,6.19371e+15
2.03e-07,8.43366e+16,1.13317e+17,2.32941e+16,2.15096e+20,6.89567e+15,1.77716e+21,6.18251e+15
2.035e-07,8.36257e+16,1.12797e+17,2.32209e+16,2.14193e+20,6.8853e+15,1.7737e+21,6.1713e+15
2.04e-07,8.29185e+16,1.12278e+17,2.31479e+16,2.13293e+20,6.87493e+15,1.77025e+21,6.16008e+15
2.045e-07,8.22226e+16,1.11762e+17,2.30751e+16,2.12401e+20,6.86454e+15,1.7668e+21,6.14885e+15
2.05e-07,8.15296e+16,1.11247e+17,2.30023e+16,2.11512e+20,6.85414e+15,1.76334e+21,6.13763e+15
2.055e-07,8.08482e+16,1.10737e+17,2.29298e+16,2.10631e+20,6.84372e+15,1.7599e+21,6.12639e+15
2.06e-07,8.01691e+16,1.10227e+17,2.28574e+16,2.09752e+20,6.8333e+15,1.75645e+21,6.11515e+15
2.065e-07,7.95019e+16,1.09721e+17,2.27852e+16,2.08882e+20,6.82285e+15,1.75301e+21,6.10391e+15
2.07e-07,7.88363e+16,1.09216e+17,2.27131e+16,2.08013e+20,6.8124e+15,1.74957e+21,6.09266e+15
2.075e-07,7.8183e+16,1.08715e+17,2.26413e+16,2.07154e+20,6.80194e+15,1.74614e+21,6.0814e+15
2.08e-07,7.75306e+16,1.08214e+17,2.25695e+16,2.06295e+20,6.79147e+15,1.74271e+21,6.07015e+15
2.085e-07,7.68909e+16,1.07718e+17,2.2498e+16,2.05447e+20,6.78098e+15,1.73928e+21,6.05889e+15
2.09e-07,7.62517e+16,1.07222e+17,2.24265e+16,2.04598e+20,6.77048e+15,1.73586e+21,6.04762e+15
2.095e-07,7.56248e+16,1.0673e+17,2.23553e+16,2.0376e+20,6.75997e+15,1.73244e+21,6.03635e+15
2.1e-07,7.49989e+16,1.06239e+17,2.22842e+16,2.02922e+20,6.74946e+15,1.72902e+21,6.02508e+15
2.105e-07,7.43843e+16,1.05752e+17,2.22133e+16,2.02093e+20,6.73893e+15,1.72561e+21,6.01381e+15
2.11e-07,7.37713e+16,1.05266e+17,2.21425e+16,2.01265e+20,6.72839e+15,1.7222e+21,6.00253e+15
2.115e-07,7.31688e+16,1.04783e+17,2.2072e+16,2.00446e+20,6.71784e+15,1.71879e+21,5.99125e+15
2.12e-07,7.25683e+16,1.04301e+17,2.20015e+16,1.99629e+20,6.70729e+15,1.71539e+21,5.97998e+15
2.125e-07,7.19776e+16,1.03823e+17,2.19313e+16,1.98819e+20,6.69672e+15,1.71199e+21,5.96869e+15
2.13e-07,7.13894e+16,1.03346e+17,2.18612e+16,1.98011e+20,6.68615e+15,1.7086e+21,5.95741e+15
2.135e-07,7.08101e+16,1.02872e+17,2.17913e+16,1.97211e+20,6.67557e+15,1.70521e+21,5.94613e+15
2.14e-07,7.02339e+16,1.024e+17,2.17215e+16,1.96413e+20,6.66498e+15,1.70182e+21,5.93484e+15
2.145e-07,6.9666e+16,1.0193e+17,2.16519e+16,1.95621e+20,6.65438e+15,1.69844e+21,5.92355e+15
2.15e-07,6.91014e+16,1.01462e+17,2.15825e+16,1.94833e+20,6.64378e+15,1.69506e+21,5.91227e+15
2.155e-07,6.85445e+16,1.00997e+17,2.15132e+16,1.94051e+20,6.63317e+15,1.69169e+21,5.90098e+15
2.16e-07,6.79914e+16,1.00533e+17,2.14441e+16,1.93272e+20,6.62255e+15,1.68831e+21,5.88969e+15
2.165e-07,6.74452e+16,1.00072e+17,2.13752e+16,1.92499e+20,6.61193e+15,1.68495e+21,5.87841e+15
2.17e-07,6.69032e+16,9.96131e+16,2.13065e+16,1.91729e+20,6.6013e+15,1.68158e+21,5.86712e+15
2.175e-07,6.63675e+16,9.91564e+16,2.12379e+16,1.90965e+20,6.59066e+15,1.67823e+21,5.85584e+15
2.18e-07,6.58365e+16,9.87017e+16,2.11694e+16,1.90205e+20,6.58001e+15,1.67487e+21,5.84455e+15
2.185e-07,6.53111e+16,9.82492e+16,2.11012e+16,1.89449e+20,6.56937e+15,1.67152e+21,5.83327e+15
2.19e-07,6.47907e+16,9.77988e+16,2.10331e+16,1.88698e+20,6.55871e+15,1.66817e+21,5.82199e+15
2.195e-07,6.42754e+16,9.73504e+16,2.09652e+16,1.8795e+20,6.54805e+15,1.66483e+21,5.81071e+15
2.2e-07,6.37654e+16,9.69043e+16,2.08975e+16,1.87208e+20,6.53739e+15,1.66149e+21,5.79943e+15
2.205e-07,6.32598e+16,9.64601e+16,2.08299e+16,1.86469e+20,6.52672e+15,1.65816e+21,5.78815e+15
2.21e-07,6.276e+16,9.60183e+16,2.07625e+16,1.85736e+20,6.51604e+15,1.65483e+21,5.77688e+15
2.215e-07,6.22641e+16,9.55781e+16,2.06952e+16,1.85005e+20,6.50537e+15,1.65151e+21,5.7656e+15
2.22e-07,6.17742e+16,9.51405e+16,2.06282e+16,1.8428e+20,6.49468e+15,1.64819e+21,5.75433e+15
2.225e-07,6.12877e+16,9.47044e+16,2.05612e+16,1.83558e+20,6.484e+15,1.64487e+21,5.74307e+15
2.23e-07,6.08075e+16,9.4271e+16,2.04945e+16,1.82842e+20,6.47331e+15,1.64156e+21,5.7318e+15
2.235e-07,6.03301e+16,9.38388e+16,2.04279e+16,1.82128e+20,6.46262e+15,1.63825e+21,5.72054e+15
2.24e-07,5.98594e+16,9.34096e+16,2.03616e+16,1.8142e+20,6.45192e+15,1.63495e+21,5.70929e+15
2.245e-07,5.93911e+16,9.29814e+16,2.02953e+16,1.80714e+20,6.44122e+15,1.63165e+21,5.69803e+15
2.25e-07,5.89296e+16,9.25563e+16,2.02293e+16,1.80014e+20,6.43052e+15,1.62836e+21,5.68678e+15
2.255e-07,5.84701e+16,9.2132e+16,2.01634e+16,1.79316e+20,6.41982e+15,1.62507e+21,5.67554e+15
2.26e-07,5.80176e+16,9.1711e+16,2.00977e+16,1.78625e+20,6.40911e+15,1.62179e+21,5.6643e+15
2.265e-07,5.75667e+16,9.12906e+16,2.00321e+16,1.77934e+20,6.3984e+15,1.6185e+21,5.65306e+15
2.27e-07,5.71231e+16,9.08736e+16,1.99668e+16,1.77251e+20,6.38769e+15,1.61523e+21,5.64182e+15
2.275e-07,5.66806e+16,9.04571e+16,1.99016e+16,1.76568e+20,6.37698e+15,1.61196e+21,5.63059e+15
2.28e-07,5.62457e+16,9.00441e+16,1.98366e+16,1.75893e+20,6.36627e+15,1.6087e+21,5.61937e+15
2.285e-07,5.58114e+16,8.96314e+16,1.97717e+16,1.75218e+20,6.35555e+15,1.60543e+21,5.60815e+15
2.29e-07,5.53849e+16,8.92224e+16,1.97071e+16,1.7455e+20,6.34484e+15,1.60218e+21,5.59694e+15
2.295e-07,5.49588e+16,8.88135e+16,1.96425e+16,1.73882e+20,6.33412e+15,1.59892e+21,5.58573e+15
2.3e-07,5.45404e+16,8.84084e+16,1.95782e+16,1.73222e+20,6.3234e+15,1.59568e+21,5.57453e+15
2.305e-07,5.41225e+16,8.80034e+16,1.9514e+16,1.72562e+20,6.31268e+15,1.59244e+21,5.56333e+15
2.31e-07,5.37119e+16,8.7602e+16,1.94501e+16,1.71909e+20,6.30197e+15,1.5892e+21,5.55214e+15
2.315e-07,5.33021e+16,8.72009e+16,1.93862e+16,1.71257e+20,6.29125e+15,1.58597e+21,5.54096e+15
2.32e-07,5.2899e+16,8.68031e+16,1.93226e+16,1.70611e+20,6.28053e+15,1.58274e+21,5.52978e+15
2.325e-07,5.2497e+16,8.64059e+16,1.9259e+16,1.69967e+20,6.26981e+15,1.57952e+21,5.51861e+15
2.33e-07,5.21013e+16,8.60118e+16,1.91958e+16,1.69328e+20,6.2591e+15,1.5763e+21,5.50744e+15
2.335e-07,5.17071e+16,8.56184e+16,1.91326e+16,1.68691e+20,6.24838e+15,1.57309e+21,5.49628e+15
2.34e-07,5.13186e+16,8.52279e+16,1.90697e+16,1.68059e+20,6.23766e+15,1.56988e+21,5.48513e+15
2.345e-07,5.09319e+16,8.48382e+16,1.90068e+16,1.67429e+20,6.22695e+15,1.56668e+21,5.47398e+15
2.35e-07,5.05505e+16,8.44513e+16,1.89442e+16,1.66804e+20,6.21624e+15,1.56348e+21,5.46285e+15
2.355e-07,5.01711e+16,8.40654e+16,1.88817e+16,1.66181e+20,6.20552e+15,1.56028e+21,5.45172e+15
2.36e-07,4.97966e+16,8.3682e+16,1.88195e+16,1.65563e+20,6.19481e+15,1.5571e+21,5.44059e+15
2.365e-07,4.94245e+16,8.32998e+16,1.87573e+16,1.64947e+20,6.1841e+15,1.55391e+21,5.42948e+15
2.37e-07,4.90568e+16,8.29199e+16,1.86954e+16,1.64336e+20,6.1734e+15,1.55074e+21,5.41837e+15
2.375e-07,4.86916e+16,8.25414e+16,1.86336e+16,1.63727e+20,6.16269e+15,1.54756e+21,5.40727e+15
2.38e-07,4.83306e+16,8.2165e+16,1.8572e+16,1.63122e+20,6.15199e+15,1.54439e+21,5.39618e+15
2.385e-07,4.79723e+16,8.17901e+16,1.85105e+16,1.6252e+20,6.14129e+15,1.54123e+21,5.38509e+15
2.39e-07,4.76178e+16,8.14171e+16,1.84493e+16,1.61922e+20,6.13059e+15,1.53807e+21,5.37402e+15
2.395e-07,4.72663e+16,8.10458e+16,1.83882e+16,1.61326e+20,6.11989e+15,1.53492e+21,5.36295e+15
2.4e-07,4.6918e+16,8.06763e+16,1.83273e+16,1.60734e+20,6.1092e+15,1.53177e+21,5.35189e+15
2.405e-07,4.65731e+16,8.03086e+16,1.82665e+16,1.60146e+20,6.09851e+15,1.52863e+21,5.34084e+15
2.41e-07,4.62311e+16,7.99424e+16,1.82059e+16,1.5956e+20,6.08782e+15,1.52549e+21,5.3298e+15
2.415e-07,4.58926e+16,7.95782e+16,1.81455e+16,1.58978e+20,6.07714e+15,1.52236e+21,5.31876e+15
2.42e-07,4.55567e+16,7.92154e+16,1.80852e+16,1.58399e+20,6.06646e+15,1.51923e+21,5.30774e+15
2.425e-07,4.52246e+16,7.88546e+16,1.80252e+16,1.57824e+20,6.05579e+15,1.51611e+21,5.29673e+15
2.43e-07,4.48946e+16,7.84952e+16,1.79652e+16,1.5725e+20,6.04511e+15,1.513e+21,5.28572e+15
2.435e-07,4.45686e+16,7.81379e+16,1.79055e+16,1.56681e+20,6.03444e+15,1.50989e+21,5.27473e+15
2.44e-07,4.42445e+16,7.77817e+16,1.78459e+16,1.56114e+20,6.02378e+15,1.50678e+21,5.26374e+15
2.445e-07,4.39246e+16,7.74278e+16,1.77865e+16,1.55551e+20,6.01312e+15,1.50368e+21,5.25276e+15
2.45e-07,4.36062e+16,7.70749e+16,1.77273e+16,1.5499e+20,6.00246e+15,1.50058e+21,5.24179e+15
2.455e-07,4.32921e+16,7.67244e+16,1.76682e+16,1.54434e+20,5.99181e+15,1.49749e+21,5.23084e+15
2.46e-07,4.29793e+16,7.63747e+16,1.76093e+16,1.53879e+20,5.98116e+15,1.4944e+21,5.21989e+15
2.465e-07,4.26711e+16,7.60276e+16,1.75506e+16,1.53328e+20,5.97052e+15,1.49133e+21,5.20896e+15
2.47e-07,4.23638e+16,7.56811e+16,1.7492e+16,1.52779e+20,5.95988e+15,1.48825e+21,5.19803e+15
2.475e-07,4.20611e+16,7.53374e+16,1.74337e+16,1.52235e+20,5.94925e+15,1.48518e+21,5.18711e+15
2.48e-07,4.17593e+16,7.4994e+16,1.73754e+16,1.51691e+20,5.93862e+15,1.48212e+21,5.1762e+15
2.485e-07,4.14621e+16,7.46535e+16,1.73174e+16,1.51153e+20,5.928e+15,1.47906e+21,5.16531e+15
2.49e-07,4.11655e+16,7.43133e+16,1.72594e+16,1.50615e+20,5.91738e+15,1.476e+21,5.15442e+15
2.495e-07,4.08738e+16,7.39761e+16,1.72018e+16,1.50082e+20,5.90677e+15,1.47296e+21,5.14355e+15
2.5e-07,4.05823e+16,7.3639e+16,1.71441e+16,1.4955e+20,5.89616e+15,1.46991e+21,5.13269e+15
2.505e-07,4.02959e+16,7.3305e+16,1.70868e+16,1.49024e+20,5.88557e+15,1.46688e+21,5.12184e+15
2.51e-07,4.00097e+16,7.29712e+16,1.70295e+16,1.48497e+20,5.87497e+15,1.46384e+21,5.11099e+15
2.515e-07,3.97282e+16,7.26402e+16,1.69726e+16,1.47976e+20,5.86438e+15,1.46082e+21,5.10017e+15
2.52e-07,3.94472e+16,7.23096e+16,1.69156e+16,1.47455e+20,5.8538e+15,1.45779e+21,5.08934e+15
2.525e-07,3.91706e+16,7.19816e+16,1.68589e+16,1.46939e+20,5.84322e+15,1.45478e+21,5.07854e+15
2.53e-07,3.88947e+16,7.16542e+16,1.68023e+16,1.46424e+20,5.83265e+15,1.45177e+21,5.06774e+15
2.535e-07,3.86228e+16,7.13292e+16,1.6746e+16,1.45914e+20,5.82209e+15,1.44876e+21,5.05696e+15
2.54e-07,3.83518e+16,7.10049e+16,1.66897e+16,1.45404e+20,5.81153e+15,1.44576e+21,5.04619e+15
2.545e-07,3.80846e+16,7.06829e+16,1.66337e+16,1.44899e+20,5.80098e+15,1.44277e+21,5.03543e+15
2.55e-07,3.78185e+16,7.03617e+16,1.65778e+16,1.44395e+20,5.79044e+15,1.43978e+21,5.02468e+15
2.555e-07,3.75559e+16,7.00426e+16,1.65221e+16,1.43895e+20,5.7799e+15,1.43679e+21,5.01394e+15
2.56e-07,3.72945e+16,6.97245e+16,1.64665e+16,1.43397e+20,5.76937e+15,1.43381e+21,5.00321e+15
2.565e-07,3.70363e+16,6.94084e+16,1.64111e+16,1.42902e+20,5.75885e+15,1.43084e+21,4.9925e+15
2.57e-07,3.67796e+16,6.90932e+16,1.63558e+16,1.42409e+20,5.74834e+15,1.42787e+21,4.9818e+15
2.575e-07,3.65258e+16,6.878e+16,1.63008e+16,1.41919e+20,5.73783e+15,1.42491e+21,4.97111e+15
2.58e-07,3.62737e+16,6.84679e+16,1.62459e+16,1.41431e+20,5.72733e+15,1.42195e+21,4.96044e+15
2.585e-07,3.60242e+16,6.81575e+16,1.61911e+16,1.40946e+20,5.71684e+15,1.419e+21,4.94978e+15
2.59e-07,3.57765e+16,6.78484e+16,1.61365e+16,1.40463e+20,5.70635e+15,1.41606e+21,4.93912e+15
2.595e-07,3.55312e+16,6.75409e+16,1.60821e+16,1.39983e+20,5.69588e+15,1.41312e+21,4.92848e+15
2.6e-07,3.52878e+16,6.72347e+16,1.60279e+16,1.39506e+20,5.6854e+15,1.41018e+21,4.91786e+15
2.605e-07,3.50467e+16,6.693e+16,1.59738e+16,1.39031e+20,5.67494e+15,1.40725e+21,4.90725e+15
2.61e-07,3.48076e+16,6.66267e+16,1.59198e+16,1.38558e+20,5.66449e+15,1.40433e+21,4.89665e+15
2.615e-07,3.45705e+16,6.63248e+16,1.58661e+16,1.38088e+20,5.65405e+15,1.40141e+21,4.88606e+15
2.62e-07,3.43357e+16,6.60244e+16,1.58125e+16,1.3762e+20,5.64361e+15,1.3985e+21,4.87548e+15
2.625e-07,3.41025e+16,6.57252e+16,1.5759e+16,1.37155e+20,5.63318e+15,1.39559e+21,4.86492e+15
2.63e-07,3.38718e+16,6.54277e+16,1.57057e+16,1.36692e+20,5.62276e+15,1.39268e+21,4.85437e+15
2.635e-07,3.36425e+16,6.51313e+16,1.56526e+16,1.36232e+20,5.61235e+15,1.38979e+21,4.84384e+15
2.64e-07,3.34158e+16,6.48366e+16,1.55997e+16,1.35774e+20,5.60195e+15,1.3869e+21,4.83332e+15
2.645e-07,3.31903e+16,6.45429e+16,1.55468e+16,1.35318e+20,5.59155e+15,1.38401e+21,4.82281e+15
2.65e-07,3.29675e+16,6.4251e+16,1.54942e+16,1.34865e+20,5.58117e+15,1.38113e+21,4.81231e+15
2.655e-07,3.27458e+16,6.396e+16,1.54417e+16,1.34413e+20,5.57079e+15,1.37825e+21,4.80183e+15
2.66e-07,3.25269e+16,6.36709e+16,1.53894e+16,1.33965e+20,5.56042e+15,1.37538e+21,4.79137e+15
2.665e-07,3.23088e+16,6.33825e+16,1.53372e+16,1.33518e+20,5.55006e+15,1.37252e+21,4.78091e+15
2.67e-07,3.20937e+16,6.30962e+16,1.52852e+16,1.33074e+20,5.53971e+15,1.36966e+21,4.77047e+15
2.675e-07,3.18792e+16,6.28104e+16,1.52333e+16,1.32632e+20,5.52937e+15,1.36681e+21,4.76004e+15
2.68e-07,3.16677e+16,6.25269e+16,1.51817e+16,1.32193e+20,5.51904e+15,1.36396e+21,4.74963e+15
2.685e-07,3.14568e+16,6.22437e+16,1.51301e+16,1.31755e+20,5.50872e+15,1.36112e+21,4.73922e+15
2.69e-07,3.1249e+16,6.19628e+16,1.50788e+16,1.3132e+20,5.49841e+15,1.35828e+21,4.72884e+15
2.695e-07,3.10415e+16,6.16822e+16,1.50275e+16,1.30886e+20,5.4881e+15,1.35545e+21,4.71847e+15
2.7e-07,3.08372e+16,6.14041e+16,1.49765e+16,1.30457e+20,5.47781e+15,1.35262e+21,4.70812e+15
2.705e-07,3.06331e+16,6.1126e+16,1.49255e+16,1.30027e+20,5.46752e+15,1.3498e+21,4.69777e+15
2.71e-07,3.04323e+16,6.08505e+16,1.48749e+16,1.29602e+20,5.45725e+15,1.34699e+21,4.68744e+15
2.715e-07,3.02317e+16,6.0575e+16,1.48242e+16,1.29176e+20,5.44699e+15,1.34418e+21,4.67712e+15
2.72e-07,3.00342e+16,6.03021e+16,1.47739e+16,1.28755e+20,5.43674e+15,1.34138e+21,4.66683e+15
2.725e-07,2.98369e+16,6.00293e+16,1.47235e+16,1.28334e+20,5.42649e+15,1.33857e+21,4.65653e+15
2.73e-07,2.96426e+16,5.97587e+16,1.46735e+16,1.27917e+20,5.41626e+15,1.33578e+21,4.64627e+15
2.735e-07,2.94487e+16,5.94886e+16,1.46234e+16,1.27501e+20,5.40603e+15,1.33299e+21,4.63601e+15
2.74e-07,2.92576e+16,5.92205e+16,1.45737e+16,1.27088e+20,5.39582e+15,1.33021e+21,4.62577e+15
2.745e-07,2.90669e+16,5.89529e+16,1.4524e+16,1.26676e+20,5.38561e+15,1.32744e+21,4.61553e+15
2.75e-07,2.88788e+16,5.86873e+16,1.44745e+16,1.26267e+20,5.37543e+15,1.32467e+21,4.60532e+15
2.755e-07,2.86914e+16,5.84222e+16,1.44251e+16,1.25859e+20,5.36524e+15,1.3219e+21,4.59512e+15
2.76e-07,2.85063e+16,5.8159e+16,1.4376e+16,1.25454e+20,5.35507e+15,1.31914e+21,4.58494e+15
2.765e-07,2.8322e+16,5.78965e+16,1.43269e+16,1.2505e+20,5.34491e+15,1.31638e+21,4.57477e+15
2.77e-07,2.81399e+16,5.76357e+16,1.4278e+16,1.24649e+20,5.33476e+15,1.31364e+21,4.56461e+15
2.775e-07,2.79587e+16,5.73756e+16,1.42293e+16,1.24249e+20,5.32462e+15,1.31089e+21,4.55447e+15
2.78e-07,2.77795e+16,5.71172e+16,1.41807e+16,1.23852e+20,5.31449e+15,1.30815e+21,4.54435e+15
2.785e-07,2.76013e+16,5.68596e+16,1.41323e+16,1.23456e+20,5.30437e+15,1.30542e+21,4.53423e+15
2.79e-07,2.7425e+16,5.66035e+16,1.4084e+16,1.23063e+20,5.29426e+15,1.30269e+21,4.52414e+15
2.795e-07,2.72498e+16,5.63484e+16,1.40359e+16,1.22671e+20,5.28417e+15,1.29997e+21,4.51406e+15
2.8e-07,2.70762e+16,5.60947e+16,1.39879e+16,1.22281e+20,5.27408e+15,1.29725e+21,4.50399e+15
2.805e-07,2.69039e+16,5.5842e+16,1.39401e+16,1.21894e+20,5.26401e+15,1.29454e+21,4.49394e+15
2.81e-07,2.67331e+16,5.55905e+16,1.38924e+16,1.21508e+20,5.25394e+15,1.29184e+21,4.48391e+15
2.815e-07,2.65636e+16,5.53402e+16,1.38449e+16,1.21124e+20,5.24389e+15,1.28914e+21,4.47389e+15
2.82e-07,2.63955e+16,5.50911e+16,1.37975e+16,1.20742e+20,5.23385e+15,1.28644e+21,4.46388e+15
2.825e-07,2.62288e+16,5.48432e+16,1.37503e+16,1.20362e+20,5.22382e+15,1.28375e+21,4.45389e+15
2.83e-07,2.60633e+16,5.45963e+16,1.37032e+16,1.19983e+20,5.2138e+15,1.28107e+21,4.44392e+15
2.835e-07,2.58994e+16,5.43507e+16,1.36563e+16,1.19607e+20,5.20379e+15,1.27839e+21,4.43396e+15
2.84e-07,2.57365e+16,5.4106e+16,1.36095e+16,1.19232e+20,5.1938e+15,1.27572e+21,4.42401e+15
2.845e-07,2.55752e+16,5.38628e+16,1.35629e+16,1.1886e+20,5.18382e+15,1.27305e+21,4.41409e+15
2.85e-07,2.54149e+16,5.36204e+16,1.35164e+16,1.18489e+20,5.17384e+15,1.27039e+21,4.40417e+15
2.855e-07,2.52563e+16,5.33795e+16,1.34701e+16,1.1812e+20,5.16388e+15,1.26773e+21,4.39427e+15
2.86e-07,2.50984e+16,5.31392e+16,1.34238e+16,1.17752e+20,5.15393e+15,1.26508e+21,4.38439e+15
2.865e-07,2.49424e+16,5.29006e+16,1.33778e+16,1.17387e+20,5.144e+15,1.26243e+21,4.37452e+15
2.87e-07,2.4787e+16,5.26625e+16,1.33319e+16,1.17023e+20,5.13407e+15,1.25979e+21,4.36467e+15
2.875e-07,2.46335e+16,5.24262e+16,1.32862e+16,1.16661e+20,5.12416e+15,1.25716e+21,4.35484e+15
2.88e-07,2.44805e+16,5.21903e+16,1.32405e+16,1.163e+20,5.11425e+15,1.25453e+21,4.34501e+15
2.885e-07,2.43295e+16,5.19562e+16,1.31951e+16,1.15942e+20,5.10436e+15,1.25191e+21,4.33521e+15
2.89e-07,2.41788e+16,5.17224e+16,1.31498e+16,1.15585e+20,5.09448e+15,1.24928e+21,4.32542e+15
2.895e-07,2.40302e+16,5.14905e+16,1.31046e+16,1.1523e+20,5.08462e+15,1.24667e+21,4.31565e+15
2.9e-07,2.38819e+16,5.12589e+16,1.30596e+16,1.14876e+20,5.07476e+15,1.24406e+21,4.30589e+15
2.905e-07,2.37357e+16,5.10292e+16,1.30147e+16,1.14525e+20,5.06492e+15,1.24146e+21,4.29615e+15
2.91e-07,2.35897e+16,5.07996e+16,1.29699e+16,1.14175e+20,5.05509e+15,1.23886e+21,4.28642e+15
2.915e-07,2.34459e+16,5.05721e+16,1.29254e+16,1.13827e+20,5.04528e+15,1.23627e+21,4.27672e+15
2.92e-07,2.33021e+16,5.03447e+16,1.28809e+16,1.1348e+20,5.03547e+15,1.23368e+21,4.26702e+15
2.925e-07,2.31605e+16,5.01193e+16,1.28367e+16,1.13135e+20,5.02568e+15,1.2311e+21,4.25734e+15
2.93e-07,2.3019e+16,4.9894e+16,1.27924e+16,1.12791e+20,5.01589e+15,1.22853e+21,4.24768e+15
2.935e-07,2.28796e+16,4.96707e+16,1.27485e+16,1.1245e+20,5.00613e+15,1.22596e+21,4.23804e+15
2.94e-07,2.27404e+16,4.94475e+16,1.27045e+16,1.1211e+20,4.99637e+15,1.22339e+21,4.2284e+15
2.945e-07,2.26031e+16,4.92262e+16,1.26609e+16,1.11772e+20,4.98663e+15,1.22083e+21,4.21879e+15
2.95e-07,2.24661e+16,4.90052e+16,1.26172e+16,1.11434e+20,4.97689e+15,1.21828e+21,4.20919e+15
2.955e-07,2.23308e+16,4.87859e+16,1.25738e+16,1.111e+20,4.96718e+15,1.21573e+21,4.19961e+15
2.96e-07,2.2196e+16,4.85669e+16,1.25305e+16,1.10765e+20,4.95747e+15,1.21319e+21,4.19004e+15
2.965e-07,2.20628e+16,4.83496e+16,1.24873e+16,1.10434e+20,4.94778e+15,1.21065e+21,4.18049e+15
2.97e-07,2.19301e+16,4.81327e+16,1.24442e+16,1.10103e+20,4.9381e+15,1.20811e+21,4.17095e+15
2.975e-07,2.17989e+16,4.79173e+16,1.24014e+16,1.09774e+20,4.92843e+15,1.20559e+21,4.16144e+15
2.98e-07,2.16683e+16,4.77025e+16,1.23586e+16,1.09447e+20,4.91877e+15,1.20306e+21,4.15193e+15
2.985e-07,2.1539e+16,4.74891e+16,1.2316e+16,1.09121e+20,4.90913e+15,1.20055e+21,4.14245e+15
2.99e-07,2.14105e+16,4.72763e+16,1.22735e+16,1.08796e+20,4.8995e+15,1.19803e+21,4.13298e+15
2.995e-07,2.12832e+16,4.70648e+16,1.22312e+16,1.08474e+20,4.88989e+15,1.19553e+21,4.12353e+15
3e-07,2.11566e+16,4.68541e+16,1.2189e+16,1.08152e+20,4.88028e+15,1.19303e+21,4.11409e+15
3.005e-07,2.10312e+16,4.66445e+16,1.21469e+16,1.07833e+20,4.87069e+15,1.19053e+21,4.10467e+15
3.01e-07,2.09066e+16,4.64357e+16,1.2105e+16,1.07514e+20,4.86111e+15,1.18804e+21,4.09526e+15
3.015e-07,2.07831e+16,4.6228e+16,1.20632e+16,1.07198e+20,4.85155e+15,1.18556e+21,4.08587e+15
3.02e-07,2.06604e+16,4.60212e+16,1.20215e+16,1.06882e+20,4.84199e+15,1.18307e+21,4.0765e+15
3.025e-07,2.05387e+16,4.58154e+16,1.198e+16,1.06568e+20,4.83245e+15,1.1806e+21,4.06714e+15
3.03e-07,2.0418e+16,4.56106e+16,1.19386e+16,1.06256e+20,4.82293e+15,1.17813e+21,4.0578e+15
3.035e-07,2.02981e+16,4.54066e+16,1.18974e+16,1.05945e+20,4.81341e+15,1.17567e+21,4.04848e+15
3.04e-07,2.01792e+16,4.52037e+16,1.18562e+16,1.05635e+20,4.80391e+15,1.17321e+21,4.03917e+15
3.045e-07,2.00611e+16,4.50016e+16,1.18152e+16,1.05327e+20,4.79442e+15,1.17075e+21,4.02988e+15
3.05e-07,1.9944e+16,4.48006e+16,1.17744e+16,1.05021e+20,4.78495e+15,1.1683e+21,4.02061e+15
3.055e-07,1.98276e+16,4.46003e+16,1.17337e+16,1.04715e+20,4.77549e+15,1.16586e+21,4.01134e+15
3.06e-07,1.97124e+16,4.44012e+16,1.16931e+16,1.04412e+20,4.76604e+15,1.16342e+21,4.00211e+15
3.065e-07,1.95977e+16,4.42028e+16,1.16526e+16,1.04109e+20,4.75661e+15,1.16099e+21,3.99288e+15
3.07e-07,1.94842e+16,4.40056e+16,1.16124e+16,1.03808e+20,4.74719e+15,1.15856e+21,3.98367e+15
3.075e-07,1.93712e+16,4.38089e+16,1.15721e+16,1.03508e+20,4.73778e+15,1.15614e+21,3.97447e+15
3.08e-07,1.92594e+16,4.36135e+16,1.15321e+16,1.0321e+20,4.72839e+15,1.15372e+21,3.9653e+15
3.085e-07,1.91481e+16,4.34186e+16,1.14922e+16,1.02913e+20,4.719e+15,1.15131e+21,3.95614e+15
3.09e-07,1.9038e+16,4.32251e+16,1.14524e+16,1.02618e+20,4.70964e+15,1.1489e+21,3.947e+15
3.095e-07,1.89283e+16,4.30319e+16,1.14127e+16,1.02323e+20,4.70028e+15,1.1465e+21,3.93786e+15
3.1e-07,1.88199e+16,4.28403e+16,1.13732e+16,1.02031e+20,4.69094e+15,1.1441e+21,3.92876e+15
3.105e-07,1.87117e+16,4.26488e+16,1.13338e+16,1.01739e+20,4.68161e+15,1.14171e+21,3.91966e+15
3.11e-07,1.8605e+16,4.2459e+16,1.12946e+16,1.01449e+20,4.6723e+15,1.13933e+21,3.91059e+15
3.115e-07,1.84984e+16,4.22693e+16,1.12554e+16,1.0116e+20,4.66299e+15,1.13694e+21,3.90152e+15
3.12e-07,1.83933e+16,4.20812e+16,1.12164e+16,1.00873e+20,4.65371e+15,1.13457e+21,3.89248e+15
3.125e-07,1.82882e+16,4.18932e+16,1.11775e+16,1.00586e+20,4.64443e+15,1.1322e+21,3.88344e+15
3.13e-07,1.81847e+16,4.17069e+16,1.11388e+16,1.00302e+20,4.63518e+15,1.12983e+21,3.87444e+15
3.135e-07,1.80812e+16,4.15207e+16,1.11001e+16,1.00017e+20,4.62593e+15,1.12747e+21,3.86544e+15
3.14e-07,1.79792e+16,4.1336e+16,1.10617e+16,9.97355e+19,4.6167e+15,1.12512e+21,3.85646e+15
3.145e-07,1.78772e+16,4.11516e+16,1.10233e+16,9.94539e+19,4.60747e+15,1.12276e+21,3.84749e+15
3.15e-07,1.77766e+16,4.09686e+16,1.09851e+16,9.91746e+19,4.59827e+15,1.12042e+21,3.83855e+15
3.155e-07,1.76762e+16,4.07859e+16,1.09469e+16,9.88956e+19,4.58908e+15,1.11808e+21,3.82962e+15
3.16e-07,1.75771e+16,4.06045e+16,1.0909e+16,9.86187e+19,4.5799e+15,1.11574e+21,3.82071e+15
3.165e-07,1.74782e+16,4.04235e+16,1.08711e+16,9.83422e+19,4.57073e+15,1.11341e+21,3.81181e+15
3.17e-07,1.73804e+16,4.02439e+16,1.08334e+16,9.80678e+19,4.56159e+15,1.11109e+21,3.80293e+15
3.175e-07,1.7283e+16,4.00646e+16,1.07958e+16,9.77939e+19,4.55244e+15,1.10877e+21,3.79407e+15
3.18e-07,1.71866e+16,3.98865e+16,1.07583e+16,9.75218e+19,4.54332e+15,1.10645e+21,3.78522e+15
3.185e-07,1.70906e+16,3.97089e+16,1.07209e+16,9.72504e+19,4.53421e+15,1.10414e+21,3.77639e+15
3.19e-07,1.69956e+16,3.95324e+16,1.06837e+16,9.69806e+19,4.52512e+15,1.10184e+21,3.76758e+15
3.195e-07,1.69011e+16,3.93564e+16,1.06466e+16,9.67117e+19,4.51603e+15,1.09954e+21,3.75878e+15
3.2e-07,1.68074e+16,3.91816e+16,1.06096e+16,9.64443e+19,4.50697e+15,1.09724e+21,3.75e+15
3.205e-07,1.67142e+16,3.90073e+16,1.05727e+16,9.61778e+19,4.49791e+15,1.09495e+21,3.74123e+15
3.21e-07,1.66219e+16,3.8834e+16,1.0536e+16,9.59128e+19,4.48887e+15,1.09267e+21,3.73249e+15
3.215e-07,1.653e+16,3.86613e+16,1.04994e+16,9.56487e+19,4.47984e+15,1.09039e+21,3.72375e+15
3.22e-07,1.6439e+16,3.84895e+16,1.04629e+16,9.53859e+19,4.47083e+15,1.08811e+21,3.71504e+15
3.225e-07,1.63485e+16,3.83185e+16,1.04265e+16,9.51242e+19,4.46183e+15,1.08584e+21,3.70634e+15
3.23e-07,1.62587e+16,3.81483e+16,1.03903e+16,9.48637e+19,4.45284e+15,1.08358e+21,3.69766e+15
3.235e-07,1.61696e+16,3.79789e+16,1.03541e+16,9.46044e+19,4.44387e+15,1.08132e+21,3.68899e+15
3.24e-07,1.60811e+16,3.78102e+16,1.03181e+16,9.43461e+19,4.43491e+15,1.07906e+21,3.68034e+15
3.245e-07,1.59932e+16,3.76423e+16,1.02822e+16,9.40891e+19,4.42597e+15,1.07681e+21,3.67171e+15
3.25e-07,1.59059e+16,3.74752e+16,1.02465e+16,9.38331e+19,4.41704e+15,1.07457e+21,3.66309e+15
3.255e-07,1.58194e+16,3.73089e+16,1.02108e+16,9.35784e+19,4.40812e+15,1.07233e+21,3.6545e+15
3.26e-07,1.57333e+16,3.71432e+16,1.01753e+16,9.33246e+19,4.39922e+15,1.07009e+21,3.64591e+15
3.265e-07,1.5648e+16,3.69785e+16,1.01399e+16,9.30721e+19,4.39033e+15,1.06786e+21,3.63735e+15
3.27e-07,1.55631e+16,3.68143e+16,1.01046e+16,9.28204e+19,4.38146e+15,1.06564e+21,3.6288e+15
3.275e-07,1.5479e+16,3.66512e+16,1.00694e+16,9.25703e+19,4.3726e+15,1.06342e+21,3.62027e+15
3.28e-07,1.53953e+16,3.64885e+16,1.00343e+16,9.23207e+19,4.36375e+15,1.0612e+21,3.61174e+15
3.285e-07,1.53124e+16,3.63269e+16,9.99942e+15,9.20728e+19,4.35492e+15,1.05899e+21,3.60325e+15
3.29e-07,1.52298e+16,3.61656e+16,9.96457e+15,9.18254e+19,4.3461e+15,1.05678e+21,3.59476e+15
3.295e-07,1.51481e+16,3.60055e+16,9.9299e+15,9.15796e+19,4.3373e+15,1.05458e+21,3.5863e+15
3.3e-07,1.50667e+16,3.58457e+16,9.89528e+15,9.13343e+19,4.3285e+15,1.05239e+21,3.57784e+15
3.305e-07,1.49862e+16,3.56871e+16,9.86085e+15,9.10907e+19,4.31973e+15,1.0502e+21,3.56941e+15
3.31e-07,1.49058e+16,3.55287e+16,9.82645e+15,9.08475e+19,4.31096e+15,1.04801e+21,3.56099e+15
3.315e-07,1.48265e+16,3.53716e+16,9.79226e+15,9.0606e+19,4.30222e+15,1.04583e+21,3.55259e+15
3.32e-07,1.47472e+16,3.52146e+16,9.75809e+15,9.03648e+19,4.29348e+15,1.04365e+21,3.5442e+15
3.325e-07,1.4669e+16,3.5059e+16,9.72413e+15,9.01255e+19,4.28477e+15,1.04148e+21,3.53584e+15
3.33e-07,1.45908e+16,3.49034e+16,9.69018e+15,8.98864e+19,4.27605e+15,1.03931e+21,3.52748e+15
3.335e-07,1.45137e+16,3.47492e+16,9.65646e+15,8.96492e+19,4.26737e+15,1.03715e+21,3.51915e+15
3.34e-07,1.44367e+16,3.45951e+16,9.62274e+15,8.94121e+19,4.25868e+15,1.03499e+21,3.51083e+15
3.345e-07,1.43606e+16,3.44423e+16,9.58924e+15,8.91769e+19,4.25003e+15,1.03284e+21,3.50253e+15
3.35e-07,1.42846e+16,3.42896e+16,9.55576e+15,8.89419e+19,4.24137e+15,1.03069e+21,3.49424e+15
3.355e-07,1.42096e+16,3.41382e+16,9.52248e+15,8.87087e+19,4.23274e+15,1.02855e+21,3.48597e+15
3.36e-07,1.41347e+16,3.3987e+16,9.48923e+15,8.84757e+19,4.22411e+15,1.02641e+21,3.47771e+15
3.365e-07,1.40607e+16,3.38369e+16,9.45617e+15,8.82444e+19,4.21551e+15,1.02428e+21,3.46948e+15
3.37e-07,1.39868e+16,3.36871e+16,9.42315e+15,8.80135e+19,4.20691e+15,1.02215e+21,3.46126e+15
3.375e-07,1.39138e+16,3.35383e+16,9.39031e+15,8.77841e+19,4.19834e+15,1.02003e+21,3.45306e+15
3.38e-07,1.38409e+16,3.33899e+16,9.35751e+15,8.75552e+19,4.18977e+15,1.01791e+21,3.44486e+15
3.385e-07,1.37689e+16,3.32425e+16,9.32489e+15,8.73278e+19,4.18122e+15,1.01579e+21,3.4367e+15
3.39e-07,1.36971e+16,3.30955e+16,9.29232e+15,8.71008e+19,4.17268e+15,1.01368e+21,3.42854e+15
3.395e-07,1.3626e+16,3.29494e+16,9.25992e+15,8.68753e+19,4.16416e+15,1.01158e+21,3.4204e+15
3.4e-07,1.35552e+16,3.28037e+16,9.22758e+15,8.66503e+19,4.15565e+15,1.00948e+21,3.41228e+15
3.405e-07,1.34851e+16,3.26589e+16,9.19538e+15,8.64266e+19,4.14716e+15,1.00738e+21,3.40417e+15
3.41e-07,1.34152e+16,3.25146e+16,9.16326e+15,8.62036e+19,4.13868e+15,1.00529e+21,3.39608e+15
3.415e-07,1.3346e+16,3.23712e+16,9.13128e+15,8.59817e+19,4.13021e+15,1.0032e+21,3.38801e+15
3.42e-07,1.32772e+16,3.22282e+16,9.09939e+15,8.57606e+19,4.12176e+15,1.00112e+21,3.37995e+15
3.425e-07,1.32089e+16,3.2086e+16,9.06762e+15,8.55405e+19,4.11332e+15,9.99045e+20,3.37191e+15
3.43e-07,1.3141e+16,3.19444e+16,9.03595e+15,8.53213e+19,4.10489e+15,9.96972e+20,3.36388e+15
3.435e-07,1.30736e+16,3.18034e+16,9.00439e+15,8.51031e+19,4.09648e+15,9.94905e+20,3.35588e+15
3.44e-07,1.30066e+16,3.16631e+16,8.97294e+15,8.48857e+19,4.08809e+15,9.92841e+20,3.34788e+15
3.445e-07,1.29401e+16,3.15235e+16,8.94159e+15,8.46693e+19,4.07971e+15,9.90783e+20,3.33991e+15
3.45e-07,1.28741e+16,3.13845e+16,8.91036e+15,8.44538e+19,4.07134e+15,9.88729e+20,3.33195e+15
3.455e-07,1.28084e+16,3.1246e+16,8.87922e+15,8.42391e+19,4.06299e+15,9.86679e+20,3.324e+15
3.46e-07,1.27433e+16,3.11083e+16,8.8482e+15,8.40254e+19,4.05465e+15,9.84635e+20,3.31608e+15
3.465e-07,1.26785e+16,3.09711e+16,8.81727e+15,8.38125e+19,4.04632e+15,9.82595e+20,3.30816e+15
3.47e-07,1.26143e+16,3.08347e+16,8.78647e+15,8.36007e+19,4.03801e+15,9.8056e+20,3.30027e+15
3.475e-07,1.25503e+16,3.06987e+16,8.75574e+15,8.33895e+19,4.02971e+15,9.78528e+20,3.29239e+15
3.48e-07,1.2487e+16,3.05636e+16,8.72516e+15,8.31794e+19,4.02143e+15,9.76503e+20,3.28453e+15
3.485e-07,1.24239e+16,3.04288e+16,8.69463e+15,8.29699e+19,4.01316e+15,9.7448e+20,3.27668e+15
3.49e-07,1.23614e+16,3.0295e+16,8.66426e+15,8.27616e+19,4.00491e+15,9.72464e+20,3.26885e+15
3.495e-07,1.22991e+16,3.01614e+16,8.63394e+15,8.25538e+19,3.99666e+15,9.7045e+20,3.26103e+15
3.5e-07,1.22374e+16,3.00288e+16,8.60378e+15,8.23473e+19,3.98844e+15,9.68443e+20,3.25324e+15
3.505e-07,1.2176e+16,2.98964e+16,8.57366e+15,8.21412e+19,3.98022e+15,9.66438e+20,3.24545e+15
3.51e-07,1.21151e+16,2.9765e+16,8.54371e+15,8.19364e+19,3.97203e+15,9.6444e+20,3.23769e+15
3.515e-07,1.20545e+16,2.96338e+16,8.5138e+15,8.1732e+19,3.96384e+15,9.62444e+20,3.22994e+15
3.52e-07,1.19945e+16,2.95036e+16,8.48406e+15,8.15289e+19,3.95568e+15,9.60455e+20,3.22221e+15
3.525e-07,1.19346e+16,2.93736e+16,8.45434e+15,8.13261e+19,3.94752e+15,9.58468e+20,3.21448e+15
3.53e-07,1.18754e+16,2.92446e+16,8.42481e+15,8.11247e+19,3.93938e+15,9.56489e+20,3.20679e+15
3.535e-07,1.18162e+16,2.91158e+16,8.39529e+15,8.09235e+19,3.93124e+15,9.5451e+20,3.19909e+15
3.54e-07,1.17578e+16,2.8988e+16,8.36596e+15,8.07238e+19,3.92314e+15,9.5254e+20,3.19143e+15
3.545e-07,1.16995e+16,2.88603e+16,8.33664e+15,8.05242e+19,3.91503e+15,9.5057e+20,3.18377e+15
3.55e-07,1.16418e+16,2.87337e+16,8.30752e+15,8.03262e+19,3.90695e+15,9.48609e+20,3.17614e+15
3.555e-07,1.15842e+16,2.86072e+16,8.27841e+15,8.01283e+19,3.89888e+15,9.46648e+20,3.16851e+15
3.56e-07,1.15274e+16,2.84817e+16,8.24948e+15,7.99318e+19,3.89082e+15,9.44695e+20,3.16091e+15
3.565e-07,1.14705e+16,2.83564e+16,8.22057e+15,7.97356e+19,3.88277e+15,9.42744e+20,3.15331e+15
3.57e-07,1.14144e+16,2.8232e+16,8.19183e+15,7.95407e+19,3.87475e+15,9.408e+20,3.14574e+15
3.575e-07,1.13583e+16,2.81079e+16,8.16313e+15,7.9346e+19,3.86673e+15,9.38857e+20,3.13818e+15
3.58e-07,1.13028e+16,2.79846e+16,8.13458e+15,7.91527e+19,3.85873e+15,9.36922e+20,3.13064e+15
3.585e-07,1.12475e+16,2.78616e+16,8.10608e+15,7.89596e+19,3.85074e+15,9.34988e+20,3.12311e+15
3.59e-07,1.11928e+16,2.77394e+16,8.07773e+15,7.87678e+19,3.84277e+15,9.33061e+20,3.1156e+15
3.595e-07,1.11382e+16,2.76176e+16,8.04942e+15,7.85763e+19,3.83481e+15,9.31136e+20,3.10811e+15
3.6e-07,1.10841e+16,2.74965e+16,8.02126e+15,7.8386e+19,3.82687e+15,9.29218e+20,3.10063e+15
3.605e-07,1.10302e+16,2.73758e+16,7.99316e+15,7.81961e+19,3.81894e+15,9.27302e+20,3.09316e+15
3.61e-07,1.09768e+16,2.72558e+16,7.96518e+15,7.80073e+19,3.81102e+15,9.25392e+20,3.08572e+15
3.615e-07,1.09237e+16,2.71361e+16,7.93727e+15,7.7819e+19,3.80312e+15,9.23485e+20,3.07828e+15
3.62e-07,1.0871e+16,2.70172e+16,7.90949e+15,7.76316e+19,3.79523e+15,9.21584e+20,3.07087e+15
3.625e-07,1.08185e+16,2.68987e+16,7.88178e+15,7.74449e+19,3.78735e+15,9.19686e+20,3.06347e+15
3.63e-07,1.07664e+16,2.67808e+16,7.85418e+15,7.7259e+19,3.77949e+15,9.17793e+20,3.05608e+15
3.635e-07,1.07147e+16,2.66634e+16,7.82666e+15,7.70737e+19,3.77165e+15,9.15904e+20,3.04871e+15
3.64e-07,1.06632e+16,2.65466e+16,7.79925e+15,7.68893e+19,3.76381e+15,9.14019e+20,3.04136e+15
3.645e-07,1.06121e+16,2.64302e+16,7.77193e+15,7.67055e+19,3.75599e+15,9.12138e+20,3.03402e+15
3.65e-07,1.05614e+16,2.63145e+16,7.7447e+15,7.65226e+19,3.74819e+15,9.10262e+20,3.0267e+15
3.655e-07,1.05109e+16,2.61992e+16,7.71757e+15,7.63403e+19,3.7404e+15,9.0839e+20,3.01939e+15
3.66e-07,1.04608e+16,2.60844e+16,7.69052e+15,7.61587e+19,3.73262e+15,9.06522e+20,3.0121e+15
3.665e-07,1.0411e+16,2.59703e+16,7.66358e+15,7.5978e+19,3.72486e+15,9.04659e+20,3.00482e+15
3.67e-07,1.03615e+16,2.58565e+16,7.63672e+15,7.57978e+19,3.71711e+15,9.028e+20,2.99756e+15
3.675e-07,1.03123e+16,2.57434e+16,7.60997e+15,7.56185e+19,3.70937e+15,9.00945e+20,2.99032e+15
3.68e-07,1.02634e+16,2.56307e+16,7.58329e+15,7.54397e+19,3.70165e+15,8.99094e+20,2.98309e+15
3.685e-07,1.02149e+16,2.55186e+16,7.55673e+15,7.52618e+19,3.69394e+15,8.97248e+20,2.97587e+15
3.69e-07,1.01666e+16,2.54068e+16,7.53023e+15,7.50844e+19,3.68625e+15,8.95405e+20,2.96867e+15
3.695e-07,1.01187e+16,2.52958e+16,7.50385e+15,7.4908e+19,3.67857e+15,8.93568e+20,2.96149e+15
3.7e-07,1.0071e+16,2.5185e+16,7.47753e+15,7.47319e+19,3.6709e+15,8.91733e+20,2.95432e+15
3.705e-07,1.00238e+16,2.5075e+16,7.45134e+15,7.45569e+19,3.66325e+15,8.89904e+20,2.94717e+15
3.71e-07,9.97663e+15,2.49653e+16,7.4252e+15,7.43823e+19,3.65561e+15,8.88077e+20,2.94003e+15
3.715e-07,9.92997e+15,2.48563e+16,7.39919e+15,7.42086e+19,3.64799e+15,8.86257e+20,2.93292e+15
3.72e-07,9.88341e+15,2.47475e+16,7.37322e+15,7.40353e+19,3.64037e+15,8.84438e+20,2.92581e+15
3.725e-07,9.83734e+15,2.46395e+16,7.3474e+15,7.38631e+19,3.63278e+15,8.82627e+20,2.91872e+15
3.73e-07,9.79135e+15,2.45316e+16,7.32161e+15,7.3691e+19,3.62519e+15,8.80816e+20,2.91164e+15
3.735e-07,9.74587e+15,2.44247e+16,7.29598e+15,7.35202e+19,3.61763e+15,8.79013e+20,2.90458e+15
3.74e-07,9.70044e+15,2.43178e+16,7.27036e+15,7.33495e+19,3.61007e+15,8.7721e+20,2.89753e+15
3.745e-07,9.65554e+15,2.42118e+16,7.2449e+15,7.318e+19,3.60253e+15,8.75415e+20,2.89051e+15
3.75e-07,9.61066e+15,2.41058e+16,7.21946e+15,7.30106e+19,3.595e+15,8.73621e+20,2.88349e+15
3.755e-07,9.56632e+15,2.40008e+16,7.19418e+15,7.28424e+19,3.58749e+15,8.71834e+20,2.8765e+15
3.76e-07,9.52201e+15,2.38959e+16,7.16891e+15,7.26743e+19,3.57999e+15,8.70048e+20,2.86951e+15
3.765e-07,9.47821e+15,2.37918e+16,7.14381e+15,7.25075e+19,3.5725e+15,8.6827e+20,2.86254e+15
3.77e-07,9.43446e+15,2.36878e+16,7.11872e+15,7.23407e+19,3.56503e+15,8.66492e+20,2.85559e+15
3.775e-07,9.39118e+15,2.35846e+16,7.09379e+15,7.21751e+19,3.55757e+15,8.64721e+20,2.84865e+15
3.78e-07,9.34798e+15,2.34816e+16,7.06888e+15,7.20097e+19,3.55012e+15,8.62952e+20,2.84172e+15
3.785e-07,9.30522e+15,2.33793e+16,7.04412e+15,7.18453e+19,3.5427e+15,8.61189e+20,2.83482e+15
3.79e-07,9.26256e+15,2.32773e+16,7.01938e+15,7.16812e+19,3.53527e+15,8.59428e+20,2.82792e+15
3.795e-07,9.22031e+15,2.31759e+16,6.99479e+15,7.1518e+19,3.52787e+15,8.57673e+20,2.82105e+15
3.8e-07,9.17819e+15,2.30748e+16,6.97023e+15,7.13552e+19,3.52048e+15,8.5592e+20,2.81418e+15
3.805e-07,9.13645e+15,2.29743e+16,6.9458e+15,7.11933e+19,3.51311e+15,8.54173e+20,2.80734e+15
3.81e-07,9.09485e+15,2.28741e+16,6.92141e+15,7.10317e+19,3.50574e+15,8.52428e+20,2.8005e+15
3.815e-07,9.0536e+15,2.27745e+16,6.89715e+15,7.0871e+19,3.49839e+15,8.50689e+20,2.79369e+15
3.82e-07,9.01252e+15,2.26752e+16,6.87294e+15,7.07107e+19,3.49105e+15,8.48952e+20,2.78688e+15
3.825e-07,8.97176e+15,2.25765e+16,6.84884e+15,7.05512e+19,3.48373e+15,8.47221e+20,2.7801e+15
3.83e-07,8.93119e+15,2.24782e+16,6.8248e+15,7.03922e+19,3.47642e+15,8.45492e+20,2.77332e+15
3.835e-07,8.89092e+15,2.23804e+16,6.80086e+15,7.02339e+19,3.46913e+15,8.43769e+20,2.76656e+15
3.84e-07,8.85085e+15,2.22829e+16,6.777e+15,7.0076e+19,3.46185e+15,8.42048e+20,2.75982e+15
3.845e-07,8.81105e+15,2.21859e+16,6.75322e+15,6.99189e+19,3.45458e+15,8.40332e+20,2.75309e+15
3.85e-07,8.77147e+15,2.20894e+16,6.72952e+15,6.97623e+19,3.44732e+15,8.3862e+20,2.74638e+15
3.855e-07,8.73215e+15,2.19933e+16,6.70591e+15,6.96064e+19,3.44008e+15,8.36911e+20,2.73968e+15
3.86e-07,8.69306e+15,2.18976e+16,6.68238e+15,6.9451e+19,3.43285e+15,8.35207e+20,2.733e+15
3.865e-07,8.65419e+15,2.18023e+16,6.65893e+15,6.92962e+19,3.42564e+15,8.33506e+20,2.72633e+15
3.87e-07,8.61558e+15,2.17075e+16,6.63557e+15,6.9142e+19,3.41844e+15,8.3181e+20,2.71967e+15
3.875e-07,8.57717e+15,2.16131e+16,6.61228e+15,6.89883e+19,3.41125e+15,8.30117e+20,2.71303e+15
3.88e-07,8.53903e+15,2.15192e+16,6.58908e+15,6.88353e+19,3.40408e+15,8.28428e+20,2.70641e+15
3.885e-07,8.50107e+15,2.14256e+16,6.56594e+15,6.86828e+19,3.39692e+15,8.26743e+20,2.69979e+15
3.89e-07,8.4634e+15,2.13326e+16,6.54291e+15,6.8531e+19,3.38977e+15,8.25062e+20,2.6932e+15
3.895e-07,8.42588e+15,2.12398e+16,6.51994e+15,6.83795e+19,3.38264e+15,8.23384e+20,2.68662e+15
3.9e-07,8.38867e+15,2.11476e+16,6.49707e+15,6.82289e+19,3.37552e+15,8.21711e+20,2.68005e+15
3.905e-07,8.35159e+15,2.10556e+16,6.47425e+15,6.80786e+19,3.36841e+15,8.20041e+20,2.6735e+15
3.91e-07,8.31483e+15,2.09643e+16,6.45155e+15,6.79291e+19,3.36132e+15,8.18376e+20,2.66696e+15
3.915e-07,8.27818e+15,2.08731e+16,6.42888e+15,6.77799e+19,3.35424e+15,8.16713e+20,2.66044e+15
3.92e-07,8.24186e+15,2.07826e+16,6.40634e+15,6.76315e+19,3.34717e+15,8.15056e+20,2.65393e+15
3.925e-07,8.20563e+15,2.06923e+16,6.38383e+15,6.74834e+19,3.34012e+15,8.134e+20,2.64743e+15
3.93e-07,8.16976e+15,2.06026e+16,6.36145e+15,6.73362e+19,3.33308e+15,8.11751e+20,2.64096e+15
3.935e-07,8.13395e+15,2.05131e+16,6.33909e+15,6.71891e+19,3.32605e+15,8.10103e+20,2.63449e+15
3.94e-07,8.09851e+15,2.04242e+16,6.31687e+15,6.7043e+19,3.31904e+15,8.08461e+20,2.62804e+15
3.945e-07,8.06311e+15,2.03354e+16,6.29466e+15,6.6897e+19,3.31203e+15,8.06821e+20,2.6216e+15
3.95e-07,8.02809e+15,2.02474e+16,6.2726e+15,6.6752e+19,3.30505e+15,8.05187e+20,2.61519e+15
3.955e-07,7.9931e+15,2.01594e+16,6.25054e+15,6.66071e+19,3.29807e+15,8.03553e+20,2.60877e+15
3.96e-07,7.9585e+15,2.00722e+16,6.22864e+15,6.64632e+19,3.29112e+15,8.01927e+20,2.60238e+15
3.965e-07,7.92392e+15,1.9985e+16,6.20674e+15,6.63194e+19,3.28417e+15,8.00301e+20,2.596e+15
3.97e-07,7.88973e+15,1.98986e+16,6.18498e+15,6.61765e+19,3.27724e+15,7.98682e+20,2.58964e+15
3.975e-07,7.85556e+15,1.98122e+16,6.16324e+15,6.60338e+19,3.27031e+15,7.97064e+20,2.58329e+15
3.98e-07,7.82176e+15,1.97265e+16,6.14164e+15,6.58919e+19,3.26341e+15,7.95453e+20,2.57696e+15
3.985e-07,7.788e+15,1.96409e+16,6.12005e+15,6.57503e+19,3.25651e+15,7.93842e+20,2.57063e+15
3.99e-07,7.75458e+15,1.95559e+16,6.09859e+15,6.56095e+19,3.24964e+15,7.92238e+20,2.56433e+15
3.995e-07,7.72122e+15,1.94711e+16,6.07716e+15,6.54688e+19,3.24276e+15,7.90634e+20,2.55803e+15
4e-07,7.68818e+15,1.93869e+16,6.05585e+15,6.5329e+19,3.23591e+15,7.89037e+20,2.55175e+15
4.005e-07,7.65522e+15,1.93029e+16,6.03457e+15,6.51895e+19,3.22907e+15,7.87442e+20,2.54548e+15
4.01e-07,7.62255e+15,1.92195e+16,6.0134e+15,6.50507e+19,3.22224e+15,7.85852e+20,2.53924e+15
4.015e-07,7.58998e+15,1.91362e+16,5.99227e+15,6.49122e+19,3.21542e+15,7.84264e+20,2.533e+15
4.02e-07,7.55768e+15,1.90535e+16,5.97125e+15,6.47744e+19,3.20862e+15,7.82681e+20,2.52678e+15
4.025e-07,7.52549e+15,1.8971e+16,5.95027e+15,6.46369e+19,3.20183e+15,7.811e+20,2.52057e+15
4.03e-07,7.49355e+15,1.8889e+16,5.9294e+15,6.45e+19,3.19506e+15,7.79524e+20,2.51437e+15
4.035e-07,7.46174e+15,1.88072e+16,5.90857e+15,6.43636e+19,3.18829e+15,7.77951e+20,2.50819e+15
4.04e-07,7.43017e+15,1.87259e+16,5.88783e+15,6.42277e+19,3.18154e+15,7.76383e+20,2.50203e+15
4.045e-07,7.39873e+15,1.86449e+16,5.86716e+15,6.40923e+19,3.17481e+15,7.74817e+20,2.49587e+15
4.05e-07,7.3675e+15,1.85644e+16,5.84656e+15,6.39574e+19,3.16808e+15,7.73255e+20,2.48973e+15
4.055e-07,7.33644e+15,1.84841e+16,5.82603e+15,6.38229e+19,3.16137e+15,7.71697e+20,2.48361e+15
4.06e-07,7.30556e+15,1.84043e+16,5.80558e+15,6.3689e+19,3.15467e+15,7.70142e+20,2.4775e+15
4.065e-07,7.27486e+15,1.83247e+16,5.7852e+15,6.35555e+19,3.14799e+15,7.68591e+20,2.4714e+15
4.07e-07,7.24433e+15,1.82456e+16,5.76488e+15,6.34226e+19,3.14131e+15,7.67043e+20,2.46532e+15
4.075e-07,7.21398e+15,1.81668e+16,5.74465e+15,6.32901e+19,3.13465e+15,7.65499e+20,2.45925e+15
4.08e-07,7.18379e+15,1.80883e+16,5.72447e+15,6.3158e+19,3.12801e+15,7.63959e+20,2.45319e+15
4.085e-07,7.15379e+15,1.80102e+16,5.70438e+15,6.30265e+19,3.12137e+15,7.62422e+20,2.44715e+15
4.09e-07,7.12393e+15,1.79325e+16,5.68435e+15,6.28954e+19,3.11475e+15,7.60888e+20,2.44112e+15
4.095e-07,7.09429e+15,1.78551e+16,5.6644e+15,6.27649e+19,3.10814e+15,7.59359e+20,2.43511e+15
4.1e-07,7.06476e+15,1.7778e+16,5.6445e+15,6.26346e+19,3.10155e+15,7.57832e+20,2.4291e+15
4.105e-07,7.03545e+15,1.77013e+16,5.62469e+15,6.25051e+19,3.09497e+15,7.5631e+20,2.42312e+15
4.11e-07,7.00625e+15,1.76249e+16,5.60493e+15,6.23758e+19,3.08839e+15,7.5479e+20,2.41714e+15
4.115e-07,6.97729e+15,1.7549e+16,5.58527e+15,6.22471e+19,3.08184e+15,7.53275e+20,2.41119e+15
4.12e-07,6.94841e+15,1.74732e+16,5.56564e+15,6.21187e+19,3.07529e+15,7.51761e+20,2.40524e+15
4.125e-07,6.91977e+15,1.7398e+16,5.54612e+15,6.1991e+19,3.06876e+15,7.50254e+20,2.39931e+15
4.13e-07,6.89121e+15,1.73228e+16,5.52663e+15,6.18635e+19,3.06224e+15,7.48747e+20,2.39338e+15
4.135e-07,6.8629e+15,1.72483e+16,5.50725e+15,6.17368e+19,3.05574e+15,7.47246e+20,2.38748e+15
4.14e-07,6.83465e+15,1.71738e+16,5.48789e+15,6.16101e+19,3.04924e+15,7.45747e+20,2.38159e+15
4.145e-07,6.80667e+15,1.70999e+16,5.46865e+15,6.14843e+19,3.04276e+15,7.44253e+20,2.37571e+15
4.15e-07,6.77873e+15,1.70261e+16,5.44942e+15,6.13586e+19,3.03629e+15,7.4276e+20,2.36984e+15
4.155e-07,6.75106e+15,1.69529e+16,5.43032e+15,6.12336e+19,3.02984e+15,7.41273e+20,2.364e+15
4.16e-07,6.72343e+15,1.68798e+16,5.41122e+15,6.11088e+19,3.02339e+15,7.39787e+20,2.35815e+15
4.165e-07,6.69608e+15,1.68072e+16,5.39225e+15,6.09847e+19,3.01696e+15,7.38307e+20,2.35233e+15
4.17e-07,6.66874e+15,1.67347e+16,5.37329e+15,6.08607e+19,3.01054e+15,7.36828e+20,2.34651e+15
4.175e-07,6.6417e+15,1.66628e+16,5.35446e+15,6.07376e+19,3.00414e+15,7.35355e+20,2.34072e+15
4.18e-07,6.61468e+15,1.6591e+16,5.33563e+15,6.06145e+19,2.99774e+15,7.33882e+20,2.33493e+15
4.185e-07,6.58793e+15,1.65197e+16,5.31693e+15,6.04921e+19,2.99137e+15,7.32416e+20,2.32917e+15
4.19e-07,6.56121e+15,1.64485e+16,5.29824e+15,6.03699e+19,2.985e+15,7.3095e+20,2.3234e+15
4.195e-07,6.53475e+15,1.63779e+16,5.27967e+15,6.02485e+19,2.97864e+15,7.29491e+20,2.31766e+15
4.2e-07,6.50833e+15,1.63074e+16,5.26111e+15,6.01271e+19,2.9723e+15,7.28032e+20,2.31193e+15
4.205e-07,6.48216e+15,1.62373e+16,5.24266e+15,6.00065e+19,2.96597e+15,7.26579e+20,2.30621e+15
4.21e-07,6.45604e+15,1.61674e+16,5.22424e+15,5.9886e+19,2.95965e+15,7.25127e+20,2.3005e+15
4.215e-07,6.43014e+15,1.6098e+16,5.20592e+15,5.97662e+19,2.95335e+15,7.2368e+20,2.29481e+15
4.22e-07,6.40432e+15,1.60288e+16,5.18763e+15,5.96466e+19,2.94705e+15,7.22235e+20,2.28913e+15
4.225e-07,6.3787e+15,1.59599e+16,5.16943e+15,5.95276e+19,2.94077e+15,7.20795e+20,2.28347e+15
4.23e-07,6.35317e+15,1.58913e+16,5.15127e+15,5.94088e+19,2.9345e+15,7.19357e+20,2.27781e+15
4.235e-07,6.32782e+15,1.58231e+16,5.1332e+15,5.92906e+19,2.92825e+15,7.17923e+20,2.27217e+15
4.24e-07,6.30257e+15,1.57551e+16,5.11518e+15,5.91727e+19,2.922e+15,7.16492e+20,2.26655e+15
4.245e-07,6.2775e+15,1.56875e+16,5.09723e+15,5.90553e+19,2.91577e+15,7.15064e+20,2.26093e+15
4.25e-07,6.25253e+15,1.56201e+16,5.07933e+15,5.89382e+19,2.90955e+15,7.1364e+20,2.25533e+15
4.255e-07,6.22772e+15,1.55531e+16,5.06151e+15,5.88216e+19,2.90335e+15,7.12219e+20,2.24974e+15
4.26e-07,6.20303e+15,1.54863e+16,5.04374e+15,5.87053e+19,2.89715e+15,7.10801e+20,2.24417e+15
4.265e-07,6.17848e+15,1.54198e+16,5.02604e+15,5.85895e+19,2.89097e+15,7.09386e+20,2.23861e+15
4.27e-07,6.15406e+15,1.53537e+16,5.0084e+15,5.84741e+19,2.8848e+15,7.07975e+20,2.23306e+15
4.275e-07,6.12978e+15,1.52878e+16,4.99082e+15,5.83591e+19,2.87864e+15,7.06567e+20,2.22752e+15
4.28e-07,6.10563e+15,1.52222e+16,4.9733e+15,5.82444e+19,2.8725e+15,7.05162e+20,2.222e+15
4.285e-07,6.0816e+15,1.51569e+16,4.95585e+15,5.81302e+19,2.86636e+15,7.03761e+20,2.21649e+15
4.29e-07,6.05772e+15,1.5092e+16,4.93846e+15,5.80164e+19,2.86024e+15,7.02362e+20,2.21099e+15
4.295e-07,6.03394e+15,1.50272e+16,4.92112e+15,5.79029e+19,2.85413e+15,7.00967e+20,2.2055e+15
4.3e-07,6.01033e+15,1.49629e+16,4.90386e+15,5.77899e+19,2.84804e+15,6.99575e+20,2.20003e+15
4.305e-07,5.9868e+15,1.48987e+16,4.88664e+15,5.76771e+19,2.84195e+15,6.98186e+20,2.19457e+15
4.31e-07,5.96344e+15,1.48349e+16,4.8695e+15,5.75649e+19,2.83588e+15,6.96801e+20,2.18913e+15
4.315e-07,5.94016e+15,1.47713e+16,4.8524e+15,5.74529e+19,2.82982e+15,6.95418e+20,2.18369e+15
4.32e-07,5.91706e+15,1.47081e+16,4.83538e+15,5.73415e+19,2.82377e+15,6.9404e+20,2.17827e+15
4.325e-07,5.89402e+15,1.4645e+16,4.8184e+15,5.72302e+19,2.81773e+15,6.92663e+20,2.17286e+15
4.33e-07,5.87117e+15,1.45824e+16,4.80151e+15,5.71196e+19,2.81171e+15,6.91291e+20,2.16747e+15
4.335e-07,5.84837e+15,1.45199e+16,4.78464e+15,5.70091e+19,2.80569e+15,6.8992e+20,2.16208e+15
4.34e-07,5.82577e+15,1.44578e+16,4.76787e+15,5.68992e+19,2.7997e+15,6.88555e+20,2.15671e+15
4.345e-07,5.80321e+15,1.43958e+16,4.75112e+15,5.67894e+19,2.7937e+15,6.8719e+20,2.15135e+15
4.35e-07,5.78085e+15,1.43343e+16,4.73447e+15,5.66803e+19,2.78773e+15,6.85831e+20,2.14601e+15
4.355e-07,5.75853e+15,1.42729e+16,4.71784e+15,5.65712e+19,2.78176e+15,6.84473e+20,2.14067e+15
4.36e-07,5.73641e+15,1.42119e+16,4.70131e+15,5.64628e+19,2.77581e+15,6.8312e+20,2.13535e+15
4.365e-07,5.71432e+15,1.4151e+16,4.68479e+15,5.63545e+19,2.76987e+15,6.81768e+20,2.13004e+15
4.37e-07,5.69244e+15,1.40906e+16,4.66838e+15,5.62469e+19,2.76394e+15,6.80422e+20,2.12475e+15
4.375e-07,5.67058e+15,1.40302e+16,4.65197e+15,5.61393e+19,2.75802e+15,6.79076e+20,2.11946e+15
4.38e-07,5.64894e+15,1.39704e+16,4.63568e+15,5.60324e+19,2.75212e+15,6.77736e+20,2.11419e+15
4.385e-07,5.62731e+15,1.39106e+16,4.61939e+15,5.59255e+19,2.74622e+15,6.76396e+20,2.10893e+15
4.39e-07,5.60589e+15,1.38512e+16,4.60321e+15,5.58193e+19,2.74035e+15,6.75062e+20,2.10368e+15
4.395e-07,5.58449e+15,1.3792e+16,4.58704e+15,5.57132e+19,2.73447e+15,6.73728e+20,2.09844e+15
4.4e-07,5.5633e+15,1.37331e+16,4.57097e+15,5.56077e+19,2.72862e+15,6.724e+20,2.09323e+15
4.405e-07,5.54213e+15,1.36744e+16,4.55492e+15,5.55023e+19,2.72277e+15,6.71073e+20,2.08801e+15
4.41e-07,5.52115e+15,1.36161e+16,4.53896e+15,5.53975e+19,2.71694e+15,6.69751e+20,2.08282e+15
4.415e-07,5.50021e+15,1.35579e+16,4.52302e+15,5.52928e+19,2.71111e+15,6.6843e+20,2.07763e+15
4.42e-07,5.47944e+15,1.35001e+16,4.50717e+15,5.51887e+19,2.7053e+15,6.67113e+20,2.07246e+15
4.425e-07,5.45872e+15,1.34424e+16,4.49135e+15,5.50847e+19,2.6995e+15,6.65799e+20,2.06729e+15
4.43e-07,5.43817e+15,1.33851e+16,4.47561e+15,5.49813e+19,2.69371e+15,6.64488e+20,2.06215e+15
4.435e-07,5.41767e+15,1.33279e+16,4.4599e+15,5.4878e+19,2.68793e+15,6.6318e+20,2.05701e+15
4.44e-07,5.39732e+15,1.32711e+16,4.44427e+15,5.47752e+19,2.68217e+15,6.61875e+20,2.05189e+15
4.445e-07,5.37704e+15,1.32145e+16,4.42868e+15,5.46727e+19,2.67642e+15,6.60573e+20,2.04677e+15
4.45e-07,5.3569e+15,1.31581e+16,4.41315e+15,5.45706e+19,2.67068e+15,6.59274e+20,2.04167e+15
4.455e-07,5.33684e+15,1.3102e+16,4.39767e+15,5.44687e+19,2.66495e+15,6.57978e+20,2.03658e+15
4.46e-07,5.3169e+15,1.30462e+16,4.38226e+15,5.43673e+19,2.65923e+15,6.56685e+20,2.03151e+15
4.465e-07,5.29705e+15,1.29905e+16,4.36689e+15,5.42661e+19,2.65352e+15,6.55395e+20,2.02644e+15
4.47e-07,5.27731e+15,1.29352e+16,4.35158e+15,5.41653e+19,2.64783e+15,6.54108e+20,2.02139e+15
4.475e-07,5.25767e+15,1.28801e+16,4.33632e+15,5.40648e+19,2.64214e+15,6.52824e+20,2.01635e+15
4.48e-07,5.23813e+15,1.28252e+16,4.32111e+15,5.39646e+19,2.63647e+15,6.51543e+20,2.01132e+15
4.485e-07,5.21869e+15,1.27706e+16,4.30596e+15,5.38648e+19,2.63081e+15,6.50265e+20,2.0063e+15
4.49e-07,5.19935e+15,1.27162e+16,4.29086e+15,5.37653e+19,2.62516e+15,6.48989e+20,2.00129e+15
4.495e-07,5.18012e+15,1.2662e+16,4.27582e+15,5.36662e+19,2.61952e+15,6.47717e+20,1.9963e+15
4.5e-07,5.16097e+15,1.26081e+16,4.26083e+15,5.35673e+19,2.6139e+15,6.46447e+20,1.99132e+15
4.505e-07,5.14194e+15,1.25545e+16,4.2459e+15,5.34688e+19,2.60828e+15,6.45181e+20,1.98635e+15
4.51e-07,5.12298e+15,1.2501e+16,4.23101e+15,5.33706e+19,2.60268e+15,6.43917e+20,1.98139e+15
4.515e-07,5.10415e+15,1.24478e+16,4.21618e+15,5.32728e+19,2.59709e+15,6.42657e+20,1.97644e+15
4.52e-07,5.08538e+15,1.23948e+16,4.2014e+15,5.31752e+19,2.5915e+15,6.41399e+20,1.97151e+15
4.525e-07,5.06675e+15,1.23422e+16,4.18668e+15,5.3078e+19,2.58593e+15,6.40144e+20,1.96659e+15
4.53e-07,5.04817e+15,1.22896e+16,4.17199e+15,5.2981e+19,2.58037e+15,6.38891e+20,1.96167e+15
4.535e-07,5.02972e+15,1.22374e+16,4.15738e+15,5.28845e+19,2.57483e+15,6.37643e+20,1.95677e+15
4.54e-07,5.01133e+15,1.21853e+16,4.1428e+15,5.27881e+19,2.56929e+15,6.36396e+20,1.95188e+15
4.545e-07,4.99307e+15,1.21336e+16,4.12829e+15,5.26923e+19,2.56377e+15,6.35153e+20,1.94701e+15
4.55e-07,4.97486e+15,1.20819e+16,4.11381e+15,5.25965e+19,2.55825e+15,6.33912e+20,1.94214e+15
4.555e-07,4.9568e+15,1.20307e+16,4.09941e+15,5.25012e+19,2.55275e+15,6.32675e+20,1.93729e+15
4.56e-07,4.93876e+15,1.19795e+16,4.08502e+15,5.24061e+19,2.54726e+15,6.31439e+20,1.93244e+15
4.565e-07,4.92088e+15,1.19287e+16,4.07073e+15,5.23115e+19,2.54178e+15,6.30208e+20,1.92762e+15
4.57e-07,4.90303e+15,1.18779e+16,4.05644e+15,5.22169e+19,2.53631e+15,6.28978e+20,1.92279e+15
4.575e-07,4.88533e+15,1.18276e+16,4.04225e+15,5.21229e+19,2.53086e+15,6.27752e+20,1.91799e+15
4.58e-07,4.86765e+15,1.17773e+16,4.02807e+15,5.2029e+19,2.5254e+15,6.26528e+20,1.91319e+15
4.585e-07,4.85014e+15,1.17274e+16,4.01398e+15,5.19356e+19,2.51997e+15,6.25308e+20,1.90841e+15
4.59e-07,4.83264e+15,1.16775e+16,3.99989e+15,5.18423e+19,2.51454e+15,6.24089e+20,1.90363e+15
4.595e-07,4.8153e+15,1.1628e+16,3.9859e+15,5.17495e+19,2.50914e+15,6.22875e+20,1.89887e+15
4.6e-07,4.79798e+15,1.15786e+16,3.97192e+15,5.16568e+19,2.50373e+15,6.21661e+20,1.89412e+15
4.605e-07,4.78081e+15,1.15296e+16,3.95802e+15,5.15646e+19,2.49834e+15,6.20453e+20,1.88938e+15
4.61e-07,4.76366e+15,1.14806e+16,3.94414e+15,5.14725e+19,2.49296e+15,6.19245e+20,1.88465e+15
4.615e-07,4.74666e+15,1.1432e+16,3.93034e+15,5.13808e+19,2.48759e+15,6.18042e+20,1.87994e+15
4.62e-07,4.72969e+15,1.13834e+16,3.91656e+15,5.12893e+19,2.48223e+15,6.1684e+20,1.87523e+15
4.625e-07,4.71285e+15,1.13353e+16,3.90286e+15,5.11983e+19,2.47689e+15,6.15642e+20,1.87054e+15
4.63e-07,4.69605e+15,1.12872e+16,3.88918e+15,5.11073e+19,2.47155e+15,6.14446e+20,1.86585e+15
4.635e-07,4.67938e+15,1.12394e+16,3.87557e+15,5.10169e+19,2.46622e+15,6.13253e+20,1.86118e+15
4.64e-07,4.66275e+15,1.11917e+16,3.86198e+15,5.09265e+19,2.46091e+15,6.12062e+20,1.85652e+15
4.645e-07,4.64623e+15,1.11443e+16,3.84847e+15,5.08366e+19,2.45561e+15,6.10875e+20,1.85187e+15
4.65e-07,4.62977e+15,1.10971e+16,3.83499e+15,5.07469e+19,2.45031e+15,6.0969e+20,1.84723e+15
4.655e-07,4.61342e+15,1.10501e+16,3.82157e+15,5.06575e+19,2.44503e+15,6.08508e+20,1.8426e+15
4.66e-07,4.59713e+15,1.10033e+16,3.80818e+15,5.05684e+19,2.43976e+15,6.07328e+20,1.83799e+15
4.665e-07,4.58093e+15,1.09568e+16,3.79485e+15,5.04795e+19,2.4345e+15,6.06152e+20,1.83338e+15
4.67e-07,4.5648e+15,1.09104e+16,3.78156e+15,5.0391e+19,2.42925e+15,6.04978e+20,1.82879e+15
4.675e-07,4.54876e+15,1.08642e+16,3.76832e+15,5.03027e+19,2.42401e+15,6.03807e+20,1.8242e+15
4.68e-07,4.53279e+15,1.08182e+16,3.75513e+15,5.02147e+19,2.41878e+15,6.02638e+20,1.81963e+15
4.685e-07,4.5169e+15,1.07725e+16,3.74199e+15,5.0127e+19,2.41356e+15,6.01472e+20,1.81507e+15
4.69e-07,4.50109e+15,1.07269e+16,3.72889e+15,5.00395e+19,2.40836e+15,6.00309e+20,1.81052e+15
4.695e-07,4.48536e+15,1.06815e+16,3.71583e+15,4.99523e+19,2.40316e+15,5.99148e+20,1.80598e+15
4.7e-07,4.46971e+15,1.06364e+16,3.70283e+15,4.98655e+19,2.39798e+15,5.9799e+20,1.80145e+15
4.705e-07,4.45412e+15,1.05914e+16,3.68987e+15,4.97788e+19,2.3928e+15,5.96834e+20,1.79693e+15
4.71e-07,4.43863e+15,1.05466e+16,3.67696e+15,4.96925e+19,2.38764e+15,5.95682e+20,1.79242e+15
4.715e-07,4.42319e+15,1.05021e+16,3.66408e+15,4.96064e+19,2.38248e+15,5.94532e+20,1.78793e+15
4.72e-07,4.40785e+15,1.04577e+16,3.65127e+15,4.95206e+19,2.37734e+15,5.93385e+20,1.78344e+15
4.725e-07,4.39256e+15,1.04135e+16,3.63848e+15,4.9435e+19,2.37221e+15,5.92239e+20,1.77896e+15
4.73e-07,4.37737e+15,1.03695e+16,3.62576e+15,4.93498e+19,2.36709e+15,5.91098e+20,1.7745e+15
4.735e-07,4.36222e+15,1.03257e+16,3.61306e+15,4.92647e+19,2.36198e+15,5.89957e+20,1.77005e+15
4.74e-07,4.34718e+15,1.02821e+16,3.60043e+15,4.91801e+19,2.35688e+15,5.88821e+20,1.76561e+15
4.745e-07,4.33218e+15,1.02387e+16,3.58782e+15,4.90955e+19,2.35178e+15,5.87686e+20,1.76117e+15
4.75e-07,4.31729e+15,1.01955e+16,3.57528e+15,4.90114e+19,2.34671e+15,5.86555e+20,1.75675e+15
4.755e-07,4.30243e+15,1.01524e+16,3.56276e+15,4.89273e+19,2.34164e+15,5.85425e+20,1.75234e+15
4.76e-07,4.28769e+15,1.01096e+16,3.55031e+15,4.88437e+19,2.33658e+15,5.84299e+20,1.74794e+15
4.765e-07,4.27297e+15,1.00669e+16,3.53788e+15,4.87602e+19,2.33153e+15,5.83174e+20,1.74355e+15
4.77e-07,4.25837e+15,1.00245e+16,3.52552e+15,4.86771e+19,2.32649e+15,5.82054e+20,1.73917e+15
4.775e-07,4.24378e+15,9.98218e+15,3.51317e+15,4.85941e+19,2.32146e+15,5.80934e+20,1.7348e+15
4.78e-07,4.22933e+15,9.94016e+15,3.5009e+15,4.85116e+19,2.31645e+15,5.79819e+20,1.73044e+15
4.785e-07,4.21488e+15,9.89817e+15,3.48864e+15,4.84291e+19,2.31144e+15,5.78704e+20,1.72609e+15
4.79e-07,4.20057e+15,9.85653e+15,3.47646e+15,4.8347e+19,2.30645e+15,5.77594e+20,1.72176e+15
4.795e-07,4.18626e+15,9.81491e+15,3.46428e+15,4.8265e+19,2.30146e+15,5.76484e+20,1.71743e+15
4.8e-07,4.17208e+15,9.77364e+15,3.45219e+15,4.81835e+19,2.29648e+15,5.75379e+20,1.71312e+15
4.805e-07,4.15791e+15,9.73238e+15,3.4401e+15,4.8102e+19,2.29152e+15,5.74274e+20,1.70881e+15
4.81e-07,4.14387e+15,9.69146e+15,3.42809e+15,4.8021e+19,2.28656e+15,5.73174e+20,1.70452e+15
4.815e-07,4.12983e+15,9.65057e+15,3.41609e+15,4.794e+19,2.28162e+15,5.72075e+20,1.70023e+15
4.82e-07,4.11592e+15,9.61e+15,3.40416e+15,4.78594e+19,2.27668e+15,5.70979e+20,1.69596e+15
4.825e-07,4.10202e+15,9.56948e+15,3.39225e+15,4.77789e+19,2.27176e+15,5.69885e+20,1.69169e+15
4.83e-07,4.08824e+15,9.52925e+15,3.3804e+15,4.76989e+19,2.26685e+15,5.68795e+20,1.68744e+15
4.835e-07,4.07448e+15,9.4891e+15,3.36857e+15,4.76189e+19,2.26194e+15,5.67705e+20,1.68319e+15
4.84e-07,4.06082e+15,9.44922e+15,3.35681e+15,4.75393e+19,2.25705e+15,5.6662e+20,1.67896e+15
4.845e-07,4.04719e+15,9.40942e+15,3.34507e+15,4.74598e+19,2.25216e+15,5.65536e+20,1.67473e+15
4.85e-07,4.03366e+15,9.36988e+15,3.33339e+15,4.73807e+19,2.24729e+15,5.64455e+20,1.67052e+15
4.855e-07,4.02016e+15,9.33044e+15,3.32173e+15,4.73017e+19,2.24243e+15,5.63376e+20,1.66632e+15
4.86e-07,4.00675e+15,9.29124e+15,3.31013e+15,4.72231e+19,2.23757e+15,5.623e+20,1.66213e+15
4.865e-07,3.99338e+15,9.25214e+15,3.29856e+15,4.71446e+19,2.23273e+15,5.61226e+20,1.65794e+15
4.87e-07,3.9801e+15,9.21327e+15,3.28704e+15,4.70664e+19,2.2279e+15,5.60155e+20,1.65377e+15
4.875e-07,3.96686e+15,9.17453e+15,3.27555e+15,4.69884e+19,2.22307e+15,5.59086e+20,1.64961e+15
4.88e-07,3.95369e+15,9.136e+15,3.26411e+15,4.69107e+19,2.21826e+15,5.5802e+20,1.64545e+15
4.885e-07,3.94058e+15,9.0976e+15,3.25271e+15,4.68332e+19,2.21346e+15,5.56956e+20,1.64131e+15
4.89e-07,3.92754e+15,9.05939e+15,3.24134e+15,4.67559e+19,2.20866e+15,5.55894e+20,1.63718e+15
4.895e-07,3.91455e+15,9.02134e+15,3.23002e+15,4.66789e+19,2.20388e+15,5.54835e+20,1.63306e+15
4.9e-07,3.90163e+15,8.98345e+15,3.21874e+15,4.66021e+19,2.19911e+15,5.53778e+20,1.62894e+15
4.905e-07,3.88876e+15,8.94574e+15,3.2075e+15,4.65255e+19,2.19434e+15,5.52724e+20,1.62484e+15
4.91e-07,3.87596e+15,8.90818e+15,3.19629e+15,4.64492e+19,2.18959e+15,5.51672e+20,1.62075e+15
4.915e-07,3.86322e+15,8.8708e+15,3.18513e+15,4.63731e+19,2.18485e+15,5.50623e+20,1.61667e+15
4.92e-07,3.85052e+15,8.83356e+15,3.17401e+15,4.62971e+19,2.18011e+15,5.49575e+20,1.61259e+15
4.925e-07,3.8379e+15,8.79652e+15,3.16293e+15,4.62215e+19,2.17539e+15,5.48531e+20,1.60853e+15
4.93e-07,3.82533e+15,8.75959e+15,3.15188e+15,4.61461e+19,2.17067e+15,5.47488e+20,1.60448e+15
4.935e-07,3.81283e+15,8.72288e+15,3.14088e+15,4.60709e+19,2.16597e+15,5.46448e+20,1.60044e+15
4.94e-07,3.80036e+15,8.68627e+15,3.12991e+15,4.59959e+19,2.16128e+15,5.4541e+20,1.5964e+15
4.945e-07,3.78798e+15,8.64989e+15,3.11899e+15,4.59212e+19,2.15659e+15,5.44376e+20,1.59238e+15
4.95e-07,3.77563e+15,8.61359e+15,3.10809e+15,4.58466e+19,2.15192e+15,5.43342e+20,1.58836e+15
4.955e-07,3.76336e+15,8.57753e+15,3.09725e+15,4.57723e+19,2.14725e+15,5.42312e+20,1.58436e+15
4.96e-07,3.75112e+15,8.54154e+15,3.08643e+15,4.56982e+19,2.14259e+15,5.41283e+20,1.58036e+15
4.965e-07,3.73897e+15,8.50579e+15,3.07567e+15,4.56244e+19,2.13795e+15,5.40258e+20,1.57638e+15
4.97e-07,3.72684e+15,8.47011e+15,3.06492e+15,4.55507e+19,2.13331e+15,5.39234e+20,1.5724e+15
4.975e-07,3.7148e+15,8.43468e+15,3.05424e+15,4.54773e+19,2.12869e+15,5.38213e+20,1.56844e+15
4.98e-07,3.70278e+15,8.3993e+15,3.04357e+15,4.5404e+19,2.12407e+15,5.37193e+20,1.56448e+15
4.985e-07,3.69086e+15,8.3642e+15,3.03296e+15,4.53311e+19,2.11947e+15,5.36178e+20,1.56054e+15
4.99e-07,3.67894e+15,8.32912e+15,3.02236e+15,4.52583e+19,2.11486e+15,5.35163e+20,1.5566e+15
4.995e-07,3.66713e+15,8.29432e+15,3.01184e+15,4.51858e+19,2.11028e+15,5.34152e+20,1.55268e+15
5e-07,3.65532e+15,8.25954e+15,3.00131e+15,4.51133e+19,2.1057e+15,5.33141e+20,1.54875e+15
