"arc_length","cb","1","2","3","4","5","6"
0,0,0,0,0,0,0,0
3e-11,5.98263e+19,1.23477e+20,1.57779e+17,1.44608e+15,6.26726e+12,1.55732e+10,7.49145e+09
6e-11,1.19653e+20,2.46954e+20,3.15559e+17,2.89216e+15,1.25345e+13,3.11463e+10,1.49829e+10
9e-11,1.79479e+20,3.70431e+20,4.73338e+17,4.33825e+15,1.88018e+13,4.67195e+10,2.24743e+10
1.2e-10,2.39305e+20,4.93907e+20,6.31117e+17,5.78433e+15,2.5069e+13,6.22926e+10,2.99658e+10
1.5e-10,2.99132e+20,6.17384e+20,7.88897e+17,7.23041e+15,3.13363e+13,7.78658e+10,3.74572e+10
1.8e-10,3.58958e+20,7.40861e+20,9.46676e+17,8.67649e+15,3.76036e+13,9.34389e+10,4.49487e+10
2.1e-10,4.18784e+20,8.64338e+20,1.10446e+18,1.01226e+16,4.38708e+13,1.09012e+11,5.24401e+10
2.4e-10,4.78611e+20,9.87815e+20,1.26223e+18,1.15687e+16,5.01381e+13,1.24585e+11,5.99316e+10
2.7e-10,5.38437e+20,1.11129e+21,1.42001e+18,1.30147e+16,5.64054e+13,1.40158e+11,6.7423e+10
3e-10,5.98263e+20,1.23477e+21,1.57779e+18,1.44608e+16,6.26726e+13,1.55732e+11,7.49145e+10
3.3e-10,6.5809e+20,1.35825e+21,1.73557e+18,1.59069e+16,6.89399e+13,1.71305e+11,8.24059e+10
3.6e-10,7.17916e+20,1.48172e+21,1.89335e+18,1.7353e+16,7.52071e+13,1.86878e+11,8.98974e+10
3.9e-10,7.77742e+20,1.6052e+21,2.05113e+18,1.87991e+16,8.14744e+13,2.02451e+11,9.73888e+10
4.2e-10,8.37569e+20,1.72868e+21,2.20891e+18,2.02452e+16,8.77417e+13,2.18024e+11,1.0488e+11
4.5e-10,8.97395e+20,1.85215e+21,2.36669e+18,2.16912e+16,9.40089e+13,2.33597e+11,1.12372e+11
4.8e-10,9.57222e+20,1.97563e+21,2.52447e+18,2.31373e+16,1.00276e+14,2.4917e+11,1.19863e+11
5.1e-10,1.01705e+21,2.09911e+21,2.68225e+18,2.45834e+16,1.06543e+14,2.64744e+11,1.27355e+11
5.4e-10,1.07687e+21,2.22258e+21,2.84003e+18,2.60295e+16,1.12811e+14,2.80317e+11,1.34846e+11
5.7e-10,1.1367e+21,2.34606e+21,2.99781e+18,2.74756e+16,1.19078e+14,2.9589e+11,1.42338e+11
6e-10,1.19653e+21,2.46954e+21,3.15559e+18,2.89217e+16,1.25345e+14,3.11463e+11,1.49829e+11
6.3e-10,1.39655e+21,2.55805e+21,3.30545e+18,3.03372e+16,1.31507e+14,3.26787e+11,1.57202e+11
6.6e-10,1.59658e+21,2.64656e+21,3.45532e+18,3.17527e+16,1.37669e+14,3.42111e+11,1.64574e+11
6.9e-10,1.79661e+21,2.73507e+21,3.60518e+18,3.31682e+16,1.43831e+14,3.57435e+11,1.71947e+11
7.2e-10,1.99663e+21,2.82358e+21,3.75505e+18,3.45837e+16,1.49993e+14,3.72759e+11,1.79319e+11
7.5e-10,2.19666e+21,2.91209e+21,3.90492e+18,3.59992e+16,1.56155e+14,3.88083e+11,1.86692e+11
7.8e-10,2.39669e+21,3.0006e+21,4.05478e+18,3.74147e+16,1.62317e+14,4.03407e+11,1.94065e+11
8.1e-10,2.59672e+21,3.08912e+21,4.20465e+18,3.88302e+16,1.6848e+14,4.18731e+11,2.01437e+11
8.4e-10,2.79674e+21,3.17763e+21,4.35451e+18,4.02457e+16,1.74642e+14,4.34055e+11,2.0881e+11
8.7e-10,2.99677e+21,3.26614e+21,4.50438e+18,4.16612e+16,1.80804e+14,4.49379e+11,2.16183e+11
9e-10,3.1968e+21,3.35465e+21,4.65424e+18,4.30767e+16,1.86966e+14,4.64703e+11,2.23555e+11
9.3e-10,3.39682e+21,3.44316e+21,4.80411e+18,4.44922e+16,1.93128e+14,4.80027e+11,2.30928e+11
9.6e-10,3.59685e+21,3.53167e+21,4.95398e+18,4.59077e+16,1.9929e+14,4.95351e+11,2.383e+11
9.9e-10,3.79688e+21,3.62018e+21,5.10384e+18,4.73232e+16,2.05452e+14,5.10675e+11,2.45673e+11
1.02e-09,3.9969e+21,3.7087e+21,5.25371e+18,4.87387e+16,2.11614e+14,5.25998e+11,2.53046e+11
1.05e-09,4.19693e+21,3.79721e+21,5.40357e+18,5.01542e+16,2.17776e+14,5.41322e+11,2.60418e+11
1.08e-09,4.39696e+21,3.88572e+21,5.55344e+18,5.15697e+16,2.23938e+14,5.56646e+11,2.67791e+11
1.11e-09,4.59699e+21,3.97423e+21,5.7033e+18,5.29852e+16,2.301e+14,5.7197e+11,2.75164e+11
1.14e-09,4.79701e+21,4.06274e+21,5.85317e+18,5.44007e+16,2.36262e+14,5.87294e+11,2.82536e+11
1.17e-09,4.99704e+21,4.15125e+21,6.00304e+18,5.58162e+16,2.42424e+14,6.02618e+11,2.89909e+11
1.2e-09,5.19707e+21,4.23976e+21,6.1529e+18,5.72317e+16,2.48586e+14,6.17942e+11,2.97282e+11
1.23e-09,5.44248e+21,4.28199e+21,6.2814e+18,5.85551e+16,2.54426e+14,6.32501e+11,3.04289e+11
1.26e-09,5.68789e+21,4.32421e+21,6.40991e+18,5.98786e+16,2.60266e+14,6.47061e+11,3.11297e+11
1.29e-09,5.9333e+21,4.36644e+21,6.53841e+18,6.1202e+16,2.66106e+14,6.6162e+11,3.18305e+11
1.32e-09,6.17871e+21,4.40866e+21,6.66691e+18,6.25254e+16,2.71946e+14,6.76179e+11,3.25313e+11
1.35e-09,6.42413e+21,4.45089e+21,6.79542e+18,6.38488e+16,2.77786e+14,6.90738e+11,3.32321e+11
1.38e-09,6.66954e+21,4.49312e+21,6.92392e+18,6.51722e+16,2.83626e+14,7.05297e+11,3.39328e+11
1.41e-09,6.91495e+21,4.53534e+21,7.05242e+18,6.64956e+16,2.89466e+14,7.19857e+11,3.46336e+11
1.44e-09,7.16036e+21,4.57757e+21,7.18092e+18,6.7819e+16,2.95305e+14,7.34416e+11,3.53344e+11
1.47e-09,7.40577e+21,4.61979e+21,7.30943e+18,6.91424e+16,3.01145e+14,7.48975e+11,3.60352e+11
1.5e-09,7.65118e+21,4.66202e+21,7.43793e+18,7.04658e+16,3.06985e+14,7.63534e+11,3.6736e+11
1.53e-09,7.8966e+21,4.70424e+21,7.56643e+18,7.17892e+16,3.12825e+14,7.78093e+11,3.74367e+11
1.56e-09,8.14201e+21,4.74647e+21,7.69494e+18,7.31126e+16,3.18665e+14,7.92653e+11,3.81375e+11
1.59e-09,8.38742e+21,4.78869e+21,7.82344e+18,7.4436e+16,3.24505e+14,8.07212e+11,3.88383e+11
1.62e-09,8.63283e+21,4.83092e+21,7.95194e+18,7.57594e+16,3.30345e+14,8.21771e+11,3.95391e+11
1.65e-09,8.87824e+21,4.87315e+21,8.08045e+18,7.70828e+16,3.36185e+14,8.3633e+11,4.02399e+11
1.68e-09,9.12365e+21,4.91537e+21,8.20895e+18,7.84062e+16,3.42025e+14,8.50889e+11,4.09407e+11
1.71e-09,9.36907e+21,4.9576e+21,8.33745e+18,7.97296e+16,3.47865e+14,8.65449e+11,4.16414e+11
1.74e-09,9.61448e+21,4.99982e+21,8.46595e+18,8.1053e+16,3.53705e+14,8.80008e+11,4.23422e+11
1.77e-09,9.85989e+21,5.04205e+21,8.59446e+18,8.23765e+16,3.59545e+14,8.94567e+11,4.3043e+11
1.8e-09,1.01053e+22,5.08427e+21,8.72296e+18,8.36999e+16,3.65385e+14,9.09126e+11,4.37438e+11
1.83e-09,1.03357e+22,5.08376e+21,8.82071e+18,8.48686e+16,3.70667e+14,9.22355e+11,4.43811e+11
1.86e-09,1.05662e+22,5.08324e+21,8.91845e+18,8.60373e+16,3.7595e+14,9.35584e+11,4.50183e+11
1.89e-09,1.07966e+22,5.08273e+21,9.0162e+18,8.72061e+16,3.81232e+14,9.48814e+11,4.56556e+11
1.92e-09,1.1027e+22,5.08222e+21,9.11395e+18,8.83748e+16,3.86515e+14,9.62043e+11,4.62929e+11
1.95e-09,1.12575e+22,5.0817e+21,9.2117e+18,8.95435e+16,3.91797e+14,9.75272e+11,4.69302e+11
1.98e-09,1.14879e+22,5.08119e+21,9.30945e+18,9.07123e+16,3.9708e+14,9.88501e+11,4.75675e+11
2.01e-09,1.17183e+22,5.08067e+21,9.40719e+18,9.1881e+16,4.02362e+14,1.00173e+12,4.82048e+11
2.04e-09,1.19487e+22,5.08016e+21,9.50494e+18,9.30498e+16,4.07645e+14,1.01496e+12,4.8842e+11
2.07e-09,1.21792e+22,5.07964e+21,9.60269e+18,9.42185e+16,4.12927e+14,1.02819e+12,4.94793e+11
2.1e-09,1.24096e+22,5.07913e+21,9.70044e+18,9.53872e+16,4.1821e+14,1.04142e+12,5.01166e+11
2.13e-09,1.264e+22,5.07862e+21,9.79818e+18,9.6556e+16,4.23492e+14,1.05465e+12,5.07539e+11
2.16e-09,1.28705e+22,5.0781e+21,9.89593e+18,9.77247e+16,4.28775e+14,1.06788e+12,5.13912e+11
2.19e-09,1.31009e+22,5.07759e+21,9.99368e+18,9.88935e+16,4.34057e+14,1.0811e+12,5.20285e+11
2.22e-09,1.33313e+22,5.07707e+21,1.00914e+19,1.00062e+17,4.3934e+14,1.09433e+12,5.26657e+11
2.25e-09,1.35618e+22,5.07656e+21,1.01892e+19,1.01231e+17,4.44622e+14,1.10756e+12,5.3303e+11
2.28e-09,1.37922e+22,5.07604e+21,1.02869e+19,1.024e+17,4.49905e+14,1.12079e+12,5.39403e+11
2.31e-09,1.40226e+22,5.07553e+21,1.03847e+19,1.03568e+17,4.55187e+14,1.13402e+12,5.45776e+11
2.34e-09,1.4253e+22,5.07501e+21,1.04824e+19,1.04737e+17,4.6047e+14,1.14725e+12,5.52149e+11
2.37e-09,1.44835e+22,5.0745e+21,1.05802e+19,1.05906e+17,4.65752e+14,1.16048e+12,5.58521e+11
2.4e-09,1.47139e+22,5.07399e+21,1.06779e+19,1.07075e+17,4.71035e+14,1.17371e+12,5.64894e+11
2.43e-09,1.48925e+22,5.04701e+21,1.07444e+19,1.08053e+17,4.75602e+14,1.18522e+12,5.70445e+11
2.46e-09,1.50712e+22,5.02002e+21,1.08109e+19,1.09031e+17,4.80169e+14,1.19673e+12,5.75996e+11
2.49e-09,1.52498e+22,4.99304e+21,1.08774e+19,1.1001e+17,4.84737e+14,1.20824e+12,5.81547e+11
2.52e-09,1.54285e+22,4.96606e+21,1.09438e+19,1.10988e+17,4.89304e+14,1.21975e+12,5.87098e+11
2.55e-09,1.56071e+22,4.93908e+21,1.10103e+19,1.11967e+17,4.93871e+14,1.23126e+12,5.9265e+11
2.58e-09,1.57857e+22,4.9121e+21,1.10768e+19,1.12945e+17,4.98439e+14,1.24277e+12,5.98201e+11
2.61e-09,1.59644e+22,4.88512e+21,1.11433e+19,1.13923e+17,5.03006e+14,1.25428e+12,6.03752e+11
2.64e-09,1.6143e+22,4.85814e+21,1.12097e+19,1.14902e+17,5.07573e+14,1.26579e+12,6.09303e+11
2.67e-09,1.63217e+22,4.83116e+21,1.12762e+19,1.1588e+17,5.12141e+14,1.2773e+12,6.14854e+11
2.7e-09,1.65003e+22,4.80418e+21,1.13427e+19,1.16859e+17,5.16708e+14,1.28881e+12,6.20405e+11
2.73e-09,1.66789e+22,4.77719e+21,1.14092e+19,1.17837e+17,5.21275e+14,1.30032e+12,6.25956e+11
2.76e-09,1.68576e+22,4.75021e+21,1.14757e+19,1.18815e+17,5.25842e+14,1.31183e+12,6.31507e+11
2.79e-09,1.70362e+22,4.72323e+21,1.15421e+19,1.19794e+17,5.3041e+14,1.32334e+12,6.37058e+11
2.82e-09,1.72148e+22,4.69625e+21,1.16086e+19,1.20772e+17,5.34977e+14,1.33485e+12,6.42609e+11
2.85e-09,1.73935e+22,4.66927e+21,1.16751e+19,1.21751e+17,5.39544e+14,1.34636e+12,6.4816e+11
2.88e-09,1.75721e+22,4.64229e+21,1.17416e+19,1.22729e+17,5.44112e+14,1.35787e+12,6.53711e+11
2.91e-09,1.77508e+22,4.61531e+21,1.18081e+19,1.23707e+17,5.48679e+14,1.36938e+12,6.59262e+11
2.94e-09,1.79294e+22,4.58833e+21,1.18745e+19,1.24686e+17,5.53246e+14,1.38089e+12,6.64813e+11
2.97e-09,1.8108e+22,4.56135e+21,1.1941e+19,1.25664e+17,5.57814e+14,1.3924e+12,6.70364e+11
3e-09,1.82867e+22,4.53436e+21,1.20075e+19,1.26643e+17,5.62381e+14,1.40391e+12,6.75915e+11
3.03e-09,1.84147e+22,4.49849e+21,1.20484e+19,1.27427e+17,5.66184e+14,1.41356e+12,6.80579e+11
3.06e-09,1.85427e+22,4.46261e+21,1.20893e+19,1.28212e+17,5.69988e+14,1.42322e+12,6.85244e+11
3.09e-09,1.86707e+22,4.42673e+21,1.21302e+19,1.28997e+17,5.73791e+14,1.43288e+12,6.89908e+11
3.12e-09,1.87987e+22,4.39085e+21,1.21711e+19,1.29782e+17,5.77595e+14,1.44254e+12,6.94572e+11
3.15e-09,1.89268e+22,4.35497e+21,1.2212e+19,1.30566e+17,5.81398e+14,1.45219e+12,6.99236e+11
3.18e-09,1.90548e+22,4.3191e+21,1.22529e+19,1.31351e+17,5.85202e+14,1.46185e+12,7.039e+11
3.21e-09,1.91828e+22,4.28322e+21,1.22938e+19,1.32136e+17,5.89005e+14,1.47151e+12,7.08564e+11
3.24e-09,1.93108e+22,4.24734e+21,1.23347e+19,1.3292e+17,5.92809e+14,1.48117e+12,7.13228e+11
3.27e-09,1.94388e+22,4.21146e+21,1.23756e+19,1.33705e+17,5.96612e+14,1.49082e+12,7.17892e+11
3.3e-09,1.95668e+22,4.17559e+21,1.24165e+19,1.3449e+17,6.00416e+14,1.50048e+12,7.22557e+11
3.33e-09,1.96949e+22,4.13971e+21,1.24574e+19,1.35275e+17,6.04219e+14,1.51014e+12,7.27221e+11
3.36e-09,1.98229e+22,4.10383e+21,1.24983e+19,1.36059e+17,6.08023e+14,1.5198e+12,7.31885e+11
3.39e-09,1.99509e+22,4.06795e+21,1.25392e+19,1.36844e+17,6.11826e+14,1.52945e+12,7.36549e+11
3.42e-09,2.00789e+22,4.03207e+21,1.25801e+19,1.37629e+17,6.1563e+14,1.53911e+12,7.41213e+11
3.45e-09,2.02069e+22,3.9962e+21,1.26209e+19,1.38414e+17,6.19433e+14,1.54877e+12,7.45877e+11
3.48e-09,2.03349e+22,3.96032e+21,1.26618e+19,1.39198e+17,6.23237e+14,1.55843e+12,7.50541e+11
3.51e-09,2.04629e+22,3.92444e+21,1.27027e+19,1.39983e+17,6.2704e+14,1.56808e+12,7.55206e+11
3.54e-09,2.0591e+22,3.88856e+21,1.27436e+19,1.40768e+17,6.30844e+14,1.57774e+12,7.5987e+11
3.57e-09,2.0719e+22,3.85268e+21,1.27845e+19,1.41552e+17,6.34647e+14,1.5874e+12,7.64534e+11
3.6e-09,2.0847e+22,3.81681e+21,1.28254e+19,1.42337e+17,6.38451e+14,1.59706e+12,7.69198e+11
3.63e-09,2.09388e+22,3.78271e+21,1.28479e+19,1.42946e+17,6.41525e+14,1.60493e+12,7.73006e+11
3.66e-09,2.10306e+22,3.74861e+21,1.28703e+19,1.43555e+17,6.44599e+14,1.6128e+12,7.76813e+11
3.69e-09,2.11224e+22,3.71451e+21,1.28927e+19,1.44163e+17,6.47673e+14,1.62067e+12,7.8062e+11
3.72e-09,2.12142e+22,3.68041e+21,1.29152e+19,1.44772e+17,6.50747e+14,1.62854e+12,7.84428e+11
3.75e-09,2.13061e+22,3.64632e+21,1.29376e+19,1.45381e+17,6.53822e+14,1.63641e+12,7.88235e+11
3.78e-09,2.13979e+22,3.61222e+21,1.29601e+19,1.4599e+17,6.56896e+14,1.64428e+12,7.92043e+11
3.81e-09,2.14897e+22,3.57812e+21,1.29825e+19,1.46598e+17,6.5997e+14,1.65215e+12,7.9585e+11
3.84e-09,2.15815e+22,3.54402e+21,1.30049e+19,1.47207e+17,6.63044e+14,1.66002e+12,7.99658e+11
3.87e-09,2.16733e+22,3.50992e+21,1.30274e+19,1.47816e+17,6.66118e+14,1.66789e+12,8.03465e+11
3.9e-09,2.17651e+22,3.47583e+21,1.30498e+19,1.48425e+17,6.69192e+14,1.67577e+12,8.07273e+11
3.93e-09,2.18569e+22,3.44173e+21,1.30722e+19,1.49033e+17,6.72266e+14,1.68364e+12,8.1108e+11
3.96e-09,2.19488e+22,3.40763e+21,1.30947e+19,1.49642e+17,6.75341e+14,1.69151e+12,8.14888e+11
3.99e-09,2.20406e+22,3.37353e+21,1.31171e+19,1.50251e+17,6.78415e+14,1.69938e+12,8.18695e+11
4.02e-09,2.21324e+22,3.33943e+21,1.31396e+19,1.5086e+17,6.81489e+14,1.70725e+12,8.22502e+11
4.05e-09,2.22242e+22,3.30534e+21,1.3162e+19,1.51468e+17,6.84563e+14,1.71512e+12,8.2631e+11
4.08e-09,2.2316e+22,3.27124e+21,1.31844e+19,1.52077e+17,6.87637e+14,1.72299e+12,8.30117e+11
4.11e-09,2.24078e+22,3.23714e+21,1.32069e+19,1.52686e+17,6.90711e+14,1.73086e+12,8.33925e+11
4.14e-09,2.24996e+22,3.20304e+21,1.32293e+19,1.53295e+17,6.93785e+14,1.73873e+12,8.37732e+11
4.17e-09,2.25915e+22,3.16894e+21,1.32518e+19,1.53903e+17,6.9686e+14,1.74661e+12,8.4154e+11
4.2e-09,2.26833e+22,3.13485e+21,1.32742e+19,1.54512e+17,6.99934e+14,1.75448e+12,8.45347e+11
4.23e-09,2.27507e+22,3.10621e+21,1.32841e+19,1.5497e+17,7.02354e+14,1.76073e+12,8.48378e+11
4.26e-09,2.28181e+22,3.07757e+21,1.32939e+19,1.55429e+17,7.04774e+14,1.76698e+12,8.51408e+11
4.29e-09,2.28854e+22,3.04894e+21,1.33038e+19,1.55887e+17,7.07194e+14,1.77324e+12,8.54438e+11
4.32e-09,2.29528e+22,3.0203e+21,1.33137e+19,1.56345e+17,7.09614e+14,1.77949e+12,8.57469e+11
4.35e-09,2.30202e+22,2.99166e+21,1.33236e+19,1.56803e+17,7.12034e+14,1.78574e+12,8.60499e+11
4.38e-09,2.30876e+22,2.96303e+21,1.33334e+19,1.57262e+17,7.14454e+14,1.792e+12,8.63529e+11
4.41e-09,2.3155e+22,2.93439e+21,1.33433e+19,1.5772e+17,7.16875e+14,1.79825e+12,8.6656e+11
4.44e-09,2.32224e+22,2.90575e+21,1.33532e+19,1.58178e+17,7.19295e+14,1.8045e+12,8.6959e+11
4.47e-09,2.32898e+22,2.87712e+21,1.33631e+19,1.58636e+17,7.21715e+14,1.81076e+12,8.7262e+11
4.5e-09,2.33572e+22,2.84848e+21,1.33729e+19,1.59094e+17,7.24135e+14,1.81701e+12,8.75651e+11
4.53e-09,2.34246e+22,2.81984e+21,1.33828e+19,1.59553e+17,7.26555e+14,1.82327e+12,8.78681e+11
4.56e-09,2.3492e+22,2.79121e+21,1.33927e+19,1.60011e+17,7.28975e+14,1.82952e+12,8.81712e+11
4.59e-09,2.35593e+22,2.76257e+21,1.34026e+19,1.60469e+17,7.31395e+14,1.83577e+12,8.84742e+11
4.62e-09,2.36267e+22,2.73393e+21,1.34124e+19,1.60927e+17,7.33815e+14,1.84203e+12,8.87772e+11
4.65e-09,2.36941e+22,2.7053e+21,1.34223e+19,1.61386e+17,7.36236e+14,1.84828e+12,8.90803e+11
4.68e-09,2.37615e+22,2.67666e+21,1.34322e+19,1.61844e+17,7.38656e+14,1.85453e+12,8.93833e+11
4.71e-09,2.38289e+22,2.64802e+21,1.34421e+19,1.62302e+17,7.41076e+14,1.86079e+12,8.96863e+11
4.74e-09,2.38963e+22,2.61939e+21,1.34519e+19,1.6276e+17,7.43496e+14,1.86704e+12,8.99894e+11
4.77e-09,2.39637e+22,2.59075e+21,1.34618e+19,1.63219e+17,7.45916e+14,1.87329e+12,9.02924e+11
4.8e-09,2.40311e+22,2.56211e+21,1.34717e+19,1.63677e+17,7.48336e+14,1.87955e+12,9.05955e+11
4.83e-09,2.40801e+22,2.53905e+21,1.34731e+19,1.6401e+17,7.50188e+14,1.88438e+12,9.08303e+11
4.86e-09,2.41291e+22,2.51599e+21,1.34746e+19,1.64343e+17,7.52041e+14,1.88922e+12,9.10651e+11
4.89e-09,2.41782e+22,2.49293e+21,1.34761e+19,1.64676e+17,7.53893e+14,1.89406e+12,9.12999e+11
4.92e-09,2.42272e+22,2.46987e+21,1.34775e+19,1.65009e+17,7.55745e+14,1.89889e+12,9.15348e+11
4.95e-09,2.42762e+22,2.44681e+21,1.3479e+19,1.65342e+17,7.57598e+14,1.90373e+12,9.17696e+11
4.98e-09,2.43253e+22,2.42375e+21,1.34805e+19,1.65675e+17,7.5945e+14,1.90856e+12,9.20044e+11
5.01e-09,2.43743e+22,2.40069e+21,1.34819e+19,1.66008e+17,7.61302e+14,1.9134e+12,9.22393e+11
5.04e-09,2.44233e+22,2.37762e+21,1.34834e+19,1.66342e+17,7.63155e+14,1.91824e+12,9.24741e+11
5.07e-09,2.44724e+22,2.35456e+21,1.34848e+19,1.66675e+17,7.65007e+14,1.92307e+12,9.27089e+11
5.1e-09,2.45214e+22,2.3315e+21,1.34863e+19,1.67008e+17,7.66859e+14,1.92791e+12,9.29438e+11
5.13e-09,2.45704e+22,2.30844e+21,1.34878e+19,1.67341e+17,7.68711e+14,1.93275e+12,9.31786e+11
5.16e-09,2.46195e+22,2.28538e+21,1.34892e+19,1.67674e+17,7.70564e+14,1.93758e+12,9.34134e+11
5.19e-09,2.46685e+22,2.26232e+21,1.34907e+19,1.68007e+17,7.72416e+14,1.94242e+12,9.36482e+11
5.22e-09,2.47175e+22,2.23926e+21,1.34922e+19,1.6834e+17,7.74268e+14,1.94726e+12,9.38831e+11
5.25e-09,2.47666e+22,2.2162e+21,1.34936e+19,1.68673e+17,7.76121e+14,1.95209e+12,9.41179e+11
5.28e-09,2.48156e+22,2.19314e+21,1.34951e+19,1.69006e+17,7.77973e+14,1.95693e+12,9.43527e+11
5.31e-09,2.48646e+22,2.17008e+21,1.34965e+19,1.69339e+17,7.79825e+14,1.96176e+12,9.45876e+11
5.34e-09,2.49136e+22,2.14701e+21,1.3498e+19,1.69672e+17,7.81678e+14,1.9666e+12,9.48224e+11
5.37e-09,2.49627e+22,2.12395e+21,1.34995e+19,1.70005e+17,7.8353e+14,1.97144e+12,9.50572e+11
5.4e-09,2.50117e+22,2.10089e+21,1.35009e+19,1.70338e+17,7.85382e+14,1.97627e+12,9.52921e+11
5.43e-09,2.50455e+22,2.0825e+21,1.34967e+19,1.70569e+17,7.86749e+14,1.97989e+12,9.5468e+11
5.46e-09,2.50792e+22,2.0641e+21,1.34926e+19,1.70799e+17,7.88116e+14,1.9835e+12,9.5644e+11
5.49e-09,2.5113e+22,2.04571e+21,1.34884e+19,1.71029e+17,7.89484e+14,1.98712e+12,9.582e+11
5.52e-09,2.51467e+22,2.02732e+21,1.34842e+19,1.71259e+17,7.90851e+14,1.99073e+12,9.59959e+11
5.55e-09,2.51805e+22,2.00892e+21,1.348e+19,1.71489e+17,7.92218e+14,1.99435e+12,9.61719e+11
5.58e-09,2.52142e+22,1.99053e+21,1.34758e+19,1.71719e+17,7.93585e+14,1.99796e+12,9.63479e+11
5.61e-09,2.52479e+22,1.97213e+21,1.34716e+19,1.71949e+17,7.94952e+14,2.00158e+12,9.65238e+11
5.64e-09,2.52817e+22,1.95374e+21,1.34674e+19,1.7218e+17,7.96319e+14,2.00519e+12,9.66998e+11
5.67e-09,2.53154e+22,1.93534e+21,1.34632e+19,1.7241e+17,7.97687e+14,2.00881e+12,9.68758e+11
5.7e-09,2.53492e+22,1.91695e+21,1.3459e+19,1.7264e+17,7.99054e+14,2.01242e+12,9.70517e+11
5.73e-09,2.53829e+22,1.89856e+21,1.34548e+19,1.7287e+17,8.00421e+14,2.01604e+12,9.72277e+11
5.76e-09,2.54167e+22,1.88016e+21,1.34507e+19,1.731e+17,8.01788e+14,2.01966e+12,9.74037e+11
5.79e-09,2.54504e+22,1.86177e+21,1.34465e+19,1.7333e+17,8.03155e+14,2.02327e+12,9.75796e+11
5.82e-09,2.54842e+22,1.84337e+21,1.34423e+19,1.73561e+17,8.04523e+14,2.02689e+12,9.77556e+11
5.85e-09,2.55179e+22,1.82498e+21,1.34381e+19,1.73791e+17,8.0589e+14,2.0305e+12,9.79316e+11
5.88e-09,2.55517e+22,1.80658e+21,1.34339e+19,1.74021e+17,8.07257e+14,2.03412e+12,9.81075e+11
5.91e-09,2.55854e+22,1.78819e+21,1.34297e+19,1.74251e+17,8.08624e+14,2.03773e+12,9.82835e+11
5.94e-09,2.56192e+22,1.7698e+21,1.34255e+19,1.74481e+17,8.09991e+14,2.04135e+12,9.84595e+11
5.97e-09,2.56529e+22,1.7514e+21,1.34213e+19,1.74711e+17,8.11358e+14,2.04496e+12,9.86354e+11
6e-09,2.56867e+22,1.73301e+21,1.34171e+19,1.74941e+17,8.12726e+14,2.04858e+12,9.88114e+11
6.03e-09,2.57072e+22,1.71832e+21,1.34091e+19,1.75087e+17,8.13682e+14,2.05115e+12,9.8937e+11
6.06e-09,2.57277e+22,1.70364e+21,1.34011e+19,1.75233e+17,8.14638e+14,2.05372e+12,9.90627e+11
6.09e-09,2.57482e+22,1.68895e+21,1.33931e+19,1.75379e+17,8.15593e+14,2.05629e+12,9.91883e+11
6.12e-09,2.57687e+22,1.67427e+21,1.3385e+19,1.75524e+17,8.1655e+14,2.05887e+12,9.93139e+11
6.15e-09,2.57892e+22,1.65958e+21,1.3377e+19,1.7567e+17,8.17505e+14,2.06144e+12,9.94395e+11
6.18e-09,2.58097e+22,1.6449e+21,1.3369e+19,1.75816e+17,8.18461e+14,2.06401e+12,9.95651e+11
6.21e-09,2.58302e+22,1.63021e+21,1.33609e+19,1.75962e+17,8.19417e+14,2.06658e+12,9.96908e+11
6.24e-09,2.58507e+22,1.61553e+21,1.33529e+19,1.76107e+17,8.20373e+14,2.06915e+12,9.98164e+11
6.27e-09,2.58712e+22,1.60084e+21,1.33449e+19,1.76253e+17,8.21329e+14,2.07173e+12,9.9942e+11
6.3e-09,2.58917e+22,1.58616e+21,1.33369e+19,1.76399e+17,8.22285e+14,2.0743e+12,1.00068e+12
6.33e-09,2.59122e+22,1.57147e+21,1.33288e+19,1.76545e+17,8.23241e+14,2.07687e+12,1.00193e+12
6.36e-09,2.59327e+22,1.55679e+21,1.33208e+19,1.76691e+17,8.24197e+14,2.07944e+12,1.00319e+12
6.39e-09,2.59532e+22,1.5421e+21,1.33128e+19,1.76836e+17,8.25153e+14,2.08202e+12,1.00444e+12
6.42e-09,2.59737e+22,1.52742e+21,1.33048e+19,1.76982e+17,8.26109e+14,2.08459e+12,1.0057e+12
6.45e-09,2.59942e+22,1.51274e+21,1.32967e+19,1.77128e+17,8.27065e+14,2.08716e+12,1.00696e+12
6.48e-09,2.60147e+22,1.49805e+21,1.32887e+19,1.77274e+17,8.28021e+14,2.08973e+12,1.00821e+12
6.51e-09,2.60352e+22,1.48337e+21,1.32807e+19,1.77419e+17,8.28977e+14,2.09231e+12,1.00947e+12
6.54e-09,2.60557e+22,1.46868e+21,1.32726e+19,1.77565e+17,8.29933e+14,2.09488e+12,1.01073e+12
6.57e-09,2.60762e+22,1.454e+21,1.32646e+19,1.77711e+17,8.30889e+14,2.09745e+12,1.01198e+12
6.6e-09,2.60968e+22,1.43931e+21,1.32566e+19,1.77857e+17,8.31845e+14,2.10002e+12,1.01324e+12
6.63e-09,2.61057e+22,1.42754e+21,1.32459e+19,1.77933e+17,8.32454e+14,2.10171e+12,1.01407e+12
6.66e-09,2.61146e+22,1.41578e+21,1.32352e+19,1.7801e+17,8.33063e+14,2.10339e+12,1.01489e+12
6.69e-09,2.61235e+22,1.40401e+21,1.32246e+19,1.78086e+17,8.33671e+14,2.10508e+12,1.01572e+12
6.72e-09,2.61325e+22,1.39224e+21,1.32139e+19,1.78163e+17,8.3428e+14,2.10676e+12,1.01655e+12
6.75e-09,2.61414e+22,1.38047e+21,1.32032e+19,1.78239e+17,8.34889e+14,2.10845e+12,1.01738e+12
6.78e-09,2.61503e+22,1.36871e+21,1.31926e+19,1.78316e+17,8.35497e+14,2.11014e+12,1.0182e+12
6.81e-09,2.61592e+22,1.35694e+21,1.31819e+19,1.78392e+17,8.36106e+14,2.11182e+12,1.01903e+12
6.84e-09,2.61682e+22,1.34517e+21,1.31712e+19,1.78469e+17,8.36715e+14,2.11351e+12,1.01986e+12
6.87e-09,2.61771e+22,1.3334e+21,1.31605e+19,1.78545e+17,8.37324e+14,2.11519e+12,1.02069e+12
6.9e-09,2.6186e+22,1.32164e+21,1.31499e+19,1.78622e+17,8.37932e+14,2.11688e+12,1.02151e+12
6.93e-09,2.6195e+22,1.30987e+21,1.31392e+19,1.78698e+17,8.38541e+14,2.11856e+12,1.02234e+12
6.96e-09,2.62039e+22,1.2981e+21,1.31285e+19,1.78775e+17,8.3915e+14,2.12025e+12,1.02317e+12
6.99e-09,2.62128e+22,1.28634e+21,1.31179e+19,1.78852e+17,8.39758e+14,2.12193e+12,1.024e+12
7.02e-09,2.62217e+22,1.27457e+21,1.31072e+19,1.78928e+17,8.40367e+14,2.12362e+12,1.02482e+12
7.05e-09,2.62307e+22,1.2628e+21,1.30965e+19,1.79005e+17,8.40976e+14,2.1253e+12,1.02565e+12
7.08e-09,2.62396e+22,1.25103e+21,1.30859e+19,1.79081e+17,8.41584e+14,2.12699e+12,1.02648e+12
7.11e-09,2.62485e+22,1.23927e+21,1.30752e+19,1.79158e+17,8.42193e+14,2.12868e+12,1.02731e+12
7.14e-09,2.62574e+22,1.2275e+21,1.30645e+19,1.79234e+17,8.42802e+14,2.13036e+12,1.02813e+12
7.17e-09,2.62664e+22,1.21573e+21,1.30538e+19,1.79311e+17,8.43411e+14,2.13205e+12,1.02896e+12
7.2e-09,2.62753e+22,1.20396e+21,1.30432e+19,1.79387e+17,8.44019e+14,2.13373e+12,1.02979e+12
7.23e-09,2.62741e+22,1.19449e+21,1.30307e+19,1.79407e+17,8.44335e+14,2.13467e+12,1.03025e+12
7.26e-09,2.62729e+22,1.18502e+21,1.30181e+19,1.79426e+17,8.44651e+14,2.1356e+12,1.03072e+12
7.29e-09,2.62717e+22,1.17554e+21,1.30056e+19,1.79446e+17,8.44966e+14,2.13653e+12,1.03118e+12
7.32e-09,2.62705e+22,1.16607e+21,1.29931e+19,1.79466e+17,8.45282e+14,2.13746e+12,1.03164e+12
7.35e-09,2.62693e+22,1.15659e+21,1.29806e+19,1.79485e+17,8.45598e+14,2.1384e+12,1.03211e+12
7.38e-09,2.62681e+22,1.14712e+21,1.29681e+19,1.79505e+17,8.45914e+14,2.13933e+12,1.03257e+12
7.41e-09,2.62669e+22,1.13764e+21,1.29556e+19,1.79524e+17,8.46229e+14,2.14026e+12,1.03303e+12
7.44e-09,2.62657e+22,1.12817e+21,1.29431e+19,1.79544e+17,8.46545e+14,2.1412e+12,1.0335e+12
7.47e-09,2.62645e+22,1.1187e+21,1.29305e+19,1.79564e+17,8.46861e+14,2.14213e+12,1.03396e+12
7.5e-09,2.62633e+22,1.10922e+21,1.2918e+19,1.79583e+17,8.47176e+14,2.14306e+12,1.03442e+12
7.53e-09,2.62621e+22,1.09975e+21,1.29055e+19,1.79603e+17,8.47492e+14,2.14399e+12,1.03489e+12
7.56e-09,2.62609e+22,1.09027e+21,1.2893e+19,1.79622e+17,8.47808e+14,2.14493e+12,1.03535e+12
7.59e-09,2.62597e+22,1.0808e+21,1.28805e+19,1.79642e+17,8.48124e+14,2.14586e+12,1.03581e+12
7.62e-09,2.62585e+22,1.07133e+21,1.2868e+19,1.79662e+17,8.48439e+14,2.14679e+12,1.03627e+12
7.65e-09,2.62573e+22,1.06185e+21,1.28554e+19,1.79681e+17,8.48755e+14,2.14772e+12,1.03674e+12
7.68e-09,2.62561e+22,1.05238e+21,1.28429e+19,1.79701e+17,8.49071e+14,2.14866e+12,1.0372e+12
7.71e-09,2.62549e+22,1.0429e+21,1.28304e+19,1.7972e+17,8.49386e+14,2.14959e+12,1.03766e+12
7.74e-09,2.62537e+22,1.03343e+21,1.28179e+19,1.7974e+17,8.49702e+14,2.15052e+12,1.03813e+12
7.77e-09,2.62525e+22,1.02395e+21,1.28054e+19,1.79759e+17,8.50018e+14,2.15146e+12,1.03859e+12
7.8e-09,2.62513e+22,1.01448e+21,1.27929e+19,1.79779e+17,8.50334e+14,2.15239e+12,1.03905e+12
7.83e-09,2.62413e+22,1.00681e+21,1.2779e+19,1.79752e+17,8.50402e+14,2.15268e+12,1.03921e+12
7.86e-09,2.62312e+22,9.99145e+20,1.27652e+19,1.79724e+17,8.5047e+14,2.15298e+12,1.03936e+12
7.89e-09,2.62212e+22,9.91477e+20,1.27514e+19,1.79697e+17,8.50538e+14,2.15327e+12,1.03952e+12
7.92e-09,2.62111e+22,9.83809e+20,1.27376e+19,1.79669e+17,8.50607e+14,2.15356e+12,1.03967e+12
7.95e-09,2.62011e+22,9.76142e+20,1.27238e+19,1.79642e+17,8.50675e+14,2.15386e+12,1.03982e+12
7.98e-09,2.61911e+22,9.68474e+20,1.27099e+19,1.79614e+17,8.50743e+14,2.15415e+12,1.03998e+12
8.01e-09,2.6181e+22,9.60806e+20,1.26961e+19,1.79587e+17,8.50812e+14,2.15445e+12,1.04013e+12
8.04e-09,2.6171e+22,9.53139e+20,1.26823e+19,1.79559e+17,8.5088e+14,2.15474e+12,1.04028e+12
8.07e-09,2.61609e+22,9.45471e+20,1.26685e+19,1.79532e+17,8.50948e+14,2.15503e+12,1.04044e+12
8.1e-09,2.61509e+22,9.37803e+20,1.26546e+19,1.79504e+17,8.51017e+14,2.15533e+12,1.04059e+12
8.13e-09,2.61408e+22,9.30135e+20,1.26408e+19,1.79477e+17,8.51085e+14,2.15562e+12,1.04074e+12
8.16e-09,2.61308e+22,9.22468e+20,1.2627e+19,1.7945e+17,8.51153e+14,2.15592e+12,1.0409e+12
8.19e-09,2.61207e+22,9.148e+20,1.26132e+19,1.79422e+17,8.51222e+14,2.15621e+12,1.04105e+12
8.22e-09,2.61107e+22,9.07132e+20,1.25994e+19,1.79395e+17,8.5129e+14,2.1565e+12,1.04121e+12
8.25e-09,2.61006e+22,8.99465e+20,1.25855e+19,1.79367e+17,8.51358e+14,2.1568e+12,1.04136e+12
8.28e-09,2.60906e+22,8.91797e+20,1.25717e+19,1.7934e+17,8.51426e+14,2.15709e+12,1.04151e+12
8.31e-09,2.60806e+22,8.84129e+20,1.25579e+19,1.79312e+17,8.51495e+14,2.15739e+12,1.04167e+12
8.34e-09,2.60705e+22,8.76462e+20,1.25441e+19,1.79285e+17,8.51563e+14,2.15768e+12,1.04182e+12
8.37e-09,2.60605e+22,8.68794e+20,1.25303e+19,1.79257e+17,8.51631e+14,2.15797e+12,1.04197e+12
8.4e-09,2.60504e+22,8.61126e+20,1.25164e+19,1.7923e+17,8.517e+14,2.15827e+12,1.04213e+12
8.43e-09,2.60327e+22,8.54887e+20,1.25017e+19,1.79163e+17,8.51559e+14,2.15802e+12,1.04202e+12
8.46e-09,2.60149e+22,8.48647e+20,1.24869e+19,1.79097e+17,8.51418e+14,2.15777e+12,1.04191e+12
8.49e-09,2.59971e+22,8.42407e+20,1.24721e+19,1.7903e+17,8.51277e+14,2.15752e+12,1.0418e+12
8.52e-09,2.59794e+22,8.36167e+20,1.24574e+19,1.78964e+17,8.51136e+14,2.15727e+12,1.04169e+12
8.55e-09,2.59616e+22,8.29928e+20,1.24426e+19,1.78897e+17,8.50995e+14,2.15702e+12,1.04158e+12
8.58e-09,2.59438e+22,8.23688e+20,1.24279e+19,1.78831e+17,8.50854e+14,2.15677e+12,1.04147e+12
8.61e-09,2.59261e+22,8.17448e+20,1.24131e+19,1.78764e+17,8.50713e+14,2.15652e+12,1.04136e+12
8.64e-09,2.59083e+22,8.11208e+20,1.23983e+19,1.78698e+17,8.50572e+14,2.15627e+12,1.04125e+12
8.67e-09,2.58905e+22,8.04969e+20,1.23836e+19,1.78631e+17,8.50431e+14,2.15602e+12,1.04114e+12
8.7e-09,2.58728e+22,7.98729e+20,1.23688e+19,1.78565e+17,8.5029e+14,2.15577e+12,1.04103e+12
8.73e-09,2.5855e+22,7.92489e+20,1.23541e+19,1.78498e+17,8.50149e+14,2.15552e+12,1.04092e+12
8.76e-09,2.58373e+22,7.8625e+20,1.23393e+19,1.78432e+17,8.50007e+14,2.15528e+12,1.04081e+12
8.79e-09,2.58195e+22,7.8001e+20,1.23245e+19,1.78365e+17,8.49866e+14,2.15503e+12,1.0407e+12
8.82e-09,2.58017e+22,7.7377e+20,1.23098e+19,1.78299e+17,8.49725e+14,2.15478e+12,1.04059e+12
8.85e-09,2.5784e+22,7.6753e+20,1.2295e+19,1.78232e+17,8.49584e+14,2.15453e+12,1.04048e+12
8.88e-09,2.57662e+22,7.61291e+20,1.22803e+19,1.78166e+17,8.49443e+14,2.15428e+12,1.04037e+12
8.91e-09,2.57484e+22,7.55051e+20,1.22655e+19,1.78099e+17,8.49302e+14,2.15403e+12,1.04026e+12
8.94e-09,2.57307e+22,7.48811e+20,1.22507e+19,1.78033e+17,8.49161e+14,2.15378e+12,1.04015e+12
8.97e-09,2.57129e+22,7.42571e+20,1.2236e+19,1.77966e+17,8.4902e+14,2.15353e+12,1.04004e+12
9e-09,2.56952e+22,7.36332e+20,1.22212e+19,1.779e+17,8.48879e+14,2.15328e+12,1.03993e+12
9.03e-09,2.56707e+22,7.31225e+20,1.22058e+19,1.77801e+17,8.48561e+14,2.15257e+12,1.0396e+12
9.06e-09,2.56462e+22,7.26119e+20,1.21903e+19,1.77702e+17,8.48242e+14,2.15186e+12,1.03926e+12
9.09e-09,2.56217e+22,7.21013e+20,1.21749e+19,1.77603e+17,8.47923e+14,2.15114e+12,1.03893e+12
9.12e-09,2.55973e+22,7.15906e+20,1.21594e+19,1.77503e+17,8.47605e+14,2.15043e+12,1.03859e+12
9.15e-09,2.55728e+22,7.108e+20,1.2144e+19,1.77404e+17,8.47286e+14,2.14972e+12,1.03826e+12
9.18e-09,2.55483e+22,7.05693e+20,1.21285e+19,1.77305e+17,8.46967e+14,2.14901e+12,1.03793e+12
9.21e-09,2.55238e+22,7.00587e+20,1.21131e+19,1.77206e+17,8.46649e+14,2.1483e+12,1.03759e+12
9.24e-09,2.54993e+22,6.9548e+20,1.20976e+19,1.77107e+17,8.4633e+14,2.14758e+12,1.03726e+12
9.27e-09,2.54749e+22,6.90374e+20,1.20822e+19,1.77008e+17,8.46011e+14,2.14687e+12,1.03692e+12
9.3e-09,2.54504e+22,6.85268e+20,1.20667e+19,1.76909e+17,8.45693e+14,2.14616e+12,1.03659e+12
9.33e-09,2.54259e+22,6.80161e+20,1.20513e+19,1.7681e+17,8.45374e+14,2.14545e+12,1.03625e+12
9.36e-09,2.54014e+22,6.75055e+20,1.20359e+19,1.76711e+17,8.45055e+14,2.14474e+12,1.03592e+12
9.39e-09,2.5377e+22,6.69948e+20,1.20204e+19,1.76612e+17,8.44737e+14,2.14402e+12,1.03558e+12
9.42e-09,2.53525e+22,6.64842e+20,1.2005e+19,1.76513e+17,8.44418e+14,2.14331e+12,1.03525e+12
9.45e-09,2.5328e+22,6.59736e+20,1.19895e+19,1.76413e+17,8.441e+14,2.1426e+12,1.03492e+12
9.48e-09,2.53035e+22,6.54629e+20,1.19741e+19,1.76314e+17,8.43781e+14,2.14189e+12,1.03458e+12
9.51e-09,2.52791e+22,6.49523e+20,1.19586e+19,1.76215e+17,8.43462e+14,2.14117e+12,1.03425e+12
9.54e-09,2.52546e+22,6.44416e+20,1.19432e+19,1.76116e+17,8.43144e+14,2.14046e+12,1.03391e+12
9.57e-09,2.52301e+22,6.3931e+20,1.19277e+19,1.76017e+17,8.42825e+14,2.13975e+12,1.03358e+12
9.6e-09,2.52056e+22,6.34204e+20,1.19123e+19,1.75918e+17,8.42506e+14,2.13904e+12,1.03324e+12
9.63e-09,2.51753e+22,6.30001e+20,1.18963e+19,1.75792e+17,8.42036e+14,2.13793e+12,1.03272e+12
9.66e-09,2.5145e+22,6.25798e+20,1.18804e+19,1.75665e+17,8.41566e+14,2.13682e+12,1.03219e+12
9.69e-09,2.51148e+22,6.21595e+20,1.18644e+19,1.75539e+17,8.41097e+14,2.13572e+12,1.03166e+12
9.72e-09,2.50845e+22,6.17392e+20,1.18485e+19,1.75412e+17,8.40627e+14,2.13461e+12,1.03114e+12
9.75e-09,2.50542e+22,6.1319e+20,1.18325e+19,1.75286e+17,8.40157e+14,2.1335e+12,1.03061e+12
9.78e-09,2.50239e+22,6.08987e+20,1.18166e+19,1.75159e+17,8.39687e+14,2.13239e+12,1.03008e+12
9.81e-09,2.49936e+22,6.04784e+20,1.18006e+19,1.75033e+17,8.39217e+14,2.13128e+12,1.02956e+12
9.84e-09,2.49633e+22,6.00581e+20,1.17847e+19,1.74907e+17,8.38747e+14,2.13018e+12,1.02903e+12
9.87e-09,2.4933e+22,5.96378e+20,1.17687e+19,1.7478e+17,8.38277e+14,2.12907e+12,1.0285e+12
9.9e-09,2.49027e+22,5.92175e+20,1.17528e+19,1.74654e+17,8.37807e+14,2.12796e+12,1.02798e+12
9.93e-09,2.48724e+22,5.87972e+20,1.17368e+19,1.74527e+17,8.37337e+14,2.12685e+12,1.02745e+12
9.96e-09,2.48421e+22,5.8377e+20,1.17208e+19,1.74401e+17,8.36867e+14,2.12575e+12,1.02692e+12
9.99e-09,2.48118e+22,5.79567e+20,1.17049e+19,1.74274e+17,8.36398e+14,2.12464e+12,1.0264e+12
1.002e-08,2.47815e+22,5.75364e+20,1.16889e+19,1.74148e+17,8.35928e+14,2.12353e+12,1.02587e+12
1.005e-08,2.47512e+22,5.71161e+20,1.1673e+19,1.74022e+17,8.35458e+14,2.12242e+12,1.02534e+12
1.008e-08,2.47209e+22,5.66958e+20,1.1657e+19,1.73895e+17,8.34988e+14,2.12131e+12,1.02482e+12
1.011e-08,2.46906e+22,5.62755e+20,1.16411e+19,1.73769e+17,8.34518e+14,2.12021e+12,1.02429e+12
1.014e-08,2.46604e+22,5.58553e+20,1.16251e+19,1.73642e+17,8.34048e+14,2.1191e+12,1.02376e+12
1.017e-08,2.46301e+22,5.5435e+20,1.16092e+19,1.73516e+17,8.33578e+14,2.11799e+12,1.02324e+12
1.02e-08,2.45998e+22,5.50147e+20,1.15932e+19,1.73389e+17,8.33108e+14,2.11688e+12,1.02271e+12
1.023e-08,2.45645e+22,5.46668e+20,1.15769e+19,1.7324e+17,8.32509e+14,2.11544e+12,1.02202e+12
1.026e-08,2.45292e+22,5.43189e+20,1.15606e+19,1.7309e+17,8.3191e+14,2.11399e+12,1.02133e+12
1.029e-08,2.44939e+22,5.3971e+20,1.15442e+19,1.72941e+17,8.31311e+14,2.11254e+12,1.02064e+12
1.032e-08,2.44585e+22,5.36231e+20,1.15279e+19,1.72791e+17,8.30711e+14,2.1111e+12,1.01994e+12
1.035e-08,2.44232e+22,5.32752e+20,1.15116e+19,1.72642e+17,8.30112e+14,2.10965e+12,1.01925e+12
1.038e-08,2.43879e+22,5.29273e+20,1.14952e+19,1.72492e+17,8.29513e+14,2.1082e+12,1.01856e+12
1.041e-08,2.43526e+22,5.25794e+20,1.14789e+19,1.72343e+17,8.28914e+14,2.10676e+12,1.01787e+12
1.044e-08,2.43173e+22,5.22315e+20,1.14626e+19,1.72193e+17,8.28315e+14,2.10531e+12,1.01718e+12
1.047e-08,2.4282e+22,5.18836e+20,1.14462e+19,1.72044e+17,8.27715e+14,2.10386e+12,1.01649e+12
1.05e-08,2.42467e+22,5.15357e+20,1.14299e+19,1.71894e+17,8.27116e+14,2.10241e+12,1.0158e+12
1.053e-08,2.42114e+22,5.11878e+20,1.14136e+19,1.71745e+17,8.26517e+14,2.10097e+12,1.0151e+12
1.056e-08,2.41761e+22,5.08399e+20,1.13972e+19,1.71595e+17,8.25918e+14,2.09952e+12,1.01441e+12
1.059e-08,2.41408e+22,5.0492e+20,1.13809e+19,1.71446e+17,8.25319e+14,2.09807e+12,1.01372e+12
1.062e-08,2.41055e+22,5.01441e+20,1.13646e+19,1.71296e+17,8.2472e+14,2.09663e+12,1.01303e+12
1.065e-08,2.40702e+22,4.97962e+20,1.13482e+19,1.71147e+17,8.2412e+14,2.09518e+12,1.01234e+12
1.068e-08,2.40349e+22,4.94483e+20,1.13319e+19,1.70997e+17,8.23521e+14,2.09373e+12,1.01165e+12
1.071e-08,2.39996e+22,4.91004e+20,1.13156e+19,1.70848e+17,8.22922e+14,2.09229e+12,1.01095e+12
1.074e-08,2.39643e+22,4.87524e+20,1.12992e+19,1.70698e+17,8.22323e+14,2.09084e+12,1.01026e+12
1.077e-08,2.3929e+22,4.84045e+20,1.12829e+19,1.70549e+17,8.21724e+14,2.08939e+12,1.00957e+12
1.08e-08,2.38937e+22,4.80566e+20,1.12666e+19,1.70399e+17,8.21124e+14,2.08794e+12,1.00888e+12
1.083e-08,2.38541e+22,4.7767e+20,1.12499e+19,1.7023e+17,8.20414e+14,2.08621e+12,1.00805e+12
1.086e-08,2.38145e+22,4.74774e+20,1.12333e+19,1.70061e+17,8.19704e+14,2.08447e+12,1.00721e+12
1.089e-08,2.37749e+22,4.71877e+20,1.12167e+19,1.69892e+17,8.18994e+14,2.08273e+12,1.00638e+12
1.092e-08,2.37353e+22,4.68981e+20,1.12001e+19,1.69723e+17,8.18284e+14,2.08099e+12,1.00555e+12
1.095e-08,2.36957e+22,4.66084e+20,1.11834e+19,1.69554e+17,8.17574e+14,2.07925e+12,1.00471e+12
1.098e-08,2.36561e+22,4.63188e+20,1.11668e+19,1.69385e+17,8.16863e+14,2.07751e+12,1.00388e+12
1.101e-08,2.36165e+22,4.60291e+20,1.11502e+19,1.69216e+17,8.16153e+14,2.07577e+12,1.00304e+12
1.104e-08,2.35769e+22,4.57395e+20,1.11336e+19,1.69047e+17,8.15443e+14,2.07403e+12,1.00221e+12
1.107e-08,2.35373e+22,4.54498e+20,1.11169e+19,1.68878e+17,8.14733e+14,2.07229e+12,1.00138e+12
1.11e-08,2.34977e+22,4.51602e+20,1.11003e+19,1.68709e+17,8.14023e+14,2.07056e+12,1.00054e+12
1.113e-08,2.34581e+22,4.48706e+20,1.10837e+19,1.6854e+17,8.13313e+14,2.06882e+12,9.9971e+11
1.116e-08,2.34185e+22,4.45809e+20,1.10671e+19,1.6837e+17,8.12603e+14,2.06708e+12,9.98877e+11
1.119e-08,2.3379e+22,4.42913e+20,1.10505e+19,1.68201e+17,8.11892e+14,2.06534e+12,9.98043e+11
1.122e-08,2.33394e+22,4.40016e+20,1.10338e+19,1.68032e+17,8.11182e+14,2.0636e+12,9.97209e+11
1.125e-08,2.32998e+22,4.3712e+20,1.10172e+19,1.67863e+17,8.10472e+14,2.06186e+12,9.96376e+11
1.128e-08,2.32602e+22,4.34223e+20,1.10006e+19,1.67694e+17,8.09762e+14,2.06012e+12,9.95542e+11
1.131e-08,2.32206e+22,4.31327e+20,1.0984e+19,1.67525e+17,8.09052e+14,2.05838e+12,9.94709e+11
1.134e-08,2.3181e+22,4.28431e+20,1.09673e+19,1.67356e+17,8.08342e+14,2.05664e+12,9.93875e+11
1.137e-08,2.31414e+22,4.25534e+20,1.09507e+19,1.67187e+17,8.07631e+14,2.0549e+12,9.93041e+11
1.14e-08,2.31018e+22,4.22638e+20,1.09341e+19,1.67018e+17,8.06921e+14,2.05317e+12,9.92208e+11
1.143e-08,2.30586e+22,4.20212e+20,1.09172e+19,1.66832e+17,8.06116e+14,2.05117e+12,9.91251e+11
1.146e-08,2.30154e+22,4.17787e+20,1.09004e+19,1.66646e+17,8.0531e+14,2.04918e+12,9.90295e+11
1.149e-08,2.29722e+22,4.15362e+20,1.08836e+19,1.66461e+17,8.04504e+14,2.04719e+12,9.89339e+11
1.152e-08,2.29289e+22,4.12936e+20,1.08667e+19,1.66275e+17,8.03698e+14,2.0452e+12,9.88382e+11
1.155e-08,2.28857e+22,4.10511e+20,1.08499e+19,1.66089e+17,8.02892e+14,2.04321e+12,9.87426e+11
1.158e-08,2.28425e+22,4.08086e+20,1.0833e+19,1.65903e+17,8.02087e+14,2.04122e+12,9.86469e+11
1.161e-08,2.27993e+22,4.05661e+20,1.08162e+19,1.65717e+17,8.01281e+14,2.03923e+12,9.85513e+11
1.164e-08,2.27561e+22,4.03235e+20,1.07993e+19,1.65532e+17,8.00475e+14,2.03724e+12,9.84557e+11
1.167e-08,2.27128e+22,4.0081e+20,1.07825e+19,1.65346e+17,7.99669e+14,2.03524e+12,9.836e+11
1.17e-08,2.26696e+22,3.98385e+20,1.07656e+19,1.6516e+17,7.98864e+14,2.03325e+12,9.82644e+11
1.173e-08,2.26264e+22,3.95959e+20,1.07488e+19,1.64974e+17,7.98058e+14,2.03126e+12,9.81687e+11
1.176e-08,2.25832e+22,3.93534e+20,1.07319e+19,1.64789e+17,7.97252e+14,2.02927e+12,9.80731e+11
1.179e-08,2.254e+22,3.91109e+20,1.07151e+19,1.64603e+17,7.96446e+14,2.02728e+12,9.79775e+11
1.182e-08,2.24967e+22,3.88683e+20,1.06982e+19,1.64417e+17,7.9564e+14,2.02529e+12,9.78818e+11
1.185e-08,2.24535e+22,3.86258e+20,1.06814e+19,1.64231e+17,7.94835e+14,2.0233e+12,9.77862e+11
1.188e-08,2.24103e+22,3.83833e+20,1.06646e+19,1.64045e+17,7.94029e+14,2.0213e+12,9.76905e+11
1.191e-08,2.23671e+22,3.81407e+20,1.06477e+19,1.6386e+17,7.93223e+14,2.01931e+12,9.75949e+11
1.194e-08,2.23239e+22,3.78982e+20,1.06309e+19,1.63674e+17,7.92417e+14,2.01732e+12,9.74993e+11
1.197e-08,2.22806e+22,3.76557e+20,1.0614e+19,1.63488e+17,7.91612e+14,2.01533e+12,9.74036e+11
1.2e-08,2.22374e+22,3.74132e+20,1.05972e+19,1.63302e+17,7.90806e+14,2.01334e+12,9.7308e+11
1.203e-08,2.21912e+22,3.72089e+20,1.05801e+19,1.63102e+17,7.89917e+14,2.01113e+12,9.72017e+11
1.206e-08,2.21449e+22,3.70046e+20,1.05631e+19,1.62902e+17,7.89029e+14,2.00892e+12,9.70954e+11
1.209e-08,2.20987e+22,3.68004e+20,1.05461e+19,1.62702e+17,7.8814e+14,2.00671e+12,9.69891e+11
1.212e-08,2.20524e+22,3.65961e+20,1.05291e+19,1.62502e+17,7.87252e+14,2.0045e+12,9.68828e+11
1.215e-08,2.20062e+22,3.63919e+20,1.05121e+19,1.62302e+17,7.86363e+14,2.00229e+12,9.67765e+11
1.218e-08,2.19599e+22,3.61876e+20,1.0495e+19,1.62102e+17,7.85475e+14,2.00008e+12,9.66702e+11
1.221e-08,2.19137e+22,3.59833e+20,1.0478e+19,1.61902e+17,7.84586e+14,1.99787e+12,9.65639e+11
1.224e-08,2.18675e+22,3.57791e+20,1.0461e+19,1.61701e+17,7.83698e+14,1.99566e+12,9.64576e+11
1.227e-08,2.18212e+22,3.55748e+20,1.0444e+19,1.61501e+17,7.82809e+14,1.99345e+12,9.63513e+11
1.23e-08,2.1775e+22,3.53706e+20,1.0427e+19,1.61301e+17,7.81921e+14,1.99124e+12,9.6245e+11
1.233e-08,2.17287e+22,3.51663e+20,1.04099e+19,1.61101e+17,7.81032e+14,1.98903e+12,9.61387e+11
1.236e-08,2.16825e+22,3.4962e+20,1.03929e+19,1.60901e+17,7.80144e+14,1.98682e+12,9.60324e+11
1.239e-08,2.16362e+22,3.47578e+20,1.03759e+19,1.60701e+17,7.79255e+14,1.98461e+12,9.59261e+11
1.242e-08,2.159e+22,3.45535e+20,1.03589e+19,1.60501e+17,7.78367e+14,1.9824e+12,9.58198e+11
1.245e-08,2.15437e+22,3.43493e+20,1.03418e+19,1.60301e+17,7.77478e+14,1.98019e+12,9.57135e+11
1.248e-08,2.14975e+22,3.4145e+20,1.03248e+19,1.60101e+17,7.76589e+14,1.97798e+12,9.56072e+11
1.251e-08,2.14513e+22,3.39407e+20,1.03078e+19,1.59901e+17,7.75701e+14,1.97577e+12,9.55009e+11
1.254e-08,2.1405e+22,3.37365e+20,1.02908e+19,1.597e+17,7.74812e+14,1.97356e+12,9.53946e+11
1.257e-08,2.13588e+22,3.35322e+20,1.02738e+19,1.595e+17,7.73924e+14,1.97135e+12,9.52883e+11
1.26e-08,2.13125e+22,3.3328e+20,1.02567e+19,1.593e+17,7.73035e+14,1.96914e+12,9.5182e+11
1.263e-08,2.12638e+22,3.31549e+20,1.02396e+19,1.59088e+17,7.72075e+14,1.96674e+12,9.50664e+11
1.266e-08,2.12151e+22,3.29819e+20,1.02224e+19,1.58875e+17,7.71115e+14,1.96434e+12,9.49509e+11
1.269e-08,2.11664e+22,3.28089e+20,1.02053e+19,1.58663e+17,7.70154e+14,1.96194e+12,9.48353e+11
1.272e-08,2.11176e+22,3.26358e+20,1.01881e+19,1.58451e+17,7.69194e+14,1.95953e+12,9.47197e+11
1.275e-08,2.10689e+22,3.24628e+20,1.01709e+19,1.58238e+17,7.68233e+14,1.95713e+12,9.46041e+11
1.278e-08,2.10202e+22,3.22897e+20,1.01538e+19,1.58026e+17,7.67273e+14,1.95473e+12,9.44885e+11
1.281e-08,2.09715e+22,3.21167e+20,1.01366e+19,1.57813e+17,7.66312e+14,1.95233e+12,9.4373e+11
1.284e-08,2.09228e+22,3.19437e+20,1.01195e+19,1.57601e+17,7.65352e+14,1.94993e+12,9.42574e+11
1.287e-08,2.0874e+22,3.17706e+20,1.01023e+19,1.57388e+17,7.64392e+14,1.94753e+12,9.41418e+11
1.29e-08,2.08253e+22,3.15976e+20,1.00851e+19,1.57176e+17,7.63431e+14,1.94513e+12,9.40262e+11
1.293e-08,2.07766e+22,3.14245e+20,1.0068e+19,1.56963e+17,7.62471e+14,1.94273e+12,9.39106e+11
1.296e-08,2.07279e+22,3.12515e+20,1.00508e+19,1.56751e+17,7.6151e+14,1.94033e+12,9.37951e+11
1.299e-08,2.06792e+22,3.10785e+20,1.00337e+19,1.56539e+17,7.6055e+14,1.93793e+12,9.36795e+11
1.302e-08,2.06305e+22,3.09054e+20,1.00165e+19,1.56326e+17,7.5959e+14,1.93553e+12,9.35639e+11
1.305e-08,2.05817e+22,3.07324e+20,9.99935e+18,1.56114e+17,7.58629e+14,1.93313e+12,9.34483e+11
1.308e-08,2.0533e+22,3.05594e+20,9.98219e+18,1.55901e+17,7.57669e+14,1.93073e+12,9.33327e+11
1.311e-08,2.04843e+22,3.03863e+20,9.96503e+18,1.55689e+17,7.56708e+14,1.92833e+12,9.32172e+11
1.314e-08,2.04356e+22,3.02133e+20,9.94787e+18,1.55476e+17,7.55748e+14,1.92593e+12,9.31016e+11
1.317e-08,2.03869e+22,3.00402e+20,9.93072e+18,1.55264e+17,7.54788e+14,1.92352e+12,9.2986e+11
1.32e-08,2.03381e+22,2.98672e+20,9.91356e+18,1.55051e+17,7.53827e+14,1.92112e+12,9.28704e+11
1.323e-08,2.02875e+22,2.97197e+20,9.89629e+18,1.54828e+17,7.52804e+14,1.91856e+12,9.27467e+11
1.326e-08,2.02368e+22,2.95722e+20,9.87902e+18,1.54605e+17,7.51781e+14,1.91599e+12,9.2623e+11
1.329e-08,2.01861e+22,2.94248e+20,9.86175e+18,1.54382e+17,7.50758e+14,1.91342e+12,9.24993e+11
1.332e-08,2.01354e+22,2.92773e+20,9.84448e+18,1.54159e+17,7.49735e+14,1.91086e+12,9.23756e+11
1.335e-08,2.00847e+22,2.91298e+20,9.82721e+18,1.53936e+17,7.48712e+14,1.90829e+12,9.22519e+11
1.338e-08,2.0034e+22,2.89823e+20,9.80994e+18,1.53713e+17,7.47689e+14,1.90572e+12,9.21283e+11
1.341e-08,1.99834e+22,2.88349e+20,9.79267e+18,1.53489e+17,7.46666e+14,1.90315e+12,9.20046e+11
1.344e-08,1.99327e+22,2.86874e+20,9.7754e+18,1.53266e+17,7.45642e+14,1.90059e+12,9.18809e+11
1.347e-08,1.9882e+22,2.85399e+20,9.75813e+18,1.53043e+17,7.44619e+14,1.89802e+12,9.17572e+11
1.35e-08,1.98313e+22,2.83925e+20,9.74085e+18,1.5282e+17,7.43596e+14,1.89545e+12,9.16335e+11
1.353e-08,1.97806e+22,2.8245e+20,9.72358e+18,1.52597e+17,7.42573e+14,1.89289e+12,9.15098e+11
1.356e-08,1.973e+22,2.80975e+20,9.70631e+18,1.52374e+17,7.4155e+14,1.89032e+12,9.13861e+11
1.359e-08,1.96793e+22,2.795e+20,9.68904e+18,1.52151e+17,7.40527e+14,1.88775e+12,9.12624e+11
1.362e-08,1.96286e+22,2.78026e+20,9.67177e+18,1.51928e+17,7.39504e+14,1.88518e+12,9.11387e+11
1.365e-08,1.95779e+22,2.76551e+20,9.6545e+18,1.51704e+17,7.38481e+14,1.88262e+12,9.1015e+11
1.368e-08,1.95272e+22,2.75076e+20,9.63723e+18,1.51481e+17,7.37458e+14,1.88005e+12,9.08913e+11
1.371e-08,1.94765e+22,2.73601e+20,9.61996e+18,1.51258e+17,7.36435e+14,1.87748e+12,9.07676e+11
1.374e-08,1.94259e+22,2.72127e+20,9.60269e+18,1.51035e+17,7.35411e+14,1.87492e+12,9.06439e+11
1.377e-08,1.93752e+22,2.70652e+20,9.58542e+18,1.50812e+17,7.34388e+14,1.87235e+12,9.05202e+11
1.38e-08,1.93245e+22,2.69177e+20,9.56815e+18,1.50589e+17,7.33365e+14,1.86978e+12,9.03965e+11
1.383e-08,1.92723e+22,2.67912e+20,9.55079e+18,1.50356e+17,7.32287e+14,1.86707e+12,9.02657e+11
1.386e-08,1.92201e+22,2.66648e+20,9.53343e+18,1.50124e+17,7.31209e+14,1.86436e+12,9.01349e+11
1.389e-08,1.9168e+22,2.65383e+20,9.51607e+18,1.49891e+17,7.30131e+14,1.86164e+12,9.00041e+11
1.392e-08,1.91158e+22,2.64118e+20,9.49871e+18,1.49659e+17,7.29053e+14,1.85893e+12,8.98733e+11
1.395e-08,1.90636e+22,2.62853e+20,9.48135e+18,1.49427e+17,7.27975e+14,1.85622e+12,8.97425e+11
1.398e-08,1.90114e+22,2.61589e+20,9.46399e+18,1.49194e+17,7.26898e+14,1.8535e+12,8.96117e+11
1.401e-08,1.89593e+22,2.60324e+20,9.44663e+18,1.48962e+17,7.2582e+14,1.85079e+12,8.94809e+11
1.404e-08,1.89071e+22,2.59059e+20,9.42927e+18,1.48729e+17,7.24742e+14,1.84808e+12,8.93501e+11
1.407e-08,1.88549e+22,2.57795e+20,9.41191e+18,1.48497e+17,7.23664e+14,1.84536e+12,8.92193e+11
1.41e-08,1.88027e+22,2.5653e+20,9.39455e+18,1.48264e+17,7.22586e+14,1.84265e+12,8.90885e+11
1.413e-08,1.87506e+22,2.55265e+20,9.37719e+18,1.48032e+17,7.21508e+14,1.83994e+12,8.89576e+11
1.416e-08,1.86984e+22,2.54e+20,9.35983e+18,1.478e+17,7.2043e+14,1.83723e+12,8.88268e+11
1.419e-08,1.86462e+22,2.52736e+20,9.34247e+18,1.47567e+17,7.19352e+14,1.83451e+12,8.8696e+11
1.422e-08,1.8594e+22,2.51471e+20,9.32511e+18,1.47335e+17,7.18274e+14,1.8318e+12,8.85652e+11
1.425e-08,1.85419e+22,2.50206e+20,9.30775e+18,1.47102e+17,7.17196e+14,1.82909e+12,8.84344e+11
1.428e-08,1.84897e+22,2.48941e+20,9.29039e+18,1.4687e+17,7.16118e+14,1.82637e+12,8.83036e+11
1.431e-08,1.84375e+22,2.47677e+20,9.27303e+18,1.46637e+17,7.1504e+14,1.82366e+12,8.81728e+11
1.434e-08,1.83853e+22,2.46412e+20,9.25567e+18,1.46405e+17,7.13962e+14,1.82095e+12,8.8042e+11
1.437e-08,1.83332e+22,2.45147e+20,9.23831e+18,1.46173e+17,7.12884e+14,1.81823e+12,8.79112e+11
1.44e-08,1.8281e+22,2.43882e+20,9.22095e+18,1.4594e+17,7.11806e+14,1.81552e+12,8.77804e+11
1.443e-08,1.82278e+22,2.42791e+20,9.20352e+18,1.457e+17,7.1068e+14,1.81268e+12,8.76433e+11
1.446e-08,1.81745e+22,2.41699e+20,9.18609e+18,1.45459e+17,7.09554e+14,1.80984e+12,8.75062e+11
1.449e-08,1.81213e+22,2.40607e+20,9.16865e+18,1.45219e+17,7.08428e+14,1.807e+12,8.73692e+11
1.452e-08,1.80681e+22,2.39516e+20,9.15122e+18,1.44978e+17,7.07302e+14,1.80416e+12,8.72321e+11
1.455e-08,1.80148e+22,2.38424e+20,9.13379e+18,1.44737e+17,7.06176e+14,1.80131e+12,8.70951e+11
1.458e-08,1.79616e+22,2.37332e+20,9.11635e+18,1.44497e+17,7.05049e+14,1.79847e+12,8.6958e+11
1.461e-08,1.79084e+22,2.3624e+20,9.09892e+18,1.44256e+17,7.03923e+14,1.79563e+12,8.68209e+11
1.464e-08,1.78551e+22,2.35149e+20,9.08149e+18,1.44016e+17,7.02797e+14,1.79279e+12,8.66839e+11
1.467e-08,1.78019e+22,2.34057e+20,9.06405e+18,1.43775e+17,7.01671e+14,1.78995e+12,8.65468e+11
1.47e-08,1.77487e+22,2.32965e+20,9.04662e+18,1.43535e+17,7.00545e+14,1.78711e+12,8.64097e+11
1.473e-08,1.76955e+22,2.31873e+20,9.02919e+18,1.43294e+17,6.99419e+14,1.78427e+12,8.62727e+11
1.476e-08,1.76422e+22,2.30782e+20,9.01175e+18,1.43054e+17,6.98293e+14,1.78142e+12,8.61356e+11
1.479e-08,1.7589e+22,2.2969e+20,8.99432e+18,1.42813e+17,6.97167e+14,1.77858e+12,8.59985e+11
1.482e-08,1.75358e+22,2.28598e+20,8.97689e+18,1.42573e+17,6.96041e+14,1.77574e+12,8.58615e+11
1.485e-08,1.74825e+22,2.27506e+20,8.95945e+18,1.42332e+17,6.94914e+14,1.7729e+12,8.57244e+11
1.488e-08,1.74293e+22,2.26415e+20,8.94202e+18,1.42092e+17,6.93788e+14,1.77006e+12,8.55873e+11
1.491e-08,1.73761e+22,2.25323e+20,8.92458e+18,1.41851e+17,6.92662e+14,1.76722e+12,8.54503e+11
1.494e-08,1.73229e+22,2.24231e+20,8.90715e+18,1.41611e+17,6.91536e+14,1.76438e+12,8.53132e+11
1.497e-08,1.72696e+22,2.23139e+20,8.88972e+18,1.4137e+17,6.9041e+14,1.76154e+12,8.51761e+11
1.5e-08,1.72164e+22,2.22048e+20,8.87228e+18,1.41129e+17,6.89284e+14,1.75869e+12,8.50391e+11
1.503e-08,1.71625e+22,2.21099e+20,8.85479e+18,1.40882e+17,6.88115e+14,1.75574e+12,8.48965e+11
1.506e-08,1.71086e+22,2.2015e+20,8.8373e+18,1.40634e+17,6.86947e+14,1.75279e+12,8.47539e+11
1.509e-08,1.70548e+22,2.19201e+20,8.8198e+18,1.40386e+17,6.85778e+14,1.74983e+12,8.46113e+11
1.512e-08,1.70009e+22,2.18252e+20,8.80231e+18,1.40139e+17,6.8461e+14,1.74688e+12,8.44687e+11
1.515e-08,1.6947e+22,2.17303e+20,8.78481e+18,1.39891e+17,6.83441e+14,1.74392e+12,8.43261e+11
1.518e-08,1.68931e+22,2.16354e+20,8.76732e+18,1.39644e+17,6.82273e+14,1.74097e+12,8.41836e+11
1.521e-08,1.68393e+22,2.15405e+20,8.74983e+18,1.39396e+17,6.81104e+14,1.73801e+12,8.4041e+11
1.524e-08,1.67854e+22,2.14456e+20,8.73233e+18,1.39148e+17,6.79936e+14,1.73506e+12,8.38984e+11
1.527e-08,1.67315e+22,2.13507e+20,8.71484e+18,1.38901e+17,6.78767e+14,1.7321e+12,8.37558e+11
1.53e-08,1.66776e+22,2.12558e+20,8.69734e+18,1.38653e+17,6.77599e+14,1.72915e+12,8.36132e+11
1.533e-08,1.66238e+22,2.11609e+20,8.67985e+18,1.38405e+17,6.7643e+14,1.7262e+12,8.34706e+11
1.536e-08,1.65699e+22,2.1066e+20,8.66235e+18,1.38158e+17,6.75262e+14,1.72324e+12,8.33281e+11
1.539e-08,1.6516e+22,2.09711e+20,8.64486e+18,1.3791e+17,6.74093e+14,1.72029e+12,8.31855e+11
1.542e-08,1.64621e+22,2.08762e+20,8.62736e+18,1.37662e+17,6.72925e+14,1.71733e+12,8.30429e+11
1.545e-08,1.64083e+22,2.07813e+20,8.60987e+18,1.37415e+17,6.71756e+14,1.71438e+12,8.29003e+11
1.548e-08,1.63544e+22,2.06864e+20,8.59238e+18,1.37167e+17,6.70588e+14,1.71142e+12,8.27577e+11
1.551e-08,1.63005e+22,2.05915e+20,8.57488e+18,1.36919e+17,6.69419e+14,1.70847e+12,8.26151e+11
1.554e-08,1.62466e+22,2.04966e+20,8.55739e+18,1.36672e+17,6.68251e+14,1.70551e+12,8.24726e+11
1.557e-08,1.61928e+22,2.04018e+20,8.53989e+18,1.36424e+17,6.67082e+14,1.70256e+12,8.233e+11
1.56e-08,1.61389e+22,2.03069e+20,8.5224e+18,1.36177e+17,6.65914e+14,1.69961e+12,8.21874e+11
1.563e-08,1.60848e+22,2.02238e+20,8.50485e+18,1.35923e+17,6.64708e+14,1.69655e+12,8.20399e+11
1.566e-08,1.60306e+22,2.01407e+20,8.48731e+18,1.35669e+17,6.63502e+14,1.6935e+12,8.18925e+11
1.569e-08,1.59765e+22,2.00576e+20,8.46976e+18,1.35415e+17,6.62296e+14,1.69044e+12,8.1745e+11
1.572e-08,1.59223e+22,1.99745e+20,8.45222e+18,1.35161e+17,6.6109e+14,1.68739e+12,8.15975e+11
1.575e-08,1.58682e+22,1.98914e+20,8.43467e+18,1.34907e+17,6.59884e+14,1.68433e+12,8.14501e+11
1.578e-08,1.58141e+22,1.98083e+20,8.41713e+18,1.34653e+17,6.58678e+14,1.68128e+12,8.13026e+11
1.581e-08,1.57599e+22,1.97252e+20,8.39958e+18,1.34399e+17,6.57472e+14,1.67823e+12,8.11552e+11
1.584e-08,1.57058e+22,1.96421e+20,8.38204e+18,1.34145e+17,6.56266e+14,1.67517e+12,8.10077e+11
1.587e-08,1.56516e+22,1.9559e+20,8.36449e+18,1.33892e+17,6.5506e+14,1.67212e+12,8.08603e+11
1.59e-08,1.55975e+22,1.94759e+20,8.34695e+18,1.33638e+17,6.53855e+14,1.66906e+12,8.07128e+11
1.593e-08,1.55434e+22,1.93928e+20,8.3294e+18,1.33384e+17,6.52649e+14,1.66601e+12,8.05653e+11
1.596e-08,1.54892e+22,1.93097e+20,8.31186e+18,1.3313e+17,6.51443e+14,1.66295e+12,8.04179e+11
1.599e-08,1.54351e+22,1.92266e+20,8.29431e+18,1.32876e+17,6.50237e+14,1.6599e+12,8.02704e+11
1.602e-08,1.5381e+22,1.91435e+20,8.27677e+18,1.32622e+17,6.49031e+14,1.65684e+12,8.0123e+11
1.605e-08,1.53268e+22,1.90604e+20,8.25922e+18,1.32368e+17,6.47825e+14,1.65379e+12,7.99755e+11
1.608e-08,1.52727e+22,1.89773e+20,8.24168e+18,1.32114e+17,6.46619e+14,1.65074e+12,7.9828e+11
1.611e-08,1.52185e+22,1.88942e+20,8.22413e+18,1.31861e+17,6.45413e+14,1.64768e+12,7.96806e+11
1.614e-08,1.51644e+22,1.88111e+20,8.20659e+18,1.31607e+17,6.44207e+14,1.64463e+12,7.95331e+11
1.617e-08,1.51103e+22,1.8728e+20,8.18904e+18,1.31353e+17,6.43001e+14,1.64157e+12,7.93857e+11
1.62e-08,1.50561e+22,1.86449e+20,8.1715e+18,1.31099e+17,6.41795e+14,1.63852e+12,7.92382e+11
1.623e-08,1.50021e+22,1.85716e+20,8.15391e+18,1.3084e+17,6.40556e+14,1.63538e+12,7.90864e+11
1.626e-08,1.4948e+22,1.84982e+20,8.13632e+18,1.3058e+17,6.39317e+14,1.63223e+12,7.89347e+11
1.629e-08,1.4894e+22,1.84249e+20,8.11873e+18,1.30321e+17,6.38079e+14,1.62909e+12,7.87829e+11
1.632e-08,1.48399e+22,1.83515e+20,8.10115e+18,1.30061e+17,6.3684e+14,1.62595e+12,7.86311e+11
1.635e-08,1.47859e+22,1.82782e+20,8.08356e+18,1.29802e+17,6.35601e+14,1.62281e+12,7.84793e+11
1.638e-08,1.47319e+22,1.82048e+20,8.06597e+18,1.29543e+17,6.34362e+14,1.61966e+12,7.83276e+11
1.641e-08,1.46778e+22,1.81315e+20,8.04838e+18,1.29283e+17,6.33123e+14,1.61652e+12,7.81758e+11
1.644e-08,1.46238e+22,1.80581e+20,8.03079e+18,1.29024e+17,6.31884e+14,1.61338e+12,7.8024e+11
1.647e-08,1.45697e+22,1.79848e+20,8.01321e+18,1.28765e+17,6.30645e+14,1.61023e+12,7.78722e+11
1.65e-08,1.45157e+22,1.79114e+20,7.99562e+18,1.28505e+17,6.29406e+14,1.60709e+12,7.77205e+11
1.653e-08,1.44616e+22,1.78381e+20,7.97803e+18,1.28246e+17,6.28167e+14,1.60395e+12,7.75687e+11
1.656e-08,1.44076e+22,1.77647e+20,7.96044e+18,1.27986e+17,6.26928e+14,1.60081e+12,7.74169e+11
1.659e-08,1.43535e+22,1.76914e+20,7.94286e+18,1.27727e+17,6.25689e+14,1.59766e+12,7.72652e+11
1.662e-08,1.42995e+22,1.76181e+20,7.92527e+18,1.27468e+17,6.2445e+14,1.59452e+12,7.71134e+11
1.665e-08,1.42454e+22,1.75447e+20,7.90768e+18,1.27208e+17,6.23211e+14,1.59138e+12,7.69616e+11
1.668e-08,1.41914e+22,1.74714e+20,7.89009e+18,1.26949e+17,6.21972e+14,1.58824e+12,7.68098e+11
1.671e-08,1.41374e+22,1.7398e+20,7.8725e+18,1.2669e+17,6.20733e+14,1.58509e+12,7.66581e+11
1.674e-08,1.40833e+22,1.73247e+20,7.85492e+18,1.2643e+17,6.19494e+14,1.58195e+12,7.65063e+11
1.677e-08,1.40293e+22,1.72513e+20,7.83733e+18,1.26171e+17,6.18255e+14,1.57881e+12,7.63545e+11
1.68e-08,1.39752e+22,1.7178e+20,7.81974e+18,1.25911e+17,6.17016e+14,1.57566e+12,7.62027e+11
1.683e-08,1.39216e+22,1.71127e+20,7.80212e+18,1.25647e+17,6.15748e+14,1.57244e+12,7.60471e+11
1.686e-08,1.3868e+22,1.70474e+20,7.78449e+18,1.25383e+17,6.1448e+14,1.56922e+12,7.58915e+11
1.689e-08,1.38144e+22,1.69821e+20,7.76687e+18,1.25119e+17,6.13211e+14,1.566e+12,7.5736e+11
1.692e-08,1.37608e+22,1.69168e+20,7.74924e+18,1.24855e+17,6.11943e+14,1.56278e+12,7.55803e+11
1.695e-08,1.37071e+22,1.68515e+20,7.73162e+18,1.2459e+17,6.10675e+14,1.55956e+12,7.54248e+11
1.698e-08,1.36535e+22,1.67862e+20,7.714e+18,1.24326e+17,6.09407e+14,1.55634e+12,7.52692e+11
1.701e-08,1.35999e+22,1.67209e+20,7.69637e+18,1.24062e+17,6.08139e+14,1.55312e+12,7.51136e+11
1.704e-08,1.35463e+22,1.66557e+20,7.67875e+18,1.23798e+17,6.0687e+14,1.5499e+12,7.4958e+11
1.707e-08,1.34927e+22,1.65904e+20,7.66112e+18,1.23533e+17,6.05602e+14,1.54668e+12,7.48024e+11
1.71e-08,1.3439e+22,1.65251e+20,7.6435e+18,1.23269e+17,6.04334e+14,1.54345e+12,7.46468e+11
1.713e-08,1.33854e+22,1.64598e+20,7.62588e+18,1.23005e+17,6.03066e+14,1.54023e+12,7.44912e+11
1.716e-08,1.33318e+22,1.63945e+20,7.60825e+18,1.22741e+17,6.01798e+14,1.53701e+12,7.43356e+11
1.719e-08,1.32782e+22,1.63292e+20,7.59063e+18,1.22477e+17,6.00529e+14,1.53379e+12,7.418e+11
1.722e-08,1.32246e+22,1.62639e+20,7.573e+18,1.22212e+17,5.99261e+14,1.53057e+12,7.40244e+11
1.725e-08,1.3171e+22,1.61986e+20,7.55538e+18,1.21948e+17,5.97993e+14,1.52735e+12,7.38688e+11
1.728e-08,1.31173e+22,1.61333e+20,7.53775e+18,1.21684e+17,5.96725e+14,1.52413e+12,7.37132e+11
1.731e-08,1.30637e+22,1.6068e+20,7.52013e+18,1.2142e+17,5.95456e+14,1.52091e+12,7.35576e+11
1.734e-08,1.30101e+22,1.60028e+20,7.50251e+18,1.21156e+17,5.94188e+14,1.51769e+12,7.3402e+11
1.737e-08,1.29565e+22,1.59375e+20,7.48488e+18,1.20891e+17,5.9292e+14,1.51447e+12,7.32464e+11
1.74e-08,1.29029e+22,1.58722e+20,7.46726e+18,1.20627e+17,5.91652e+14,1.51124e+12,7.30908e+11
1.743e-08,1.285e+22,1.58135e+20,7.4496e+18,1.20359e+17,5.90358e+14,1.50795e+12,7.29318e+11
1.746e-08,1.27971e+22,1.57549e+20,7.43195e+18,1.2009e+17,5.89064e+14,1.50466e+12,7.27729e+11
1.749e-08,1.27442e+22,1.56962e+20,7.41429e+18,1.19822e+17,5.8777e+14,1.50137e+12,7.26139e+11
1.752e-08,1.26914e+22,1.56376e+20,7.39664e+18,1.19553e+17,5.86475e+14,1.49808e+12,7.24549e+11
1.755e-08,1.26385e+22,1.55789e+20,7.37898e+18,1.19285e+17,5.85181e+14,1.49479e+12,7.22959e+11
1.758e-08,1.25856e+22,1.55203e+20,7.36133e+18,1.19016e+17,5.83887e+14,1.4915e+12,7.21369e+11
1.761e-08,1.25327e+22,1.54616e+20,7.34367e+18,1.18748e+17,5.82593e+14,1.48821e+12,7.19779e+11
1.764e-08,1.24799e+22,1.5403e+20,7.32602e+18,1.18479e+17,5.81299e+14,1.48492e+12,7.1819e+11
1.767e-08,1.2427e+22,1.53443e+20,7.30836e+18,1.18211e+17,5.80005e+14,1.48163e+12,7.166e+11
1.77e-08,1.23741e+22,1.52857e+20,7.29071e+18,1.17942e+17,5.78711e+14,1.47834e+12,7.1501e+11
1.773e-08,1.23212e+22,1.5227e+20,7.27305e+18,1.17674e+17,5.77417e+14,1.47505e+12,7.1342e+11
1.776e-08,1.22684e+22,1.51684e+20,7.2554e+18,1.17405e+17,5.76123e+14,1.47176e+12,7.1183e+11
1.779e-08,1.22155e+22,1.51097e+20,7.23774e+18,1.17137e+17,5.74829e+14,1.46847e+12,7.10241e+11
1.782e-08,1.21626e+22,1.50511e+20,7.22009e+18,1.16868e+17,5.73534e+14,1.46518e+12,7.08651e+11
1.785e-08,1.21097e+22,1.49924e+20,7.20243e+18,1.166e+17,5.7224e+14,1.46189e+12,7.07061e+11
1.788e-08,1.20568e+22,1.49338e+20,7.18478e+18,1.16331e+17,5.70946e+14,1.4586e+12,7.05471e+11
1.791e-08,1.2004e+22,1.48752e+20,7.16712e+18,1.16063e+17,5.69652e+14,1.45531e+12,7.03881e+11
1.794e-08,1.19511e+22,1.48165e+20,7.14947e+18,1.15794e+17,5.68358e+14,1.45202e+12,7.02291e+11
1.797e-08,1.18982e+22,1.47579e+20,7.13181e+18,1.15526e+17,5.67064e+14,1.44873e+12,7.00702e+11
1.8e-08,1.18453e+22,1.46992e+20,7.11416e+18,1.15257e+17,5.6577e+14,1.44544e+12,6.99112e+11
1.803e-08,1.17935e+22,1.4646e+20,7.09648e+18,1.14985e+17,5.64453e+14,1.44209e+12,6.97492e+11
1.806e-08,1.17416e+22,1.45928e+20,7.0788e+18,1.14713e+17,5.63136e+14,1.43873e+12,6.95872e+11
1.809e-08,1.16898e+22,1.45396e+20,7.06112e+18,1.14441e+17,5.61819e+14,1.43538e+12,6.94252e+11
1.812e-08,1.1638e+22,1.44865e+20,7.04343e+18,1.14168e+17,5.60502e+14,1.43203e+12,6.92632e+11
1.815e-08,1.15861e+22,1.44333e+20,7.02575e+18,1.13896e+17,5.59185e+14,1.42868e+12,6.91013e+11
1.818e-08,1.15343e+22,1.43801e+20,7.00807e+18,1.13624e+17,5.57868e+14,1.42533e+12,6.89393e+11
1.821e-08,1.14824e+22,1.43269e+20,6.99039e+18,1.13352e+17,5.56551e+14,1.42198e+12,6.87773e+11
1.824e-08,1.14306e+22,1.42737e+20,6.97271e+18,1.13079e+17,5.55234e+14,1.41862e+12,6.86153e+11
1.827e-08,1.13787e+22,1.42205e+20,6.95503e+18,1.12807e+17,5.53917e+14,1.41527e+12,6.84533e+11
1.83e-08,1.13269e+22,1.41673e+20,6.93734e+18,1.12535e+17,5.526e+14,1.41192e+12,6.82914e+11
1.833e-08,1.1275e+22,1.41141e+20,6.91966e+18,1.12263e+17,5.51283e+14,1.40857e+12,6.81294e+11
1.836e-08,1.12232e+22,1.4061e+20,6.90198e+18,1.1199e+17,5.49966e+14,1.40522e+12,6.79674e+11
1.839e-08,1.11713e+22,1.40078e+20,6.8843e+18,1.11718e+17,5.48649e+14,1.40186e+12,6.78054e+11
1.842e-08,1.11195e+22,1.39546e+20,6.86662e+18,1.11446e+17,5.47332e+14,1.39851e+12,6.76434e+11
1.845e-08,1.10677e+22,1.39014e+20,6.84894e+18,1.11174e+17,5.46015e+14,1.39516e+12,6.74814e+11
1.848e-08,1.10158e+22,1.38482e+20,6.83126e+18,1.10901e+17,5.44698e+14,1.39181e+12,6.73195e+11
1.851e-08,1.0964e+22,1.3795e+20,6.81358e+18,1.10629e+17,5.43381e+14,1.38846e+12,6.71575e+11
1.854e-08,1.09121e+22,1.37418e+20,6.79589e+18,1.10357e+17,5.42064e+14,1.38511e+12,6.69955e+11
1.857e-08,1.08603e+22,1.36887e+20,6.77821e+18,1.10085e+17,5.40747e+14,1.38175e+12,6.68335e+11
1.86e-08,1.08084e+22,1.36355e+20,6.76053e+18,1.09812e+17,5.3943e+14,1.3784e+12,6.66715e+11
1.863e-08,1.07579e+22,1.35867e+20,6.74283e+18,1.09537e+17,5.38093e+14,1.375e+12,6.65069e+11
1.866e-08,1.07073e+22,1.3538e+20,6.72512e+18,1.09261e+17,5.36756e+14,1.37159e+12,6.63423e+11
1.869e-08,1.06568e+22,1.34893e+20,6.70742e+18,1.08986e+17,5.35418e+14,1.36818e+12,6.61776e+11
1.872e-08,1.06063e+22,1.34406e+20,6.68971e+18,1.0871e+17,5.34081e+14,1.36478e+12,6.6013e+11
1.875e-08,1.05557e+22,1.33919e+20,6.67201e+18,1.08434e+17,5.32744e+14,1.36137e+12,6.58484e+11
1.878e-08,1.05052e+22,1.33432e+20,6.65431e+18,1.08159e+17,5.31407e+14,1.35797e+12,6.56837e+11
1.881e-08,1.04546e+22,1.32945e+20,6.6366e+18,1.07883e+17,5.30069e+14,1.35456e+12,6.55191e+11
1.884e-08,1.04041e+22,1.32457e+20,6.6189e+18,1.07608e+17,5.28732e+14,1.35115e+12,6.53545e+11
1.887e-08,1.03535e+22,1.3197e+20,6.60119e+18,1.07332e+17,5.27395e+14,1.34775e+12,6.51898e+11
1.89e-08,1.0303e+22,1.31483e+20,6.58349e+18,1.07057e+17,5.26058e+14,1.34434e+12,6.50252e+11
1.893e-08,1.02525e+22,1.30996e+20,6.56579e+18,1.06781e+17,5.2472e+14,1.34094e+12,6.48606e+11
1.896e-08,1.02019e+22,1.30509e+20,6.54808e+18,1.06505e+17,5.23383e+14,1.33753e+12,6.46959e+11
1.899e-08,1.01514e+22,1.30022e+20,6.53038e+18,1.0623e+17,5.22046e+14,1.33412e+12,6.45313e+11
1.902e-08,1.01008e+22,1.29534e+20,6.51267e+18,1.05954e+17,5.20709e+14,1.33072e+12,6.43667e+11
1.905e-08,1.00503e+22,1.29047e+20,6.49497e+18,1.05679e+17,5.19372e+14,1.32731e+12,6.4202e+11
1.908e-08,9.99974e+21,1.2856e+20,6.47726e+18,1.05403e+17,5.18034e+14,1.32391e+12,6.40374e+11
1.911e-08,9.9492e+21,1.28073e+20,6.45956e+18,1.05128e+17,5.16697e+14,1.3205e+12,6.38728e+11
1.914e-08,9.89865e+21,1.27586e+20,6.44186e+18,1.04852e+17,5.1536e+14,1.31709e+12,6.37081e+11
1.917e-08,9.84811e+21,1.27099e+20,6.42415e+18,1.04576e+17,5.14023e+14,1.31369e+12,6.35435e+11
1.92e-08,9.79757e+21,1.26611e+20,6.40645e+18,1.04301e+17,5.12685e+14,1.31028e+12,6.33788e+11
1.923e-08,9.74858e+21,1.26161e+20,6.38872e+18,1.04022e+17,5.1133e+14,1.30683e+12,6.32119e+11
1.926e-08,9.69959e+21,1.2571e+20,6.371e+18,1.03744e+17,5.09975e+14,1.30337e+12,6.30449e+11
1.929e-08,9.6506e+21,1.25259e+20,6.35328e+18,1.03465e+17,5.0862e+14,1.29992e+12,6.28779e+11
1.932e-08,9.60161e+21,1.24808e+20,6.33555e+18,1.03187e+17,5.07265e+14,1.29647e+12,6.27109e+11
1.935e-08,9.55263e+21,1.24358e+20,6.31783e+18,1.02908e+17,5.0591e+14,1.29301e+12,6.2544e+11
1.938e-08,9.50364e+21,1.23907e+20,6.3001e+18,1.0263e+17,5.04555e+14,1.28956e+12,6.2377e+11
1.941e-08,9.45465e+21,1.23456e+20,6.28238e+18,1.02351e+17,5.032e+14,1.2861e+12,6.221e+11
1.944e-08,9.40566e+21,1.23005e+20,6.26466e+18,1.02073e+17,5.01845e+14,1.28265e+12,6.2043e+11
1.947e-08,9.35667e+21,1.22554e+20,6.24693e+18,1.01794e+17,5.0049e+14,1.2792e+12,6.18761e+11
1.95e-08,9.30768e+21,1.22104e+20,6.22921e+18,1.01516e+17,4.99135e+14,1.27574e+12,6.17091e+11
1.953e-08,9.2587e+21,1.21653e+20,6.21149e+18,1.01237e+17,4.97779e+14,1.27229e+12,6.15421e+11
1.956e-08,9.20971e+21,1.21202e+20,6.19376e+18,1.00959e+17,4.96424e+14,1.26883e+12,6.13751e+11
1.959e-08,9.16072e+21,1.20751e+20,6.17604e+18,1.0068e+17,4.95069e+14,1.26538e+12,6.12082e+11
1.962e-08,9.11173e+21,1.20301e+20,6.15832e+18,1.00402e+17,4.93714e+14,1.26193e+12,6.10412e+11
1.965e-08,9.06274e+21,1.1985e+20,6.14059e+18,1.00124e+17,4.92359e+14,1.25847e+12,6.08742e+11
1.968e-08,9.01375e+21,1.19399e+20,6.12287e+18,9.9845e+16,4.91004e+14,1.25502e+12,6.07072e+11
1.971e-08,8.96477e+21,1.18948e+20,6.10514e+18,9.95665e+16,4.89649e+14,1.25156e+12,6.05403e+11
1.974e-08,8.91578e+21,1.18498e+20,6.08742e+18,9.9288e+16,4.88294e+14,1.24811e+12,6.03733e+11
1.977e-08,8.86679e+21,1.18047e+20,6.0697e+18,9.90095e+16,4.86939e+14,1.24466e+12,6.02063e+11
1.98e-08,8.8178e+21,1.17596e+20,6.05197e+18,9.8731e+16,4.85584e+14,1.2412e+12,6.00393e+11
1.983e-08,8.7706e+21,1.17175e+20,6.03423e+18,9.845e+16,4.84213e+14,1.23771e+12,5.98703e+11
1.986e-08,8.72339e+21,1.16753e+20,6.01649e+18,9.81689e+16,4.82842e+14,1.23421e+12,5.97013e+11
1.989e-08,8.67619e+21,1.16332e+20,5.99875e+18,9.78879e+16,4.81471e+14,1.23071e+12,5.95322e+11
1.992e-08,8.62899e+21,1.15911e+20,5.98101e+18,9.76068e+16,4.80101e+14,1.22722e+12,5.93632e+11
1.995e-08,8.58179e+21,1.15489e+20,5.96327e+18,9.73258e+16,4.7873e+14,1.22372e+12,5.91942e+11
1.998e-08,8.53458e+21,1.15068e+20,5.94553e+18,9.70447e+16,4.77359e+14,1.22023e+12,5.90251e+11
2.001e-08,8.48738e+21,1.14647e+20,5.92779e+18,9.67636e+16,4.75988e+14,1.21673e+12,5.88561e+11
2.004e-08,8.44018e+21,1.14225e+20,5.91005e+18,9.64826e+16,4.74618e+14,1.21323e+12,5.86871e+11
2.007e-08,8.39298e+21,1.13804e+20,5.89231e+18,9.62015e+16,4.73247e+14,1.20974e+12,5.8518e+11
2.01e-08,8.34577e+21,1.13383e+20,5.87457e+18,9.59205e+16,4.71876e+14,1.20624e+12,5.8349e+11
2.013e-08,8.29857e+21,1.12961e+20,5.85683e+18,9.56394e+16,4.70505e+14,1.20274e+12,5.818e+11
2.016e-08,8.25137e+21,1.1254e+20,5.83908e+18,9.53584e+16,4.69134e+14,1.19925e+12,5.80109e+11
2.019e-08,8.20417e+21,1.12118e+20,5.82134e+18,9.50773e+16,4.67764e+14,1.19575e+12,5.78419e+11
2.022e-08,8.15696e+21,1.11697e+20,5.8036e+18,9.47963e+16,4.66393e+14,1.19226e+12,5.76728e+11
2.025e-08,8.10976e+21,1.11276e+20,5.78586e+18,9.45152e+16,4.65022e+14,1.18876e+12,5.75038e+11
2.028e-08,8.06256e+21,1.10854e+20,5.76812e+18,9.42341e+16,4.63651e+14,1.18526e+12,5.73348e+11
2.031e-08,8.01536e+21,1.10433e+20,5.75038e+18,9.39531e+16,4.62281e+14,1.18177e+12,5.71657e+11
2.034e-08,7.96815e+21,1.10012e+20,5.73264e+18,9.3672e+16,4.6091e+14,1.17827e+12,5.69967e+11
2.037e-08,7.92095e+21,1.0959e+20,5.7149e+18,9.3391e+16,4.59539e+14,1.17478e+12,5.68277e+11
2.04e-08,7.87375e+21,1.09169e+20,5.69716e+18,9.31099e+16,4.58168e+14,1.17128e+12,5.66586e+11
2.043e-08,7.82855e+21,1.08771e+20,5.67941e+18,9.28266e+16,4.56784e+14,1.16775e+12,5.64878e+11
2.046e-08,7.78334e+21,1.08373e+20,5.66165e+18,9.25433e+16,4.55399e+14,1.16421e+12,5.6317e+11
2.049e-08,7.73814e+21,1.07976e+20,5.64389e+18,9.226e+16,4.54015e+14,1.16068e+12,5.61461e+11
2.052e-08,7.69293e+21,1.07578e+20,5.62614e+18,9.19767e+16,4.5263e+14,1.15715e+12,5.59753e+11
2.055e-08,7.64773e+21,1.0718e+20,5.60838e+18,9.16934e+16,4.51246e+14,1.15361e+12,5.58044e+11
2.058e-08,7.60252e+21,1.06782e+20,5.59063e+18,9.14101e+16,4.49861e+14,1.15008e+12,5.56336e+11
2.061e-08,7.55732e+21,1.06384e+20,5.57287e+18,9.11269e+16,4.48477e+14,1.14655e+12,5.54628e+11
2.064e-08,7.51212e+21,1.05987e+20,5.55512e+18,9.08435e+16,4.47092e+14,1.14302e+12,5.52919e+11
2.067e-08,7.46691e+21,1.05589e+20,5.53736e+18,9.05603e+16,4.45708e+14,1.13948e+12,5.51211e+11
2.07e-08,7.42171e+21,1.05191e+20,5.51961e+18,9.0277e+16,4.44323e+14,1.13595e+12,5.49502e+11
2.073e-08,7.37651e+21,1.04793e+20,5.50185e+18,8.99937e+16,4.42939e+14,1.13242e+12,5.47794e+11
2.076e-08,7.3313e+21,1.04395e+20,5.4841e+18,8.97104e+16,4.41554e+14,1.12888e+12,5.46086e+11
2.079e-08,7.2861e+21,1.03998e+20,5.46634e+18,8.94271e+16,4.4017e+14,1.12535e+12,5.44377e+11
2.082e-08,7.24089e+21,1.036e+20,5.44859e+18,8.91438e+16,4.38785e+14,1.12182e+12,5.42669e+11
2.085e-08,7.19569e+21,1.03202e+20,5.43083e+18,8.88605e+16,4.37401e+14,1.11828e+12,5.4096e+11
2.088e-08,7.15048e+21,1.02804e+20,5.41308e+18,8.85772e+16,4.36016e+14,1.11475e+12,5.39252e+11
2.091e-08,7.10528e+21,1.02407e+20,5.39532e+18,8.82939e+16,4.34632e+14,1.11122e+12,5.37544e+11
2.094e-08,7.06008e+21,1.02009e+20,5.37757e+18,8.80106e+16,4.33247e+14,1.10769e+12,5.35835e+11
2.097e-08,7.01487e+21,1.01611e+20,5.35981e+18,8.77273e+16,4.31863e+14,1.10415e+12,5.34127e+11
2.1e-08,6.96967e+21,1.01213e+20,5.34206e+18,8.7444e+16,4.30478e+14,1.10062e+12,5.32418e+11
2.103e-08,6.92666e+21,1.00834e+20,5.32429e+18,8.71588e+16,4.29082e+14,1.09705e+12,5.30694e+11
2.106e-08,6.88364e+21,1.00455e+20,5.30652e+18,8.68735e+16,4.27685e+14,1.09349e+12,5.2897e+11
2.109e-08,6.84063e+21,1.00076e+20,5.28875e+18,8.65883e+16,4.26289e+14,1.08992e+12,5.27246e+11
2.112e-08,6.79762e+21,9.96966e+19,5.27099e+18,8.6303e+16,4.24892e+14,1.08636e+12,5.25522e+11
2.115e-08,6.75461e+21,9.93175e+19,5.25322e+18,8.60178e+16,4.23496e+14,1.08279e+12,5.23798e+11
2.118e-08,6.7116e+21,9.89383e+19,5.23545e+18,8.57326e+16,4.22099e+14,1.07923e+12,5.22074e+11
2.121e-08,6.66858e+21,9.85592e+19,5.21768e+18,8.54473e+16,4.20703e+14,1.07566e+12,5.2035e+11
2.124e-08,6.62557e+21,9.81801e+19,5.19991e+18,8.51621e+16,4.19306e+14,1.0721e+12,5.18626e+11
2.127e-08,6.58256e+21,9.7801e+19,5.18215e+18,8.48768e+16,4.1791e+14,1.06853e+12,5.16901e+11
2.13e-08,6.53955e+21,9.74218e+19,5.16438e+18,8.45916e+16,4.16514e+14,1.06497e+12,5.15177e+11
2.133e-08,6.49654e+21,9.70427e+19,5.14661e+18,8.43064e+16,4.15117e+14,1.0614e+12,5.13453e+11
2.136e-08,6.45352e+21,9.66636e+19,5.12884e+18,8.40211e+16,4.13721e+14,1.05784e+12,5.11729e+11
2.139e-08,6.41051e+21,9.62844e+19,5.11108e+18,8.37359e+16,4.12324e+14,1.05427e+12,5.10005e+11
2.142e-08,6.3675e+21,9.59053e+19,5.09331e+18,8.34506e+16,4.10928e+14,1.05071e+12,5.08281e+11
2.145e-08,6.32449e+21,9.55262e+19,5.07554e+18,8.31654e+16,4.09531e+14,1.04714e+12,5.06557e+11
2.148e-08,6.28147e+21,9.5147e+19,5.05777e+18,8.28801e+16,4.08135e+14,1.04358e+12,5.04833e+11
2.151e-08,6.23846e+21,9.47679e+19,5.04001e+18,8.25949e+16,4.06738e+14,1.04001e+12,5.03109e+11
2.154e-08,6.19545e+21,9.43888e+19,5.02224e+18,8.23097e+16,4.05342e+14,1.03645e+12,5.01384e+11
2.157e-08,6.15244e+21,9.40097e+19,5.00447e+18,8.20244e+16,4.03945e+14,1.03288e+12,4.9966e+11
2.16e-08,6.10942e+21,9.36305e+19,4.9867e+18,8.17392e+16,4.02549e+14,1.02932e+12,4.97936e+11
2.163e-08,6.06878e+21,9.3266e+19,4.96893e+18,8.14523e+16,4.01142e+14,1.02572e+12,4.96199e+11
2.166e-08,6.02813e+21,9.29014e+19,4.95115e+18,8.11653e+16,3.99735e+14,1.02213e+12,4.94461e+11
2.169e-08,5.98749e+21,9.25369e+19,4.93337e+18,8.08784e+16,3.98329e+14,1.01854e+12,4.92723e+11
2.172e-08,5.94684e+21,9.21723e+19,4.91559e+18,8.05915e+16,3.96922e+14,1.01494e+12,4.90985e+11
2.175e-08,5.90619e+21,9.18078e+19,4.89781e+18,8.03046e+16,3.95515e+14,1.01135e+12,4.89248e+11
2.178e-08,5.86555e+21,9.14432e+19,4.88003e+18,8.00176e+16,3.94108e+14,1.00776e+12,4.8751e+11
2.181e-08,5.8249e+21,9.10787e+19,4.86225e+18,7.97307e+16,3.92701e+14,1.00416e+12,4.85772e+11
2.184e-08,5.78426e+21,9.07142e+19,4.84448e+18,7.94438e+16,3.91294e+14,1.00057e+12,4.84034e+11
2.187e-08,5.74361e+21,9.03496e+19,4.8267e+18,7.91569e+16,3.89888e+14,9.96978e+11,4.82297e+11
2.19e-08,5.70296e+21,8.99851e+19,4.80892e+18,7.88699e+16,3.88481e+14,9.93385e+11,4.80559e+11
2.193e-08,5.66232e+21,8.96205e+19,4.79114e+18,7.8583e+16,3.87074e+14,9.89792e+11,4.78821e+11
2.196e-08,5.62167e+21,8.9256e+19,4.77336e+18,7.82961e+16,3.85667e+14,9.86199e+11,4.77084e+11
2.199e-08,5.58103e+21,8.88914e+19,4.75559e+18,7.80092e+16,3.8426e+14,9.82606e+11,4.75346e+11
2.202e-08,5.54038e+21,8.85269e+19,4.73781e+18,7.77222e+16,3.82854e+14,9.79013e+11,4.73608e+11
2.205e-08,5.49973e+21,8.81624e+19,4.72003e+18,7.74353e+16,3.81447e+14,9.7542e+11,4.71871e+11
2.208e-08,5.45909e+21,8.77978e+19,4.70225e+18,7.71484e+16,3.8004e+14,9.71827e+11,4.70133e+11
2.211e-08,5.41844e+21,8.74333e+19,4.68447e+18,7.68615e+16,3.78633e+14,9.68234e+11,4.68395e+11
2.214e-08,5.37779e+21,8.70687e+19,4.66669e+18,7.65746e+16,3.77226e+14,9.64641e+11,4.66657e+11
2.217e-08,5.33715e+21,8.67042e+19,4.64891e+18,7.62876e+16,3.7582e+14,9.61048e+11,4.6492e+11
2.22e-08,5.2965e+21,8.63396e+19,4.63114e+18,7.60007e+16,3.74413e+14,9.57455e+11,4.63182e+11
2.223e-08,5.25838e+21,8.59863e+19,4.61335e+18,7.57124e+16,3.72997e+14,9.53838e+11,4.61433e+11
2.226e-08,5.22025e+21,8.5633e+19,4.59556e+18,7.5424e+16,3.71581e+14,9.50221e+11,4.59683e+11
2.229e-08,5.18213e+21,8.52797e+19,4.57777e+18,7.51356e+16,3.70166e+14,9.46604e+11,4.57934e+11
2.232e-08,5.144e+21,8.49263e+19,4.55999e+18,7.48473e+16,3.6875e+14,9.42987e+11,4.56184e+11
2.235e-08,5.10588e+21,8.4573e+19,4.5422e+18,7.45589e+16,3.67334e+14,9.3937e+11,4.54435e+11
2.238e-08,5.06776e+21,8.42197e+19,4.52441e+18,7.42705e+16,3.65919e+14,9.35753e+11,4.52686e+11
2.241e-08,5.02963e+21,8.38664e+19,4.50662e+18,7.39822e+16,3.64503e+14,9.32137e+11,4.50936e+11
2.244e-08,4.99151e+21,8.3513e+19,4.48884e+18,7.36938e+16,3.63087e+14,9.2852e+11,4.49187e+11
2.247e-08,4.95338e+21,8.31597e+19,4.47105e+18,7.34055e+16,3.61672e+14,9.24903e+11,4.47438e+11
2.25e-08,4.91526e+21,8.28064e+19,4.45326e+18,7.31171e+16,3.60256e+14,9.21286e+11,4.45688e+11
2.253e-08,4.87714e+21,8.24531e+19,4.43547e+18,7.28287e+16,3.5884e+14,9.17669e+11,4.43939e+11
2.256e-08,4.83901e+21,8.20998e+19,4.41769e+18,7.25404e+16,3.57425e+14,9.14052e+11,4.4219e+11
2.259e-08,4.80089e+21,8.17464e+19,4.3999e+18,7.2252e+16,3.56009e+14,9.10435e+11,4.4044e+11
2.262e-08,4.76276e+21,8.13931e+19,4.38211e+18,7.19637e+16,3.54593e+14,9.06819e+11,4.38691e+11
2.265e-08,4.72464e+21,8.10398e+19,4.36432e+18,7.16753e+16,3.53178e+14,9.03202e+11,4.36941e+11
2.268e-08,4.68652e+21,8.06865e+19,4.34654e+18,7.13869e+16,3.51762e+14,8.99585e+11,4.35192e+11
2.271e-08,4.64839e+21,8.03331e+19,4.32875e+18,7.10986e+16,3.50346e+14,8.95968e+11,4.33443e+11
2.274e-08,4.61027e+21,7.99798e+19,4.31096e+18,7.08102e+16,3.48931e+14,8.92351e+11,4.31693e+11
2.277e-08,4.57214e+21,7.96265e+19,4.29318e+18,7.05218e+16,3.47515e+14,8.88734e+11,4.29944e+11
2.28e-08,4.53402e+21,7.92732e+19,4.27539e+18,7.02335e+16,3.46099e+14,8.85117e+11,4.28195e+11
2.283e-08,4.49855e+21,7.89283e+19,4.25759e+18,6.99439e+16,3.44676e+14,8.8148e+11,4.26435e+11
2.286e-08,4.46309e+21,7.85835e+19,4.2398e+18,6.96543e+16,3.43253e+14,8.77843e+11,4.24676e+11
2.289e-08,4.42762e+21,7.82386e+19,4.222e+18,6.93647e+16,3.4183e+14,8.74206e+11,4.22917e+11
2.292e-08,4.39216e+21,7.78937e+19,4.20421e+18,6.90752e+16,3.40407e+14,8.70569e+11,4.21157e+11
2.295e-08,4.35669e+21,7.75489e+19,4.18641e+18,6.87856e+16,3.38983e+14,8.66932e+11,4.19398e+11
2.298e-08,4.32123e+21,7.7204e+19,4.16862e+18,6.8496e+16,3.3756e+14,8.63295e+11,4.17639e+11
2.301e-08,4.28576e+21,7.68592e+19,4.15082e+18,6.82064e+16,3.36137e+14,8.59657e+11,4.1588e+11
2.304e-08,4.25029e+21,7.65143e+19,4.13303e+18,6.79168e+16,3.34714e+14,8.5602e+11,4.1412e+11
2.307e-08,4.21483e+21,7.61695e+19,4.11523e+18,6.76272e+16,3.33291e+14,8.52383e+11,4.12361e+11
2.31e-08,4.17936e+21,7.58246e+19,4.09744e+18,6.73377e+16,3.31867e+14,8.48746e+11,4.10602e+11
2.313e-08,4.1439e+21,7.54798e+19,4.07964e+18,6.70481e+16,3.30444e+14,8.45109e+11,4.08842e+11
2.316e-08,4.10843e+21,7.51349e+19,4.06185e+18,6.67585e+16,3.29021e+14,8.41472e+11,4.07083e+11
2.319e-08,4.07297e+21,7.479e+19,4.04405e+18,6.64689e+16,3.27598e+14,8.37835e+11,4.05324e+11
2.322e-08,4.0375e+21,7.44452e+19,4.02626e+18,6.61793e+16,3.26175e+14,8.34198e+11,4.03565e+11
2.325e-08,4.00204e+21,7.41003e+19,4.00846e+18,6.58897e+16,3.24751e+14,8.3056e+11,4.01805e+11
2.328e-08,3.96657e+21,7.37555e+19,3.99067e+18,6.56002e+16,3.23328e+14,8.26923e+11,4.00046e+11
2.331e-08,3.93111e+21,7.34106e+19,3.97287e+18,6.53106e+16,3.21905e+14,8.23286e+11,3.98287e+11
2.334e-08,3.89564e+21,7.30658e+19,3.95508e+18,6.5021e+16,3.20482e+14,8.19649e+11,3.96528e+11
2.337e-08,3.86017e+21,7.27209e+19,3.93728e+18,6.47314e+16,3.19059e+14,8.16012e+11,3.94768e+11
2.34e-08,3.82471e+21,7.23761e+19,3.91949e+18,6.44418e+16,3.17635e+14,8.12375e+11,3.93009e+11
2.343e-08,3.79202e+21,7.20374e+19,3.90168e+18,6.41512e+16,3.16206e+14,8.08721e+11,3.91241e+11
2.346e-08,3.75934e+21,7.16988e+19,3.88388e+18,6.38606e+16,3.14776e+14,8.05067e+11,3.89474e+11
2.349e-08,3.72665e+21,7.13602e+19,3.86608e+18,6.357e+16,3.13347e+14,8.01412e+11,3.87706e+11
2.352e-08,3.69396e+21,7.10216e+19,3.84828e+18,6.32794e+16,3.11917e+14,7.97758e+11,3.85939e+11
2.355e-08,3.66127e+21,7.0683e+19,3.83048e+18,6.29888e+16,3.10488e+14,7.94104e+11,3.84171e+11
2.358e-08,3.62859e+21,7.03444e+19,3.81268e+18,6.26982e+16,3.09058e+14,7.9045e+11,3.82404e+11
2.361e-08,3.5959e+21,7.00058e+19,3.79488e+18,6.24076e+16,3.07629e+14,7.86796e+11,3.80636e+11
2.364e-08,3.56321e+21,6.96672e+19,3.77707e+18,6.2117e+16,3.06199e+14,7.83142e+11,3.78868e+11
2.367e-08,3.53053e+21,6.93286e+19,3.75927e+18,6.18264e+16,3.0477e+14,7.79488e+11,3.77101e+11
2.37e-08,3.49784e+21,6.899e+19,3.74147e+18,6.15358e+16,3.0334e+14,7.75834e+11,3.75333e+11
2.373e-08,3.46515e+21,6.86513e+19,3.72367e+18,6.12452e+16,3.01911e+14,7.72179e+11,3.73566e+11
2.376e-08,3.43247e+21,6.83127e+19,3.70587e+18,6.09546e+16,3.00481e+14,7.68526e+11,3.71798e+11
2.379e-08,3.39978e+21,6.79741e+19,3.68807e+18,6.0664e+16,2.99052e+14,7.64871e+11,3.7003e+11
2.382e-08,3.36709e+21,6.76355e+19,3.67027e+18,6.03734e+16,2.97622e+14,7.61217e+11,3.68263e+11
2.385e-08,3.3344e+21,6.72969e+19,3.65246e+18,6.00828e+16,2.96193e+14,7.57563e+11,3.66495e+11
2.388e-08,3.30172e+21,6.69583e+19,3.63466e+18,5.97922e+16,2.94763e+14,7.53909e+11,3.64728e+11
2.391e-08,3.26903e+21,6.66197e+19,3.61686e+18,5.95015e+16,2.93334e+14,7.50255e+11,3.6296e+11
2.394e-08,3.23634e+21,6.62811e+19,3.59906e+18,5.9211e+16,2.91904e+14,7.46601e+11,3.61193e+11
2.397e-08,3.20366e+21,6.59424e+19,3.58126e+18,5.89203e+16,2.90475e+14,7.42947e+11,3.59425e+11
2.4e-08,3.17097e+21,6.56039e+19,3.56346e+18,5.86297e+16,2.89045e+14,7.39293e+11,3.57657e+11
2.403e-08,3.14116e+21,6.52697e+19,3.54565e+18,5.83383e+16,2.87611e+14,7.35624e+11,3.55883e+11
2.406e-08,3.11136e+21,6.49356e+19,3.52784e+18,5.80469e+16,2.86176e+14,7.31957e+11,3.54109e+11
2.409e-08,3.08155e+21,6.46014e+19,3.51004e+18,5.77554e+16,2.84741e+14,7.28288e+11,3.52334e+11
2.412e-08,3.05174e+21,6.42673e+19,3.49223e+18,5.7464e+16,2.83307e+14,7.2462e+11,3.5056e+11
2.415e-08,3.02194e+21,6.39332e+19,3.47442e+18,5.71725e+16,2.81872e+14,7.20952e+11,3.48785e+11
2.418e-08,2.99213e+21,6.35991e+19,3.45662e+18,5.68811e+16,2.80437e+14,7.17284e+11,3.47011e+11
2.421e-08,2.96232e+21,6.32649e+19,3.43881e+18,5.65896e+16,2.79003e+14,7.13616e+11,3.45236e+11
2.424e-08,2.93252e+21,6.29308e+19,3.421e+18,5.62982e+16,2.77568e+14,7.09948e+11,3.43462e+11
2.427e-08,2.90271e+21,6.25966e+19,3.4032e+18,5.60067e+16,2.76133e+14,7.0628e+11,3.41688e+11
2.43e-08,2.87291e+21,6.22625e+19,3.38539e+18,5.57153e+16,2.74698e+14,7.02612e+11,3.39913e+11
2.433e-08,2.8431e+21,6.19284e+19,3.36758e+18,5.54238e+16,2.73264e+14,6.98943e+11,3.38139e+11
2.436e-08,2.81329e+21,6.15943e+19,3.34978e+18,5.51324e+16,2.71829e+14,6.95275e+11,3.36364e+11
2.439e-08,2.78349e+21,6.12601e+19,3.33197e+18,5.48409e+16,2.70394e+14,6.91607e+11,3.3459e+11
2.442e-08,2.75368e+21,6.0926e+19,3.31416e+18,5.45495e+16,2.6896e+14,6.87939e+11,3.32816e+11
2.445e-08,2.72387e+21,6.05919e+19,3.29636e+18,5.4258e+16,2.67525e+14,6.84271e+11,3.31041e+11
2.448e-08,2.69407e+21,6.02577e+19,3.27855e+18,5.39666e+16,2.6609e+14,6.80603e+11,3.29267e+11
2.451e-08,2.66426e+21,5.99236e+19,3.26074e+18,5.36752e+16,2.64655e+14,6.76935e+11,3.27492e+11
2.454e-08,2.63445e+21,5.95895e+19,3.24294e+18,5.33837e+16,2.63221e+14,6.73267e+11,3.25718e+11
2.457e-08,2.60465e+21,5.92553e+19,3.22513e+18,5.30923e+16,2.61786e+14,6.69599e+11,3.23943e+11
2.46e-08,2.57484e+21,5.89212e+19,3.20732e+18,5.28008e+16,2.60351e+14,6.65931e+11,3.22169e+11
2.463e-08,2.548e+21,5.85902e+19,3.18951e+18,5.25087e+16,2.58912e+14,6.62251e+11,3.20389e+11
2.466e-08,2.52116e+21,5.82591e+19,3.1717e+18,5.22166e+16,2.57474e+14,6.58572e+11,3.18609e+11
2.469e-08,2.49432e+21,5.79281e+19,3.15389e+18,5.19244e+16,2.56035e+14,6.54892e+11,3.16829e+11
2.472e-08,2.46748e+21,5.75971e+19,3.13608e+18,5.16323e+16,2.54596e+14,6.51213e+11,3.15049e+11
2.475e-08,2.44064e+21,5.7266e+19,3.11827e+18,5.13402e+16,2.53157e+14,6.47533e+11,3.13269e+11
2.478e-08,2.4138e+21,5.6935e+19,3.10046e+18,5.10481e+16,2.51718e+14,6.43854e+11,3.11489e+11
2.481e-08,2.38696e+21,5.6604e+19,3.08265e+18,5.07559e+16,2.50279e+14,6.40174e+11,3.09709e+11
2.484e-08,2.36012e+21,5.6273e+19,3.06483e+18,5.04638e+16,2.4884e+14,6.36495e+11,3.07929e+11
2.487e-08,2.33328e+21,5.59419e+19,3.04702e+18,5.01717e+16,2.47401e+14,6.32815e+11,3.06149e+11
2.49e-08,2.30644e+21,5.56109e+19,3.02921e+18,4.98796e+16,2.45962e+14,6.29136e+11,3.04369e+11
2.493e-08,2.2796e+21,5.52799e+19,3.0114e+18,4.95874e+16,2.44523e+14,6.25457e+11,3.02589e+11
2.496e-08,2.25276e+21,5.49489e+19,2.99359e+18,4.92953e+16,2.43085e+14,6.21777e+11,3.00809e+11
2.499e-08,2.22592e+21,5.46178e+19,2.97578e+18,4.90032e+16,2.41646e+14,6.18098e+11,2.99029e+11
2.502e-08,2.19908e+21,5.42868e+19,2.95797e+18,4.8711e+16,2.40207e+14,6.14418e+11,2.9725e+11
2.505e-08,2.17224e+21,5.39558e+19,2.94016e+18,4.84189e+16,2.38768e+14,6.10739e+11,2.9547e+11
2.508e-08,2.1454e+21,5.36247e+19,2.92235e+18,4.81268e+16,2.37329e+14,6.0706e+11,2.9369e+11
2.511e-08,2.11856e+21,5.32937e+19,2.90454e+18,4.78347e+16,2.3589e+14,6.0338e+11,2.9191e+11
2.514e-08,2.09172e+21,5.29627e+19,2.88673e+18,4.75425e+16,2.34451e+14,5.99701e+11,2.9013e+11
2.517e-08,2.06488e+21,5.26316e+19,2.86891e+18,4.72504e+16,2.33012e+14,5.96021e+11,2.8835e+11
2.52e-08,2.03804e+21,5.23006e+19,2.8511e+18,4.69583e+16,2.31573e+14,5.92342e+11,2.8657e+11
2.523e-08,2.01423e+21,5.19716e+19,2.83329e+18,4.66656e+16,2.30131e+14,5.88653e+11,2.84785e+11
2.526e-08,1.99043e+21,5.16427e+19,2.81547e+18,4.6373e+16,2.28689e+14,5.84965e+11,2.83001e+11
2.529e-08,1.96662e+21,5.13137e+19,2.79766e+18,4.60803e+16,2.27247e+14,5.81277e+11,2.81217e+11
2.532e-08,1.94282e+21,5.09848e+19,2.77985e+18,4.57876e+16,2.25804e+14,5.77588e+11,2.79432e+11
2.535e-08,1.91902e+21,5.06558e+19,2.76203e+18,4.5495e+16,2.24362e+14,5.739e+11,2.77648e+11
2.538e-08,1.89521e+21,5.03268e+19,2.74422e+18,4.52023e+16,2.2292e+14,5.70211e+11,2.75864e+11
2.541e-08,1.87141e+21,4.99978e+19,2.7264e+18,4.49096e+16,2.21478e+14,5.66523e+11,2.74079e+11
2.544e-08,1.8476e+21,4.96689e+19,2.70859e+18,4.4617e+16,2.20035e+14,5.62835e+11,2.72295e+11
2.547e-08,1.8238e+21,4.93399e+19,2.69077e+18,4.43243e+16,2.18593e+14,5.59146e+11,2.70511e+11
2.55e-08,1.8e+21,4.9011e+19,2.67296e+18,4.40316e+16,2.17151e+14,5.55458e+11,2.68726e+11
2.553e-08,1.77619e+21,4.8682e+19,2.65515e+18,4.3739e+16,2.15709e+14,5.51769e+11,2.66942e+11
2.556e-08,1.75239e+21,4.8353e+19,2.63733e+18,4.34463e+16,2.14267e+14,5.48081e+11,2.65158e+11
2.559e-08,1.72858e+21,4.8024e+19,2.61952e+18,4.31536e+16,2.12824e+14,5.44393e+11,2.63373e+11
2.562e-08,1.70478e+21,4.76951e+19,2.6017e+18,4.2861e+16,2.11382e+14,5.40704e+11,2.61589e+11
2.565e-08,1.68098e+21,4.73661e+19,2.58389e+18,4.25683e+16,2.0994e+14,5.37016e+11,2.59805e+11
2.568e-08,1.65717e+21,4.70371e+19,2.56607e+18,4.22757e+16,2.08498e+14,5.33328e+11,2.5802e+11
2.571e-08,1.63337e+21,4.67082e+19,2.54826e+18,4.1983e+16,2.07055e+14,5.29639e+11,2.56236e+11
2.574e-08,1.60956e+21,4.63792e+19,2.53045e+18,4.16903e+16,2.05613e+14,5.25951e+11,2.54452e+11
2.577e-08,1.58576e+21,4.60502e+19,2.51263e+18,4.13976e+16,2.04171e+14,5.22262e+11,2.52667e+11
2.58e-08,1.56196e+21,4.57213e+19,2.49482e+18,4.1105e+16,2.02729e+14,5.18574e+11,2.50883e+11
2.583e-08,1.54124e+21,4.53936e+19,2.477e+18,4.08119e+16,2.01284e+14,5.14879e+11,2.49095e+11
2.586e-08,1.52053e+21,4.50659e+19,2.45918e+18,4.05188e+16,1.99839e+14,5.11184e+11,2.47308e+11
2.589e-08,1.49982e+21,4.47383e+19,2.44137e+18,4.02258e+16,1.98394e+14,5.07488e+11,2.4552e+11
2.592e-08,1.47911e+21,4.44106e+19,2.42355e+18,3.99327e+16,1.9695e+14,5.03793e+11,2.43732e+11
2.595e-08,1.4584e+21,4.40829e+19,2.40573e+18,3.96396e+16,1.95505e+14,5.00098e+11,2.41944e+11
2.598e-08,1.43769e+21,4.37553e+19,2.38792e+18,3.93465e+16,1.9406e+14,4.96403e+11,2.40157e+11
2.601e-08,1.41698e+21,4.34276e+19,2.3701e+18,3.90535e+16,1.92615e+14,4.92707e+11,2.38369e+11
2.604e-08,1.39626e+21,4.30999e+19,2.35228e+18,3.87604e+16,1.9117e+14,4.89012e+11,2.36581e+11
2.607e-08,1.37555e+21,4.27723e+19,2.33447e+18,3.84673e+16,1.89726e+14,4.85317e+11,2.34794e+11
2.61e-08,1.35484e+21,4.24446e+19,2.31665e+18,3.81742e+16,1.88281e+14,4.81622e+11,2.33006e+11
2.613e-08,1.33413e+21,4.21169e+19,2.29883e+18,3.78811e+16,1.86836e+14,4.77926e+11,2.31218e+11
2.616e-08,1.31342e+21,4.17893e+19,2.28102e+18,3.75881e+16,1.85391e+14,4.74231e+11,2.29431e+11
2.619e-08,1.29271e+21,4.14616e+19,2.2632e+18,3.7295e+16,1.83947e+14,4.70536e+11,2.27643e+11
2.622e-08,1.27199e+21,4.11339e+19,2.24538e+18,3.70019e+16,1.82502e+14,4.66841e+11,2.25855e+11
2.625e-08,1.25128e+21,4.08062e+19,2.22756e+18,3.67088e+16,1.81057e+14,4.63145e+11,2.24068e+11
2.628e-08,1.23057e+21,4.04786e+19,2.20975e+18,3.64158e+16,1.79612e+14,4.5945e+11,2.2228e+11
2.631e-08,1.20986e+21,4.01509e+19,2.19193e+18,3.61227e+16,1.78167e+14,4.55755e+11,2.20492e+11
2.634e-08,1.18915e+21,3.98232e+19,2.17411e+18,3.58296e+16,1.76723e+14,4.5206e+11,2.18705e+11
2.637e-08,1.16844e+21,3.94956e+19,2.1563e+18,3.55365e+16,1.75278e+14,4.48364e+11,2.16917e+11
2.64e-08,1.14772e+21,3.91679e+19,2.13848e+18,3.52435e+16,1.73833e+14,4.44669e+11,2.15129e+11
2.643e-08,1.13015e+21,3.8841e+19,2.12066e+18,3.49501e+16,1.72386e+14,4.40969e+11,2.13339e+11
2.646e-08,1.11257e+21,3.85141e+19,2.10284e+18,3.46567e+16,1.7094e+14,4.37269e+11,2.11549e+11
2.649e-08,1.09499e+21,3.81872e+19,2.08502e+18,3.43633e+16,1.69493e+14,4.33568e+11,2.09759e+11
2.652e-08,1.07742e+21,3.78603e+19,2.06721e+18,3.407e+16,1.68047e+14,4.29868e+11,2.07969e+11
2.655e-08,1.05984e+21,3.75334e+19,2.04939e+18,3.37766e+16,1.666e+14,4.26168e+11,2.06178e+11
2.658e-08,1.04226e+21,3.72065e+19,2.03157e+18,3.34832e+16,1.65153e+14,4.22467e+11,2.04388e+11
2.661e-08,1.02468e+21,3.68795e+19,2.01375e+18,3.31898e+16,1.63707e+14,4.18767e+11,2.02598e+11
2.664e-08,1.00711e+21,3.65526e+19,1.99593e+18,3.28964e+16,1.6226e+14,4.15067e+11,2.00808e+11
2.667e-08,9.89529e+20,3.62257e+19,1.97811e+18,3.26031e+16,1.60813e+14,4.11366e+11,1.99018e+11
2.67e-08,9.71953e+20,3.58988e+19,1.96029e+18,3.23097e+16,1.59367e+14,4.07666e+11,1.97228e+11
2.673e-08,9.54375e+20,3.55719e+19,1.94247e+18,3.20163e+16,1.5792e+14,4.03966e+11,1.95437e+11
2.676e-08,9.36798e+20,3.5245e+19,1.92466e+18,3.17229e+16,1.56473e+14,4.00266e+11,1.93647e+11
2.679e-08,9.1922e+20,3.49181e+19,1.90684e+18,3.14295e+16,1.55027e+14,3.96565e+11,1.91857e+11
2.682e-08,9.01644e+20,3.45912e+19,1.88902e+18,3.11362e+16,1.5358e+14,3.92865e+11,1.90067e+11
2.685e-08,8.84066e+20,3.42643e+19,1.8712e+18,3.08428e+16,1.52133e+14,3.89165e+11,1.88277e+11
2.688e-08,8.66489e+20,3.39374e+19,1.85338e+18,3.05494e+16,1.50687e+14,3.85464e+11,1.86487e+11
2.691e-08,8.48911e+20,3.36105e+19,1.83556e+18,3.0256e+16,1.4924e+14,3.81764e+11,1.84696e+11
2.694e-08,8.31335e+20,3.32836e+19,1.81774e+18,2.99627e+16,1.47793e+14,3.78064e+11,1.82906e+11
2.697e-08,8.13757e+20,3.29567e+19,1.79993e+18,2.96693e+16,1.46347e+14,3.74363e+11,1.81116e+11
2.7e-08,7.9618e+20,3.26298e+19,1.78211e+18,2.93759e+16,1.449e+14,3.70663e+11,1.79326e+11
2.703e-08,7.81771e+20,3.23033e+19,1.76429e+18,2.90823e+16,1.43452e+14,3.66959e+11,1.77534e+11
2.706e-08,7.67362e+20,3.19768e+19,1.74647e+18,2.87887e+16,1.42004e+14,3.63256e+11,1.75742e+11
2.709e-08,7.52953e+20,3.16503e+19,1.72865e+18,2.84951e+16,1.40556e+14,3.59552e+11,1.7395e+11
2.712e-08,7.38545e+20,3.13238e+19,1.71083e+18,2.82015e+16,1.39108e+14,3.55848e+11,1.72159e+11
2.715e-08,7.24135e+20,3.09973e+19,1.69301e+18,2.7908e+16,1.3766e+14,3.52144e+11,1.70367e+11
2.718e-08,7.09727e+20,3.06708e+19,1.67519e+18,2.76144e+16,1.36213e+14,3.48441e+11,1.68575e+11
2.721e-08,6.95318e+20,3.03443e+19,1.65737e+18,2.73208e+16,1.34765e+14,3.44737e+11,1.66783e+11
2.724e-08,6.80909e+20,3.00178e+19,1.63955e+18,2.70272e+16,1.33317e+14,3.41033e+11,1.64991e+11
2.727e-08,6.665e+20,2.96913e+19,1.62173e+18,2.67336e+16,1.31869e+14,3.37329e+11,1.63199e+11
2.73e-08,6.52092e+20,2.93648e+19,1.60391e+18,2.644e+16,1.30421e+14,3.33625e+11,1.61407e+11
2.733e-08,6.37682e+20,2.90382e+19,1.58609e+18,2.61464e+16,1.28973e+14,3.29921e+11,1.59615e+11
2.736e-08,6.23274e+20,2.87118e+19,1.56827e+18,2.58528e+16,1.27525e+14,3.26218e+11,1.57824e+11
2.739e-08,6.08865e+20,2.83852e+19,1.55045e+18,2.55592e+16,1.26077e+14,3.22514e+11,1.56032e+11
2.742e-08,5.94456e+20,2.80588e+19,1.53263e+18,2.52657e+16,1.24629e+14,3.1881e+11,1.5424e+11
2.745e-08,5.80047e+20,2.77322e+19,1.51481e+18,2.49721e+16,1.23181e+14,3.15106e+11,1.52448e+11
2.748e-08,5.65639e+20,2.74058e+19,1.49699e+18,2.46785e+16,1.21733e+14,3.11403e+11,1.50656e+11
2.751e-08,5.51229e+20,2.70792e+19,1.47917e+18,2.43849e+16,1.20285e+14,3.07699e+11,1.48864e+11
2.754e-08,5.36821e+20,2.67528e+19,1.46135e+18,2.40913e+16,1.18837e+14,3.03995e+11,1.47072e+11
2.757e-08,5.22412e+20,2.64262e+19,1.44353e+18,2.37977e+16,1.17389e+14,3.00291e+11,1.4528e+11
2.76e-08,5.08003e+20,2.60998e+19,1.42571e+18,2.35041e+16,1.15941e+14,2.96587e+11,1.43489e+11
2.763e-08,4.96773e+20,2.57734e+19,1.40789e+18,2.32104e+16,1.14492e+14,2.92881e+11,1.41696e+11
2.766e-08,4.85544e+20,2.54471e+19,1.39007e+18,2.29167e+16,1.13044e+14,2.89175e+11,1.39903e+11
2.769e-08,4.74314e+20,2.51208e+19,1.37224e+18,2.26229e+16,1.11595e+14,2.85469e+11,1.3811e+11
2.772e-08,4.63084e+20,2.47945e+19,1.35442e+18,2.23292e+16,1.10146e+14,2.81763e+11,1.36317e+11
2.775e-08,4.51854e+20,2.44682e+19,1.3366e+18,2.20355e+16,1.08697e+14,2.78057e+11,1.34524e+11
2.778e-08,4.40625e+20,2.41419e+19,1.31878e+18,2.17418e+16,1.07249e+14,2.74351e+11,1.32731e+11
2.781e-08,4.29395e+20,2.38156e+19,1.30096e+18,2.14481e+16,1.058e+14,2.70645e+11,1.30938e+11
2.784e-08,4.18165e+20,2.34893e+19,1.28314e+18,2.11543e+16,1.04351e+14,2.66939e+11,1.29145e+11
2.787e-08,4.06935e+20,2.31629e+19,1.26532e+18,2.08606e+16,1.02902e+14,2.63233e+11,1.27352e+11
2.79e-08,3.95706e+20,2.28366e+19,1.2475e+18,2.05669e+16,1.01453e+14,2.59527e+11,1.25559e+11
2.793e-08,3.84476e+20,2.25103e+19,1.22968e+18,2.02732e+16,1.00005e+14,2.55821e+11,1.23766e+11
2.796e-08,3.73247e+20,2.2184e+19,1.21186e+18,1.99794e+16,9.85558e+13,2.52115e+11,1.21973e+11
2.799e-08,3.62017e+20,2.18577e+19,1.19404e+18,1.96857e+16,9.7107e+13,2.48409e+11,1.2018e+11
2.802e-08,3.50787e+20,2.15314e+19,1.17622e+18,1.9392e+16,9.56582e+13,2.44703e+11,1.18387e+11
2.805e-08,3.39557e+20,2.12051e+19,1.15839e+18,1.90983e+16,9.42094e+13,2.40997e+11,1.16594e+11
2.808e-08,3.28328e+20,2.08788e+19,1.14057e+18,1.88045e+16,9.27606e+13,2.37291e+11,1.14801e+11
2.811e-08,3.17098e+20,2.05525e+19,1.12275e+18,1.85108e+16,9.13118e+13,2.33584e+11,1.13008e+11
2.814e-08,3.05869e+20,2.02262e+19,1.10493e+18,1.82171e+16,8.98631e+13,2.29878e+11,1.11215e+11
2.817e-08,2.94638e+20,1.98998e+19,1.08711e+18,1.79234e+16,8.84143e+13,2.26172e+11,1.09422e+11
2.82e-08,2.83409e+20,1.95735e+19,1.06929e+18,1.76296e+16,8.69655e+13,2.22466e+11,1.07629e+11
2.823e-08,2.7541e+20,1.92473e+19,1.05147e+18,1.73358e+16,8.55162e+13,2.18759e+11,1.05835e+11
2.826e-08,2.67412e+20,1.89211e+19,1.03365e+18,1.7042e+16,8.4067e+13,2.15052e+11,1.04042e+11
2.829e-08,2.59414e+20,1.85948e+19,1.01583e+18,1.67482e+16,8.26177e+13,2.11344e+11,1.02248e+11
2.832e-08,2.51416e+20,1.82686e+19,9.98005e+17,1.64544e+16,8.11685e+13,2.07637e+11,1.00455e+11
2.835e-08,2.43417e+20,1.79423e+19,9.80183e+17,1.61606e+16,7.97192e+13,2.0393e+11,9.8661e+10
2.838e-08,2.35419e+20,1.76161e+19,9.62362e+17,1.58668e+16,7.82699e+13,2.00222e+11,9.68674e+10
2.841e-08,2.27421e+20,1.72899e+19,9.4454e+17,1.5573e+16,7.68206e+13,1.96515e+11,9.50738e+10
2.844e-08,2.19423e+20,1.69636e+19,9.26719e+17,1.52792e+16,7.53714e+13,1.92808e+11,9.32802e+10
2.847e-08,2.11424e+20,1.66374e+19,9.08898e+17,1.49854e+16,7.39221e+13,1.891e+11,9.14866e+10
2.85e-08,2.03426e+20,1.63112e+19,8.91077e+17,1.46916e+16,7.24729e+13,1.85393e+11,8.9693e+10
2.853e-08,1.95428e+20,1.59849e+19,8.73255e+17,1.43978e+16,7.10236e+13,1.81686e+11,8.78994e+10
2.856e-08,1.8743e+20,1.56587e+19,8.55434e+17,1.4104e+16,6.95744e+13,1.77978e+11,8.61058e+10
2.859e-08,1.79431e+20,1.53324e+19,8.37612e+17,1.38102e+16,6.81251e+13,1.74271e+11,8.43122e+10
2.862e-08,1.71433e+20,1.50062e+19,8.19792e+17,1.35164e+16,6.66759e+13,1.70564e+11,8.25186e+10
2.865e-08,1.63435e+20,1.46799e+19,8.0197e+17,1.32226e+16,6.52266e+13,1.66856e+11,8.0725e+10
2.868e-08,1.55436e+20,1.43537e+19,7.84149e+17,1.29288e+16,6.37773e+13,1.63149e+11,7.89315e+10
2.871e-08,1.47438e+20,1.40275e+19,7.66327e+17,1.2635e+16,6.2328e+13,1.59442e+11,7.71378e+10
2.874e-08,1.3944e+20,1.37012e+19,7.48506e+17,1.23412e+16,6.08788e+13,1.55734e+11,7.53442e+10
2.877e-08,1.31441e+20,1.3375e+19,7.30684e+17,1.20474e+16,5.94295e+13,1.52027e+11,7.35506e+10
2.88e-08,1.23443e+20,1.30488e+19,7.12864e+17,1.17536e+16,5.79803e+13,1.4832e+11,7.17571e+10
2.883e-08,1.18537e+20,1.27225e+19,6.95042e+17,1.14598e+16,5.65308e+13,1.44612e+11,6.99631e+10
2.886e-08,1.13631e+20,1.23963e+19,6.77221e+17,1.1166e+16,5.50814e+13,1.40904e+11,6.81693e+10
2.889e-08,1.08725e+20,1.20701e+19,6.59398e+17,1.08721e+16,5.36318e+13,1.37196e+11,6.63753e+10
2.892e-08,1.03819e+20,1.17439e+19,6.41577e+17,1.05783e+16,5.21824e+13,1.33488e+11,6.45815e+10
2.895e-08,9.89123e+19,1.14177e+19,6.23755e+17,1.02844e+16,5.07329e+13,1.2978e+11,6.27876e+10
2.898e-08,9.40063e+19,1.10914e+19,6.05934e+17,9.99062e+15,4.92835e+13,1.26072e+11,6.09937e+10
2.901e-08,8.91001e+19,1.07652e+19,5.88112e+17,9.69678e+15,4.78339e+13,1.22364e+11,5.91998e+10
2.904e-08,8.41941e+19,1.0439e+19,5.70291e+17,9.40295e+15,4.63845e+13,1.18657e+11,5.7406e+10
2.907e-08,7.92878e+19,1.01128e+19,5.52469e+17,9.1091e+15,4.4935e+13,1.14949e+11,5.5612e+10
2.91e-08,7.43818e+19,9.78656e+18,5.34648e+17,8.81528e+15,4.34856e+13,1.11241e+11,5.38182e+10
2.913e-08,6.94755e+19,9.46034e+18,5.16826e+17,8.52143e+15,4.2036e+13,1.07533e+11,5.20243e+10
2.916e-08,6.45695e+19,9.13412e+18,4.99005e+17,8.22761e+15,4.05866e+13,1.03825e+11,5.02304e+10
2.919e-08,5.96632e+19,8.8079e+18,4.81183e+17,7.93376e+15,3.91371e+13,1.00117e+11,4.84365e+10
2.922e-08,5.47572e+19,8.48169e+18,4.63362e+17,7.63994e+15,3.76877e+13,9.64091e+10,4.66427e+10
2.925e-08,4.9851e+19,8.15546e+18,4.4554e+17,7.34609e+15,3.62381e+13,9.27011e+10,4.48487e+10
2.928e-08,4.4945e+19,7.82925e+18,4.27719e+17,7.05226e+15,3.47887e+13,8.89933e+10,4.30549e+10
2.931e-08,4.00387e+19,7.50302e+18,4.09897e+17,6.75842e+15,3.33392e+13,8.52853e+10,4.1261e+10
2.934e-08,3.51327e+19,7.17681e+18,3.92076e+17,6.46459e+15,3.18898e+13,8.15775e+10,3.94671e+10
2.937e-08,3.02264e+19,6.85058e+18,3.74254e+17,6.17075e+15,3.04402e+13,7.78694e+10,3.76732e+10
2.94e-08,2.53204e+19,6.52437e+18,3.56433e+17,5.87692e+15,2.89908e+13,7.41617e+10,3.58794e+10
2.943e-08,2.40541e+19,6.19814e+18,3.38611e+17,5.58307e+15,2.75412e+13,7.04535e+10,3.40854e+10
2.946e-08,2.27882e+19,5.87193e+18,3.2079e+17,5.28923e+15,2.60917e+13,6.67455e+10,3.22914e+10
2.949e-08,2.15221e+19,5.5457e+18,3.02967e+17,4.99538e+15,2.46421e+13,6.30373e+10,3.04974e+10
2.952e-08,2.02562e+19,5.21949e+18,2.85146e+17,4.70154e+15,2.31926e+13,5.93293e+10,2.87035e+10
2.955e-08,1.89901e+19,4.89326e+18,2.67324e+17,4.40768e+15,2.17431e+13,5.56211e+10,2.69095e+10
2.958e-08,1.77241e+19,4.56706e+18,2.49503e+17,4.11385e+15,2.02936e+13,5.19132e+10,2.51156e+10
2.961e-08,1.64581e+19,4.24083e+18,2.31681e+17,3.81999e+15,1.8844e+13,4.8205e+10,2.33215e+10
2.964e-08,1.51921e+19,3.91462e+18,2.1386e+17,3.52615e+15,1.73945e+13,4.4497e+10,2.15276e+10
2.967e-08,1.39261e+19,3.58839e+18,1.96038e+17,3.2323e+15,1.59449e+13,4.07888e+10,1.97336e+10
2.97e-08,1.26601e+19,3.26218e+18,1.78216e+17,2.93846e+15,1.44954e+13,3.70808e+10,1.79397e+10
2.973e-08,1.1394e+19,2.93596e+18,1.60394e+17,2.64461e+15,1.30458e+13,3.33726e+10,1.61457e+10
2.976e-08,1.01281e+19,2.60975e+18,1.42573e+17,2.35077e+15,1.15963e+13,2.96647e+10,1.43518e+10
2.979e-08,8.86203e+18,2.28352e+18,1.24751e+17,2.05691e+15,1.01467e+13,2.59565e+10,1.25577e+10
2.982e-08,7.59598e+18,1.95729e+18,1.06929e+17,1.76306e+15,8.69715e+12,2.22483e+10,1.07637e+10
2.985e-08,6.33001e+18,1.63108e+18,8.91077e+16,1.46922e+15,7.24766e+12,1.85403e+10,8.96979e+09
2.988e-08,5.06404e+18,1.30487e+18,7.12866e+16,1.17538e+15,5.79816e+12,1.48323e+10,7.17588e+09
2.991e-08,3.79807e+18,9.78665e+17,5.34655e+16,8.81547e+14,4.34866e+12,1.11244e+10,5.38196e+09
2.994e-08,2.53194e+18,6.52417e+17,3.56422e+16,5.87675e+14,2.89899e+12,7.41595e+09,3.58783e+09
2.997e-08,1.26597e+18,3.26209e+17,1.78211e+16,2.93837e+14,1.4495e+12,3.70797e+09,1.79392e+09
3e-08,0,0,0,0,0,0,0
