"arc_length","4","5","cb","2","3","6","1"
0,0,0,0,0,0,0,0
3e-11,1.81511e+10,6.66843e+07,1.28823e+11,5.32897e+15,9.64744e+12,3.8042e+06,2.29467e+19
6e-11,3.63022e+10,1.33369e+08,2.57647e+11,1.06579e+16,1.92949e+13,7.60841e+06,4.58934e+19
9e-11,5.44533e+10,2.00053e+08,3.8647e+11,1.59869e+16,2.89423e+13,1.14126e+07,6.884e+19
1.2e-10,7.26045e+10,2.66737e+08,5.15294e+11,2.13159e+16,3.85898e+13,1.52168e+07,9.17867e+19
1.5e-10,9.07556e+10,3.33421e+08,6.44117e+11,2.66448e+16,4.82372e+13,1.9021e+07,1.14733e+20
1.8e-10,1.08907e+11,4.00106e+08,7.72941e+11,3.19738e+16,5.78846e+13,2.28252e+07,1.3768e+20
2.1e-10,1.27058e+11,4.6679e+08,9.01764e+11,3.73028e+16,6.75321e+13,2.66294e+07,1.60627e+20
2.4e-10,1.45209e+11,5.33474e+08,1.03059e+12,4.26317e+16,7.71795e+13,3.04336e+07,1.83573e+20
2.7e-10,1.6336e+11,6.00158e+08,1.15941e+12,4.79607e+16,8.6827e+13,3.42378e+07,2.0652e+20
3e-10,1.81511e+11,6.66843e+08,1.28823e+12,5.32897e+16,9.64744e+13,3.8042e+07,2.29467e+20
3.3e-10,1.99662e+11,7.33527e+08,1.41706e+12,5.86186e+16,1.06122e+14,4.18462e+07,2.52413e+20
3.6e-10,2.17813e+11,8.00211e+08,1.54588e+12,6.39476e+16,1.15769e+14,4.56504e+07,2.7536e+20
3.9e-10,2.35964e+11,8.66895e+08,1.67471e+12,6.92766e+16,1.25417e+14,4.94546e+07,2.98307e+20
4.2e-10,2.54116e+11,9.3358e+08,1.80353e+12,7.46055e+16,1.35064e+14,5.32588e+07,3.21254e+20
4.5e-10,2.72267e+11,1.00026e+09,1.93235e+12,7.99345e+16,1.44712e+14,5.70631e+07,3.442e+20
4.8e-10,2.90418e+11,1.06695e+09,2.06118e+12,8.52635e+16,1.54359e+14,6.08673e+07,3.67147e+20
5.1e-10,3.08569e+11,1.13363e+09,2.19e+12,9.05924e+16,1.64007e+14,6.46715e+07,3.90094e+20
5.4e-10,3.2672e+11,1.20032e+09,2.31882e+12,9.59214e+16,1.73654e+14,6.84757e+07,4.1304e+20
5.7e-10,3.44871e+11,1.267e+09,2.44765e+12,1.0125e+17,1.83301e+14,7.22799e+07,4.35987e+20
6e-10,3.63022e+11,1.33369e+09,2.57647e+12,1.06579e+17,1.92949e+14,7.60841e+07,4.58934e+20
6.3e-10,3.81119e+11,1.40018e+09,3.01366e+12,1.11838e+17,2.02556e+14,7.98779e+07,4.77491e+20
6.6e-10,3.99217e+11,1.46668e+09,3.45085e+12,1.17096e+17,2.12164e+14,8.36717e+07,4.96048e+20
6.9e-10,4.17314e+11,1.53318e+09,3.88804e+12,1.22354e+17,2.21771e+14,8.74655e+07,5.14605e+20
7.2e-10,4.35411e+11,1.59968e+09,4.32522e+12,1.27612e+17,2.31379e+14,9.12593e+07,5.33163e+20
7.5e-10,4.53508e+11,1.66618e+09,4.76241e+12,1.3287e+17,2.40986e+14,9.50531e+07,5.5172e+20
7.8e-10,4.71606e+11,1.73268e+09,5.1996e+12,1.38128e+17,2.50594e+14,9.88469e+07,5.70277e+20
8.1e-10,4.89703e+11,1.79918e+09,5.63679e+12,1.43387e+17,2.60201e+14,1.02641e+08,5.88834e+20
8.4e-10,5.078e+11,1.86568e+09,6.07398e+12,1.48645e+17,2.69809e+14,1.06435e+08,6.07391e+20
8.7e-10,5.25897e+11,1.93218e+09,6.51117e+12,1.53903e+17,2.79416e+14,1.10228e+08,6.25949e+20
9e-10,5.43994e+11,1.99868e+09,6.94836e+12,1.59161e+17,2.89024e+14,1.14022e+08,6.44506e+20
9.3e-10,5.62092e+11,2.06518e+09,7.38555e+12,1.64419e+17,2.98631e+14,1.17816e+08,6.63063e+20
9.6e-10,5.80189e+11,2.13168e+09,7.82274e+12,1.69678e+17,3.08238e+14,1.2161e+08,6.8162e+20
9.9e-10,5.98286e+11,2.19818e+09,8.25992e+12,1.74936e+17,3.17846e+14,1.25404e+08,7.00178e+20
1.02e-09,6.16383e+11,2.26468e+09,8.69711e+12,1.80194e+17,3.27453e+14,1.29197e+08,7.18735e+20
1.05e-09,6.3448e+11,2.33118e+09,9.1343e+12,1.85452e+17,3.37061e+14,1.32991e+08,7.37292e+20
1.08e-09,6.52578e+11,2.39768e+09,9.57149e+12,1.9071e+17,3.46668e+14,1.36785e+08,7.55849e+20
1.11e-09,6.70675e+11,2.46418e+09,1.00087e+13,1.95969e+17,3.56276e+14,1.40579e+08,7.74407e+20
1.14e-09,6.88772e+11,2.53068e+09,1.04459e+13,2.01227e+17,3.65883e+14,1.44373e+08,7.92964e+20
1.17e-09,7.06869e+11,2.59718e+09,1.08831e+13,2.06485e+17,3.75491e+14,1.48166e+08,8.11521e+20
1.2e-09,7.24966e+11,2.66368e+09,1.13202e+13,2.11743e+17,3.85098e+14,1.5196e+08,8.30078e+20
1.23e-09,7.42886e+11,2.72957e+09,1.18755e+13,2.16766e+17,3.94575e+14,1.5572e+08,8.4258e+20
1.26e-09,7.60805e+11,2.79546e+09,1.24307e+13,2.21789e+17,4.04051e+14,1.59479e+08,8.55083e+20
1.29e-09,7.78724e+11,2.86135e+09,1.29859e+13,2.26811e+17,4.13527e+14,1.63239e+08,8.67585e+20
1.32e-09,7.96643e+11,2.92724e+09,1.35411e+13,2.31834e+17,4.23004e+14,1.66999e+08,8.80087e+20
1.35e-09,8.14562e+11,2.99314e+09,1.40963e+13,2.36857e+17,4.3248e+14,1.70758e+08,8.92589e+20
1.38e-09,8.32481e+11,3.05903e+09,1.46515e+13,2.4188e+17,4.41956e+14,1.74518e+08,9.05092e+20
1.41e-09,8.50401e+11,3.12492e+09,1.52067e+13,2.46903e+17,4.51432e+14,1.78278e+08,9.17594e+20
1.44e-09,8.6832e+11,3.19081e+09,1.57619e+13,2.51925e+17,4.60909e+14,1.82037e+08,9.30096e+20
1.47e-09,8.86239e+11,3.2567e+09,1.63172e+13,2.56948e+17,4.70385e+14,1.85797e+08,9.42598e+20
1.5e-09,9.04158e+11,3.32259e+09,1.68724e+13,2.61971e+17,4.79861e+14,1.89556e+08,9.55101e+20
1.53e-09,9.22077e+11,3.38848e+09,1.74276e+13,2.66994e+17,4.89338e+14,1.93316e+08,9.67603e+20
1.56e-09,9.39996e+11,3.45437e+09,1.79828e+13,2.72017e+17,4.98814e+14,1.97076e+08,9.80105e+20
1.59e-09,9.57916e+11,3.52026e+09,1.8538e+13,2.77039e+17,5.0829e+14,2.00835e+08,9.92607e+20
1.62e-09,9.75835e+11,3.58616e+09,1.90932e+13,2.82062e+17,5.17767e+14,2.04595e+08,1.00511e+21
1.65e-09,9.93754e+11,3.65205e+09,1.96484e+13,2.87085e+17,5.27243e+14,2.08355e+08,1.01761e+21
1.68e-09,1.01167e+12,3.71794e+09,2.02036e+13,2.92108e+17,5.36719e+14,2.12114e+08,1.03011e+21
1.71e-09,1.02959e+12,3.78383e+09,2.07589e+13,2.97131e+17,5.46196e+14,2.15874e+08,1.04262e+21
1.74e-09,1.04751e+12,3.84972e+09,2.13141e+13,3.02153e+17,5.55672e+14,2.19633e+08,1.05512e+21
1.77e-09,1.06543e+12,3.91561e+09,2.18693e+13,3.07176e+17,5.65148e+14,2.23393e+08,1.06762e+21
1.8e-09,1.08335e+12,3.9815e+09,2.24245e+13,3.12199e+17,5.74625e+14,2.27153e+08,1.08012e+21
1.83e-09,1.10093e+12,4.04622e+09,2.2979e+13,3.16816e+17,5.83852e+14,2.30847e+08,1.08657e+21
1.86e-09,1.1185e+12,4.11094e+09,2.35335e+13,3.21433e+17,5.93079e+14,2.34541e+08,1.09302e+21
1.89e-09,1.13608e+12,4.17566e+09,2.4088e+13,3.26049e+17,6.02307e+14,2.38235e+08,1.09947e+21
1.92e-09,1.15366e+12,4.24038e+09,2.46425e+13,3.30666e+17,6.11534e+14,2.41929e+08,1.10591e+21
1.95e-09,1.17123e+12,4.3051e+09,2.5197e+13,3.35283e+17,6.20762e+14,2.45623e+08,1.11236e+21
1.98e-09,1.18881e+12,4.36982e+09,2.57515e+13,3.399e+17,6.29989e+14,2.49317e+08,1.11881e+21
2.01e-09,1.20639e+12,4.43454e+09,2.6306e+13,3.44516e+17,6.39217e+14,2.53011e+08,1.12526e+21
2.04e-09,1.22397e+12,4.49926e+09,2.68605e+13,3.49133e+17,6.48444e+14,2.56704e+08,1.1317e+21
2.07e-09,1.24154e+12,4.56398e+09,2.7415e+13,3.5375e+17,6.57671e+14,2.60398e+08,1.13815e+21
2.1e-09,1.25912e+12,4.6287e+09,2.79695e+13,3.58367e+17,6.66899e+14,2.64092e+08,1.1446e+21
2.13e-09,1.2767e+12,4.69342e+09,2.85241e+13,3.62984e+17,6.76126e+14,2.67786e+08,1.15105e+21
2.16e-09,1.29427e+12,4.75814e+09,2.90786e+13,3.676e+17,6.85354e+14,2.7148e+08,1.15749e+21
2.19e-09,1.31185e+12,4.82286e+09,2.96331e+13,3.72217e+17,6.94581e+14,2.75174e+08,1.16394e+21
2.22e-09,1.32943e+12,4.88758e+09,3.01876e+13,3.76834e+17,7.03809e+14,2.78868e+08,1.17039e+21
2.25e-09,1.347e+12,4.9523e+09,3.07421e+13,3.81451e+17,7.13036e+14,2.82562e+08,1.17684e+21
2.28e-09,1.36458e+12,5.01702e+09,3.12966e+13,3.86068e+17,7.22263e+14,2.86256e+08,1.18328e+21
2.31e-09,1.38216e+12,5.08174e+09,3.18511e+13,3.90684e+17,7.31491e+14,2.8995e+08,1.18973e+21
2.34e-09,1.39974e+12,5.14646e+09,3.24056e+13,3.95301e+17,7.40718e+14,2.93644e+08,1.19618e+21
2.37e-09,1.41731e+12,5.21118e+09,3.29601e+13,3.99918e+17,7.49946e+14,2.97338e+08,1.20262e+21
2.4e-09,1.43489e+12,5.2759e+09,3.35146e+13,4.04535e+17,7.59173e+14,3.01032e+08,1.20907e+21
2.43e-09,1.45196e+12,5.33889e+09,3.39904e+13,4.08641e+17,7.68039e+14,3.04629e+08,1.21113e+21
2.46e-09,1.46903e+12,5.40187e+09,3.44663e+13,4.12747e+17,7.76905e+14,3.08225e+08,1.21319e+21
2.49e-09,1.4861e+12,5.46485e+09,3.49421e+13,4.16853e+17,7.8577e+14,3.11822e+08,1.21525e+21
2.52e-09,1.50317e+12,5.52783e+09,3.54179e+13,4.20959e+17,7.94636e+14,3.15418e+08,1.21731e+21
2.55e-09,1.52024e+12,5.59081e+09,3.58938e+13,4.25064e+17,8.03502e+14,3.19014e+08,1.21937e+21
2.58e-09,1.53731e+12,5.65379e+09,3.63696e+13,4.2917e+17,8.12367e+14,3.22611e+08,1.22142e+21
2.61e-09,1.55438e+12,5.71677e+09,3.68454e+13,4.33276e+17,8.21233e+14,3.26207e+08,1.22348e+21
2.64e-09,1.57145e+12,5.77975e+09,3.73213e+13,4.37382e+17,8.30099e+14,3.29804e+08,1.22554e+21
2.67e-09,1.58852e+12,5.84274e+09,3.77971e+13,4.41488e+17,8.38964e+14,3.334e+08,1.2276e+21
2.7e-09,1.60559e+12,5.90572e+09,3.82729e+13,4.45594e+17,8.4783e+14,3.36997e+08,1.22966e+21
2.73e-09,1.62266e+12,5.9687e+09,3.87487e+13,4.497e+17,8.56696e+14,3.40593e+08,1.23172e+21
2.76e-09,1.63973e+12,6.03168e+09,3.92246e+13,4.53806e+17,8.65562e+14,3.4419e+08,1.23378e+21
2.79e-09,1.6568e+12,6.09466e+09,3.97004e+13,4.57912e+17,8.74427e+14,3.47786e+08,1.23583e+21
2.82e-09,1.67387e+12,6.15764e+09,4.01762e+13,4.62018e+17,8.83293e+14,3.51382e+08,1.23789e+21
2.85e-09,1.69094e+12,6.22062e+09,4.06521e+13,4.66124e+17,8.92159e+14,3.54979e+08,1.23995e+21
2.88e-09,1.70801e+12,6.2836e+09,4.11279e+13,4.7023e+17,9.01024e+14,3.58575e+08,1.24201e+21
2.91e-09,1.72508e+12,6.34658e+09,4.16037e+13,4.74336e+17,9.0989e+14,3.62172e+08,1.24407e+21
2.94e-09,1.74215e+12,6.40957e+09,4.20796e+13,4.78442e+17,9.18756e+14,3.65768e+08,1.24613e+21
2.97e-09,1.75922e+12,6.47255e+09,4.25554e+13,4.82548e+17,9.27621e+14,3.69365e+08,1.24819e+21
3e-09,1.77629e+12,6.53553e+09,4.30312e+13,4.86654e+17,9.36487e+14,3.72961e+08,1.25024e+21
3.03e-09,1.79271e+12,6.59627e+09,4.34233e+13,4.90219e+17,9.44901e+14,3.76432e+08,1.25e+21
3.06e-09,1.80913e+12,6.65702e+09,4.38153e+13,4.93785e+17,9.53315e+14,3.79903e+08,1.24975e+21
3.09e-09,1.82555e+12,6.71777e+09,4.42074e+13,4.9735e+17,9.61728e+14,3.83374e+08,1.2495e+21
3.12e-09,1.84197e+12,6.77851e+09,4.45994e+13,5.00915e+17,9.70142e+14,3.86845e+08,1.24925e+21
3.15e-09,1.85839e+12,6.83926e+09,4.49915e+13,5.04481e+17,9.78556e+14,3.90316e+08,1.249e+21
3.18e-09,1.87481e+12,6.9e+09,4.53835e+13,5.08046e+17,9.86969e+14,3.93788e+08,1.24875e+21
3.21e-09,1.89123e+12,6.96075e+09,4.57756e+13,5.11612e+17,9.95383e+14,3.97259e+08,1.24851e+21
3.24e-09,1.90766e+12,7.02149e+09,4.61676e+13,5.15177e+17,1.0038e+15,4.0073e+08,1.24826e+21
3.27e-09,1.92408e+12,7.08224e+09,4.65597e+13,5.18742e+17,1.01221e+15,4.04201e+08,1.24801e+21
3.3e-09,1.9405e+12,7.14299e+09,4.69517e+13,5.22308e+17,1.02062e+15,4.07672e+08,1.24776e+21
3.33e-09,1.95692e+12,7.20373e+09,4.73438e+13,5.25873e+17,1.02904e+15,4.11143e+08,1.24751e+21
3.36e-09,1.97334e+12,7.26448e+09,4.77359e+13,5.29439e+17,1.03745e+15,4.14614e+08,1.24726e+21
3.39e-09,1.98976e+12,7.32522e+09,4.81279e+13,5.33004e+17,1.04587e+15,4.18085e+08,1.24701e+21
3.42e-09,2.00618e+12,7.38597e+09,4.852e+13,5.36569e+17,1.05428e+15,4.21556e+08,1.24677e+21
3.45e-09,2.0226e+12,7.44672e+09,4.8912e+13,5.40135e+17,1.06269e+15,4.25027e+08,1.24652e+21
3.48e-09,2.03902e+12,7.50746e+09,4.93041e+13,5.437e+17,1.07111e+15,4.28498e+08,1.24627e+21
3.51e-09,2.05544e+12,7.56821e+09,4.96961e+13,5.47266e+17,1.07952e+15,4.31969e+08,1.24602e+21
3.54e-09,2.07186e+12,7.62895e+09,5.00882e+13,5.50831e+17,1.08793e+15,4.3544e+08,1.24577e+21
3.57e-09,2.08828e+12,7.6897e+09,5.04802e+13,5.54396e+17,1.09635e+15,4.38911e+08,1.24552e+21
3.6e-09,2.1047e+12,7.75044e+09,5.08723e+13,5.57962e+17,1.10476e+15,4.42382e+08,1.24528e+21
3.63e-09,2.12036e+12,7.80854e+09,5.12016e+13,5.61004e+17,1.11266e+15,4.45705e+08,1.24415e+21
3.66e-09,2.13601e+12,7.86664e+09,5.1531e+13,5.64046e+17,1.12055e+15,4.49027e+08,1.24302e+21
3.69e-09,2.15167e+12,7.92474e+09,5.18603e+13,5.67088e+17,1.12845e+15,4.5235e+08,1.24189e+21
3.72e-09,2.16732e+12,7.98284e+09,5.21897e+13,5.7013e+17,1.13634e+15,4.55672e+08,1.24076e+21
3.75e-09,2.18298e+12,8.04094e+09,5.2519e+13,5.73173e+17,1.14424e+15,4.58995e+08,1.23964e+21
3.78e-09,2.19863e+12,8.09904e+09,5.28484e+13,5.76215e+17,1.15214e+15,4.62317e+08,1.23851e+21
3.81e-09,2.21429e+12,8.15714e+09,5.31777e+13,5.79257e+17,1.16003e+15,4.6564e+08,1.23738e+21
3.84e-09,2.22995e+12,8.21524e+09,5.35071e+13,5.82299e+17,1.16793e+15,4.68962e+08,1.23625e+21
3.87e-09,2.2456e+12,8.27334e+09,5.38364e+13,5.85341e+17,1.17582e+15,4.72285e+08,1.23512e+21
3.9e-09,2.26126e+12,8.33144e+09,5.41658e+13,5.88384e+17,1.18372e+15,4.75607e+08,1.234e+21
3.93e-09,2.27691e+12,8.38954e+09,5.44951e+13,5.91426e+17,1.19162e+15,4.7893e+08,1.23287e+21
3.96e-09,2.29257e+12,8.44764e+09,5.48245e+13,5.94468e+17,1.19951e+15,4.82252e+08,1.23174e+21
3.99e-09,2.30822e+12,8.50574e+09,5.51538e+13,5.9751e+17,1.20741e+15,4.85575e+08,1.23061e+21
4.02e-09,2.32388e+12,8.56384e+09,5.54832e+13,6.00552e+17,1.2153e+15,4.88897e+08,1.22949e+21
4.05e-09,2.33953e+12,8.62194e+09,5.58125e+13,6.03594e+17,1.2232e+15,4.92219e+08,1.22836e+21
4.08e-09,2.35519e+12,8.68004e+09,5.61419e+13,6.06637e+17,1.2311e+15,4.95542e+08,1.22723e+21
4.11e-09,2.37084e+12,8.73814e+09,5.64712e+13,6.09679e+17,1.23899e+15,4.98864e+08,1.2261e+21
4.14e-09,2.3865e+12,8.79624e+09,5.68006e+13,6.12721e+17,1.24689e+15,5.02187e+08,1.22497e+21
4.17e-09,2.40215e+12,8.85434e+09,5.71299e+13,6.15763e+17,1.25478e+15,5.05509e+08,1.22385e+21
4.2e-09,2.41781e+12,8.91244e+09,5.74593e+13,6.18805e+17,1.26268e+15,5.08832e+08,1.22272e+21
4.23e-09,2.4326e+12,8.96755e+09,5.7743e+13,6.2136e+17,1.27001e+15,5.11986e+08,1.22135e+21
4.26e-09,2.4474e+12,9.02266e+09,5.80267e+13,6.23915e+17,1.27734e+15,5.15141e+08,1.21998e+21
4.29e-09,2.46219e+12,9.07778e+09,5.83104e+13,6.2647e+17,1.28467e+15,5.18295e+08,1.2186e+21
4.32e-09,2.47699e+12,9.13289e+09,5.85941e+13,6.29025e+17,1.292e+15,5.2145e+08,1.21723e+21
4.35e-09,2.49178e+12,9.188e+09,5.88778e+13,6.3158e+17,1.29934e+15,5.24604e+08,1.21586e+21
4.38e-09,2.50658e+12,9.24311e+09,5.91615e+13,6.34135e+17,1.30667e+15,5.27759e+08,1.21449e+21
4.41e-09,2.52138e+12,9.29822e+09,5.94452e+13,6.3669e+17,1.314e+15,5.30913e+08,1.21312e+21
4.44e-09,2.53617e+12,9.35333e+09,5.97289e+13,6.39245e+17,1.32133e+15,5.34068e+08,1.21175e+21
4.47e-09,2.55097e+12,9.40844e+09,6.00126e+13,6.41799e+17,1.32866e+15,5.37222e+08,1.21038e+21
4.5e-09,2.56576e+12,9.46355e+09,6.02963e+13,6.44354e+17,1.33599e+15,5.40377e+08,1.20901e+21
4.53e-09,2.58056e+12,9.51867e+09,6.05801e+13,6.46909e+17,1.34332e+15,5.43531e+08,1.20764e+21
4.56e-09,2.59535e+12,9.57378e+09,6.08638e+13,6.49464e+17,1.35066e+15,5.46686e+08,1.20627e+21
4.59e-09,2.61015e+12,9.62889e+09,6.11475e+13,6.52019e+17,1.35799e+15,5.4984e+08,1.2049e+21
4.62e-09,2.62494e+12,9.684e+09,6.14312e+13,6.54574e+17,1.36532e+15,5.52995e+08,1.20353e+21
4.65e-09,2.63974e+12,9.73911e+09,6.17149e+13,6.57129e+17,1.37265e+15,5.56149e+08,1.20215e+21
4.68e-09,2.65453e+12,9.79422e+09,6.19986e+13,6.59684e+17,1.37998e+15,5.59304e+08,1.20078e+21
4.71e-09,2.66933e+12,9.84933e+09,6.22823e+13,6.62239e+17,1.38731e+15,5.62458e+08,1.19941e+21
4.74e-09,2.68412e+12,9.90444e+09,6.2566e+13,6.64794e+17,1.39464e+15,5.65613e+08,1.19804e+21
4.77e-09,2.69892e+12,9.95956e+09,6.28497e+13,6.67348e+17,1.40197e+15,5.68767e+08,1.19667e+21
4.8e-09,2.71371e+12,1.00147e+10,6.31334e+13,6.69903e+17,1.40931e+15,5.71922e+08,1.1953e+21
4.83e-09,2.72757e+12,1.00665e+10,6.33784e+13,6.72011e+17,1.41604e+15,5.74892e+08,1.19388e+21
4.86e-09,2.74143e+12,1.01183e+10,6.36233e+13,6.74118e+17,1.42277e+15,5.77862e+08,1.19246e+21
4.89e-09,2.75529e+12,1.01702e+10,6.38682e+13,6.76226e+17,1.42951e+15,5.80831e+08,1.19104e+21
4.92e-09,2.76914e+12,1.0222e+10,6.41132e+13,6.78333e+17,1.43624e+15,5.83801e+08,1.18962e+21
4.95e-09,2.783e+12,1.02738e+10,6.43581e+13,6.8044e+17,1.44298e+15,5.86771e+08,1.18821e+21
4.98e-09,2.79686e+12,1.03257e+10,6.4603e+13,6.82548e+17,1.44971e+15,5.89741e+08,1.18679e+21
5.01e-09,2.81071e+12,1.03775e+10,6.4848e+13,6.84655e+17,1.45644e+15,5.92711e+08,1.18537e+21
5.04e-09,2.82457e+12,1.04293e+10,6.50929e+13,6.86762e+17,1.46318e+15,5.95681e+08,1.18395e+21
5.07e-09,2.83843e+12,1.04812e+10,6.53378e+13,6.8887e+17,1.46991e+15,5.98651e+08,1.18253e+21
5.1e-09,2.85228e+12,1.0533e+10,6.55828e+13,6.90977e+17,1.47665e+15,6.01621e+08,1.18111e+21
5.13e-09,2.86614e+12,1.05848e+10,6.58277e+13,6.93085e+17,1.48338e+15,6.04591e+08,1.17969e+21
5.16e-09,2.88e+12,1.06366e+10,6.60726e+13,6.95192e+17,1.49011e+15,6.07561e+08,1.17827e+21
5.19e-09,2.89385e+12,1.06885e+10,6.63176e+13,6.97299e+17,1.49685e+15,6.10531e+08,1.17685e+21
5.22e-09,2.90771e+12,1.07403e+10,6.65625e+13,6.99407e+17,1.50358e+15,6.13501e+08,1.17543e+21
5.25e-09,2.92157e+12,1.07921e+10,6.68075e+13,7.01514e+17,1.51032e+15,6.1647e+08,1.17402e+21
5.28e-09,2.93542e+12,1.0844e+10,6.70524e+13,7.03622e+17,1.51705e+15,6.1944e+08,1.1726e+21
5.31e-09,2.94928e+12,1.08958e+10,6.72973e+13,7.05729e+17,1.52378e+15,6.2241e+08,1.17118e+21
5.34e-09,2.96314e+12,1.09476e+10,6.75423e+13,7.07836e+17,1.53052e+15,6.2538e+08,1.16976e+21
5.37e-09,2.977e+12,1.09995e+10,6.77872e+13,7.09944e+17,1.53725e+15,6.2835e+08,1.16834e+21
5.4e-09,2.99085e+12,1.10513e+10,6.80321e+13,7.12051e+17,1.54399e+15,6.3132e+08,1.16692e+21
5.43e-09,3.00371e+12,1.10996e+10,6.82402e+13,7.13749e+17,1.5501e+15,6.34091e+08,1.16549e+21
5.46e-09,3.01656e+12,1.11479e+10,6.84482e+13,7.15448e+17,1.55621e+15,6.36862e+08,1.16407e+21
5.49e-09,3.02941e+12,1.11962e+10,6.86563e+13,7.17146e+17,1.56233e+15,6.39633e+08,1.16264e+21
5.52e-09,3.04227e+12,1.12445e+10,6.88643e+13,7.18844e+17,1.56844e+15,6.42404e+08,1.16122e+21
5.55e-09,3.05512e+12,1.12928e+10,6.90723e+13,7.20543e+17,1.57456e+15,6.45176e+08,1.15979e+21
5.58e-09,3.06797e+12,1.13411e+10,6.92804e+13,7.22241e+17,1.58067e+15,6.47947e+08,1.15837e+21
5.61e-09,3.08083e+12,1.13894e+10,6.94884e+13,7.23939e+17,1.58679e+15,6.50718e+08,1.15694e+21
5.64e-09,3.09368e+12,1.14377e+10,6.96965e+13,7.25638e+17,1.5929e+15,6.53489e+08,1.15552e+21
5.67e-09,3.10653e+12,1.1486e+10,6.99045e+13,7.27336e+17,1.59902e+15,6.5626e+08,1.15409e+21
5.7e-09,3.11939e+12,1.15343e+10,7.01126e+13,7.29034e+17,1.60513e+15,6.59031e+08,1.15266e+21
5.73e-09,3.13224e+12,1.15826e+10,7.03206e+13,7.30733e+17,1.61125e+15,6.61802e+08,1.15124e+21
5.76e-09,3.14509e+12,1.16309e+10,7.05286e+13,7.32431e+17,1.61736e+15,6.64573e+08,1.14981e+21
5.79e-09,3.15795e+12,1.16792e+10,7.07367e+13,7.34129e+17,1.62347e+15,6.67344e+08,1.14839e+21
5.82e-09,3.1708e+12,1.17276e+10,7.09447e+13,7.35828e+17,1.62959e+15,6.70115e+08,1.14696e+21
5.85e-09,3.18366e+12,1.17759e+10,7.11528e+13,7.37526e+17,1.6357e+15,6.72886e+08,1.14554e+21
5.88e-09,3.19651e+12,1.18242e+10,7.13608e+13,7.39224e+17,1.64182e+15,6.75658e+08,1.14411e+21
5.91e-09,3.20936e+12,1.18725e+10,7.15689e+13,7.40923e+17,1.64793e+15,6.78429e+08,1.14268e+21
5.94e-09,3.22222e+12,1.19208e+10,7.17769e+13,7.42621e+17,1.65405e+15,6.812e+08,1.14126e+21
5.97e-09,3.23507e+12,1.19691e+10,7.19849e+13,7.4432e+17,1.66016e+15,6.83971e+08,1.13983e+21
6e-09,3.24792e+12,1.20174e+10,7.2193e+13,7.46018e+17,1.66628e+15,6.86742e+08,1.13841e+21
6.03e-09,3.25972e+12,1.20619e+10,7.23648e+13,7.47343e+17,1.67176e+15,6.89302e+08,1.13698e+21
6.06e-09,3.27152e+12,1.21065e+10,7.25366e+13,7.48669e+17,1.67724e+15,6.91862e+08,1.13556e+21
6.09e-09,3.28332e+12,1.21511e+10,7.27085e+13,7.49994e+17,1.68272e+15,6.94423e+08,1.13413e+21
6.12e-09,3.29511e+12,1.21956e+10,7.28803e+13,7.51319e+17,1.68821e+15,6.96983e+08,1.1327e+21
6.15e-09,3.30691e+12,1.22402e+10,7.30521e+13,7.52645e+17,1.69369e+15,6.99543e+08,1.13128e+21
6.18e-09,3.31871e+12,1.22848e+10,7.32239e+13,7.5397e+17,1.69917e+15,7.02103e+08,1.12985e+21
6.21e-09,3.33051e+12,1.23293e+10,7.33958e+13,7.55295e+17,1.70465e+15,7.04663e+08,1.12843e+21
6.24e-09,3.34231e+12,1.23739e+10,7.35676e+13,7.56621e+17,1.71013e+15,7.07224e+08,1.127e+21
6.27e-09,3.3541e+12,1.24185e+10,7.37394e+13,7.57946e+17,1.71562e+15,7.09784e+08,1.12558e+21
6.3e-09,3.3659e+12,1.2463e+10,7.39113e+13,7.59271e+17,1.7211e+15,7.12344e+08,1.12415e+21
6.33e-09,3.3777e+12,1.25076e+10,7.40831e+13,7.60597e+17,1.72658e+15,7.14904e+08,1.12272e+21
6.36e-09,3.3895e+12,1.25522e+10,7.42549e+13,7.61922e+17,1.73206e+15,7.17465e+08,1.1213e+21
6.39e-09,3.40129e+12,1.25968e+10,7.44267e+13,7.63248e+17,1.73754e+15,7.20025e+08,1.11987e+21
6.42e-09,3.41309e+12,1.26413e+10,7.45986e+13,7.64573e+17,1.74303e+15,7.22585e+08,1.11845e+21
6.45e-09,3.42489e+12,1.26859e+10,7.47704e+13,7.65898e+17,1.74851e+15,7.25145e+08,1.11702e+21
6.48e-09,3.43669e+12,1.27305e+10,7.49422e+13,7.67224e+17,1.75399e+15,7.27705e+08,1.11559e+21
6.51e-09,3.44849e+12,1.2775e+10,7.5114e+13,7.68549e+17,1.75947e+15,7.30266e+08,1.11417e+21
6.54e-09,3.46028e+12,1.28196e+10,7.52859e+13,7.69874e+17,1.76495e+15,7.32826e+08,1.11274e+21
6.57e-09,3.47208e+12,1.28642e+10,7.54577e+13,7.712e+17,1.77044e+15,7.35386e+08,1.11132e+21
6.6e-09,3.48388e+12,1.29087e+10,7.56295e+13,7.72525e+17,1.77592e+15,7.37946e+08,1.10989e+21
6.63e-09,3.49458e+12,1.29494e+10,7.57659e+13,7.73511e+17,1.78076e+15,7.40286e+08,1.10847e+21
6.66e-09,3.50528e+12,1.299e+10,7.59022e+13,7.74497e+17,1.78561e+15,7.42625e+08,1.10704e+21
6.69e-09,3.51598e+12,1.30307e+10,7.60385e+13,7.75483e+17,1.79045e+15,7.44965e+08,1.10561e+21
6.72e-09,3.52668e+12,1.30714e+10,7.61749e+13,7.76469e+17,1.7953e+15,7.47304e+08,1.10419e+21
6.75e-09,3.53739e+12,1.3112e+10,7.63112e+13,7.77455e+17,1.80014e+15,7.49644e+08,1.10276e+21
6.78e-09,3.54809e+12,1.31527e+10,7.64475e+13,7.78441e+17,1.80498e+15,7.51983e+08,1.10134e+21
6.81e-09,3.55879e+12,1.31934e+10,7.65839e+13,7.79427e+17,1.80983e+15,7.54323e+08,1.09991e+21
6.84e-09,3.56949e+12,1.3234e+10,7.67202e+13,7.80413e+17,1.81467e+15,7.56662e+08,1.09849e+21
6.87e-09,3.58019e+12,1.32747e+10,7.68565e+13,7.81399e+17,1.81952e+15,7.59001e+08,1.09706e+21
6.9e-09,3.59089e+12,1.33153e+10,7.69929e+13,7.82385e+17,1.82436e+15,7.61341e+08,1.09564e+21
6.93e-09,3.60159e+12,1.3356e+10,7.71292e+13,7.83371e+17,1.8292e+15,7.6368e+08,1.09421e+21
6.96e-09,3.6123e+12,1.33967e+10,7.72655e+13,7.84357e+17,1.83405e+15,7.6602e+08,1.09279e+21
6.99e-09,3.623e+12,1.34373e+10,7.74019e+13,7.85343e+17,1.83889e+15,7.68359e+08,1.09136e+21
7.02e-09,3.6337e+12,1.3478e+10,7.75382e+13,7.86329e+17,1.84374e+15,7.70699e+08,1.08993e+21
7.05e-09,3.6444e+12,1.35187e+10,7.76745e+13,7.87315e+17,1.84858e+15,7.73038e+08,1.08851e+21
7.08e-09,3.6551e+12,1.35593e+10,7.78108e+13,7.88301e+17,1.85343e+15,7.75378e+08,1.08708e+21
7.11e-09,3.6658e+12,1.36e+10,7.79472e+13,7.89287e+17,1.85827e+15,7.77717e+08,1.08566e+21
7.14e-09,3.6765e+12,1.36406e+10,7.80835e+13,7.90273e+17,1.86311e+15,7.80057e+08,1.08423e+21
7.17e-09,3.6872e+12,1.36813e+10,7.82199e+13,7.91259e+17,1.86796e+15,7.82396e+08,1.08281e+21
7.2e-09,3.69791e+12,1.3722e+10,7.83562e+13,7.92245e+17,1.8728e+15,7.84735e+08,1.08138e+21
7.23e-09,3.70748e+12,1.37586e+10,7.8458e+13,7.92923e+17,1.87701e+15,7.86846e+08,1.07996e+21
7.26e-09,3.71706e+12,1.37952e+10,7.85598e+13,7.93601e+17,1.88122e+15,7.88957e+08,1.07853e+21
7.29e-09,3.72663e+12,1.38318e+10,7.86617e+13,7.94279e+17,1.88543e+15,7.91068e+08,1.07711e+21
7.32e-09,3.73621e+12,1.38685e+10,7.87635e+13,7.94957e+17,1.88963e+15,7.93179e+08,1.07568e+21
7.35e-09,3.74578e+12,1.39051e+10,7.88653e+13,7.95635e+17,1.89384e+15,7.9529e+08,1.07426e+21
7.38e-09,3.75536e+12,1.39417e+10,7.89672e+13,7.96313e+17,1.89805e+15,7.97401e+08,1.07283e+21
7.41e-09,3.76493e+12,1.39783e+10,7.9069e+13,7.96991e+17,1.90226e+15,7.99512e+08,1.07141e+21
7.44e-09,3.77451e+12,1.4015e+10,7.91708e+13,7.97669e+17,1.90646e+15,8.01622e+08,1.06998e+21
7.47e-09,3.78408e+12,1.40516e+10,7.92726e+13,7.98347e+17,1.91067e+15,8.03733e+08,1.06856e+21
7.5e-09,3.79366e+12,1.40882e+10,7.93745e+13,7.99025e+17,1.91488e+15,8.05844e+08,1.06713e+21
7.53e-09,3.80323e+12,1.41248e+10,7.94763e+13,7.99703e+17,1.91909e+15,8.07955e+08,1.06571e+21
7.56e-09,3.81281e+12,1.41615e+10,7.95781e+13,8.0038e+17,1.92329e+15,8.10066e+08,1.06428e+21
7.59e-09,3.82239e+12,1.41981e+10,7.968e+13,8.01058e+17,1.9275e+15,8.12177e+08,1.06286e+21
7.62e-09,3.83196e+12,1.42347e+10,7.97818e+13,8.01736e+17,1.93171e+15,8.14288e+08,1.06143e+21
7.65e-09,3.84154e+12,1.42713e+10,7.98836e+13,8.02414e+17,1.93592e+15,8.16399e+08,1.06001e+21
7.68e-09,3.85111e+12,1.4308e+10,7.99854e+13,8.03092e+17,1.94013e+15,8.18509e+08,1.05858e+21
7.71e-09,3.86069e+12,1.43446e+10,8.00873e+13,8.0377e+17,1.94433e+15,8.2062e+08,1.05716e+21
7.74e-09,3.87026e+12,1.43812e+10,8.01891e+13,8.04448e+17,1.94854e+15,8.22731e+08,1.05573e+21
7.77e-09,3.87984e+12,1.44178e+10,8.02909e+13,8.05126e+17,1.95275e+15,8.24842e+08,1.05431e+21
7.8e-09,3.88941e+12,1.44545e+10,8.03928e+13,8.05804e+17,1.95696e+15,8.26953e+08,1.05288e+21
7.83e-09,3.89784e+12,1.44869e+10,8.04613e+13,8.06203e+17,1.96053e+15,8.28829e+08,1.05146e+21
7.86e-09,3.90627e+12,1.45194e+10,8.05299e+13,8.06602e+17,1.96411e+15,8.30706e+08,1.05003e+21
7.89e-09,3.91471e+12,1.45519e+10,8.05985e+13,8.07001e+17,1.96769e+15,8.32583e+08,1.04861e+21
7.92e-09,3.92314e+12,1.45844e+10,8.06671e+13,8.074e+17,1.97127e+15,8.34459e+08,1.04718e+21
7.95e-09,3.93157e+12,1.46169e+10,8.07357e+13,8.07799e+17,1.97485e+15,8.36335e+08,1.04576e+21
7.98e-09,3.94e+12,1.46494e+10,8.08043e+13,8.08198e+17,1.97843e+15,8.38212e+08,1.04433e+21
8.01e-09,3.94843e+12,1.46819e+10,8.08729e+13,8.08597e+17,1.982e+15,8.40089e+08,1.04291e+21
8.04e-09,3.95686e+12,1.47144e+10,8.09415e+13,8.08996e+17,1.98558e+15,8.41965e+08,1.04148e+21
8.07e-09,3.96529e+12,1.47469e+10,8.101e+13,8.09395e+17,1.98916e+15,8.43842e+08,1.04006e+21
8.1e-09,3.97372e+12,1.47794e+10,8.10786e+13,8.09794e+17,1.99274e+15,8.45718e+08,1.03863e+21
8.13e-09,3.98215e+12,1.48119e+10,8.11472e+13,8.10193e+17,1.99632e+15,8.47595e+08,1.03721e+21
8.16e-09,3.99058e+12,1.48444e+10,8.12158e+13,8.10592e+17,1.99989e+15,8.49471e+08,1.03578e+21
8.19e-09,3.99901e+12,1.48769e+10,8.12844e+13,8.10991e+17,2.00347e+15,8.51348e+08,1.03436e+21
8.22e-09,4.00744e+12,1.49093e+10,8.1353e+13,8.1139e+17,2.00705e+15,8.53224e+08,1.03293e+21
8.25e-09,4.01587e+12,1.49418e+10,8.14216e+13,8.11789e+17,2.01063e+15,8.55101e+08,1.03151e+21
8.28e-09,4.0243e+12,1.49743e+10,8.14901e+13,8.12188e+17,2.01421e+15,8.56977e+08,1.03008e+21
8.31e-09,4.03273e+12,1.50068e+10,8.15587e+13,8.12587e+17,2.01778e+15,8.58854e+08,1.02866e+21
8.34e-09,4.04116e+12,1.50393e+10,8.16273e+13,8.12986e+17,2.02136e+15,8.6073e+08,1.02724e+21
8.37e-09,4.0496e+12,1.50718e+10,8.16959e+13,8.13385e+17,2.02494e+15,8.62607e+08,1.02581e+21
8.4e-09,4.05803e+12,1.51043e+10,8.17645e+13,8.13784e+17,2.02852e+15,8.64483e+08,1.02439e+21
8.43e-09,4.0653e+12,1.51326e+10,8.18013e+13,8.13931e+17,2.03148e+15,8.66122e+08,1.02296e+21
8.46e-09,4.07258e+12,1.51609e+10,8.18382e+13,8.14078e+17,2.03444e+15,8.6776e+08,1.02154e+21
8.49e-09,4.07986e+12,1.51892e+10,8.1875e+13,8.14225e+17,2.0374e+15,8.69398e+08,1.02011e+21
8.52e-09,4.08713e+12,1.52175e+10,8.19119e+13,8.14373e+17,2.04036e+15,8.71037e+08,1.01869e+21
8.55e-09,4.09441e+12,1.52458e+10,8.19487e+13,8.1452e+17,2.04332e+15,8.72675e+08,1.01726e+21
8.58e-09,4.10169e+12,1.52741e+10,8.19855e+13,8.14667e+17,2.04628e+15,8.74313e+08,1.01584e+21
8.61e-09,4.10897e+12,1.53024e+10,8.20224e+13,8.14814e+17,2.04924e+15,8.75952e+08,1.01442e+21
8.64e-09,4.11624e+12,1.53307e+10,8.20592e+13,8.14961e+17,2.0522e+15,8.7759e+08,1.01299e+21
8.67e-09,4.12352e+12,1.5359e+10,8.20961e+13,8.15108e+17,2.05516e+15,8.79228e+08,1.01157e+21
8.7e-09,4.1308e+12,1.53873e+10,8.21329e+13,8.15256e+17,2.05812e+15,8.80867e+08,1.01014e+21
8.73e-09,4.13807e+12,1.54156e+10,8.21698e+13,8.15403e+17,2.06108e+15,8.82505e+08,1.00872e+21
8.76e-09,4.14535e+12,1.54439e+10,8.22066e+13,8.1555e+17,2.06404e+15,8.84143e+08,1.00729e+21
8.79e-09,4.15263e+12,1.54722e+10,8.22434e+13,8.15697e+17,2.067e+15,8.85782e+08,1.00587e+21
8.82e-09,4.1599e+12,1.55005e+10,8.22803e+13,8.15844e+17,2.06996e+15,8.8742e+08,1.00444e+21
8.85e-09,4.16718e+12,1.55288e+10,8.23171e+13,8.15991e+17,2.07292e+15,8.89058e+08,1.00302e+21
8.88e-09,4.17446e+12,1.55571e+10,8.2354e+13,8.16138e+17,2.07589e+15,8.90697e+08,1.0016e+21
8.91e-09,4.18173e+12,1.55854e+10,8.23908e+13,8.16286e+17,2.07885e+15,8.92335e+08,1.00017e+21
8.94e-09,4.18901e+12,1.56137e+10,8.24277e+13,8.16433e+17,2.08181e+15,8.93973e+08,9.98747e+20
8.97e-09,4.19629e+12,1.5642e+10,8.24645e+13,8.1658e+17,2.08477e+15,8.95612e+08,9.97323e+20
9e-09,4.20357e+12,1.56703e+10,8.25013e+13,8.16727e+17,2.08773e+15,8.9725e+08,9.95898e+20
9.03e-09,4.20969e+12,1.56944e+10,8.25082e+13,8.16648e+17,2.09009e+15,8.98648e+08,9.94474e+20
9.06e-09,4.21581e+12,1.57184e+10,8.2515e+13,8.16568e+17,2.09244e+15,9.00046e+08,9.9305e+20
9.09e-09,4.22194e+12,1.57425e+10,8.25218e+13,8.16489e+17,2.0948e+15,9.01444e+08,9.91626e+20
9.12e-09,4.22806e+12,1.57666e+10,8.25286e+13,8.16409e+17,2.09716e+15,9.02843e+08,9.90202e+20
9.15e-09,4.23418e+12,1.57907e+10,8.25354e+13,8.1633e+17,2.09952e+15,9.04241e+08,9.88778e+20
9.18e-09,4.24031e+12,1.58148e+10,8.25422e+13,8.1625e+17,2.10188e+15,9.05639e+08,9.87354e+20
9.21e-09,4.24643e+12,1.58388e+10,8.2549e+13,8.16171e+17,2.10424e+15,9.07037e+08,9.8593e+20
9.24e-09,4.25255e+12,1.58629e+10,8.25558e+13,8.16091e+17,2.1066e+15,9.08435e+08,9.84505e+20
9.27e-09,4.25868e+12,1.5887e+10,8.25626e+13,8.16012e+17,2.10895e+15,9.09834e+08,9.83081e+20
9.3e-09,4.2648e+12,1.59111e+10,8.25694e+13,8.15932e+17,2.11131e+15,9.11232e+08,9.81657e+20
9.33e-09,4.27092e+12,1.59352e+10,8.25762e+13,8.15853e+17,2.11367e+15,9.1263e+08,9.80233e+20
9.36e-09,4.27705e+12,1.59592e+10,8.2583e+13,8.15773e+17,2.11603e+15,9.14028e+08,9.78809e+20
9.39e-09,4.28317e+12,1.59833e+10,8.25898e+13,8.15694e+17,2.11839e+15,9.15426e+08,9.77385e+20
9.42e-09,4.28929e+12,1.60074e+10,8.25966e+13,8.15614e+17,2.12075e+15,9.16825e+08,9.75961e+20
9.45e-09,4.29542e+12,1.60315e+10,8.26034e+13,8.15535e+17,2.12311e+15,9.18223e+08,9.74537e+20
9.48e-09,4.30154e+12,1.60556e+10,8.26102e+13,8.15455e+17,2.12546e+15,9.19621e+08,9.73113e+20
9.51e-09,4.30766e+12,1.60796e+10,8.2617e+13,8.15376e+17,2.12782e+15,9.21019e+08,9.71688e+20
9.54e-09,4.31379e+12,1.61037e+10,8.26238e+13,8.15296e+17,2.13018e+15,9.22417e+08,9.70264e+20
9.57e-09,4.31991e+12,1.61278e+10,8.26306e+13,8.15217e+17,2.13254e+15,9.23815e+08,9.6884e+20
9.6e-09,4.32604e+12,1.61519e+10,8.26374e+13,8.15137e+17,2.1349e+15,9.25214e+08,9.67416e+20
9.63e-09,4.33101e+12,1.61717e+10,8.26161e+13,8.14854e+17,2.13668e+15,9.26371e+08,9.65992e+20
9.66e-09,4.33599e+12,1.61916e+10,8.25947e+13,8.14572e+17,2.13845e+15,9.27529e+08,9.64568e+20
9.69e-09,4.34097e+12,1.62115e+10,8.25734e+13,8.14289e+17,2.14023e+15,9.28687e+08,9.63145e+20
9.72e-09,4.34595e+12,1.62313e+10,8.2552e+13,8.14006e+17,2.142e+15,9.29845e+08,9.61721e+20
9.75e-09,4.35093e+12,1.62512e+10,8.25306e+13,8.13723e+17,2.14378e+15,9.31003e+08,9.60297e+20
9.78e-09,4.35591e+12,1.6271e+10,8.25093e+13,8.13441e+17,2.14556e+15,9.32161e+08,9.58873e+20
9.81e-09,4.36089e+12,1.62909e+10,8.24879e+13,8.13158e+17,2.14733e+15,9.33319e+08,9.57449e+20
9.84e-09,4.36586e+12,1.63108e+10,8.24666e+13,8.12875e+17,2.14911e+15,9.34476e+08,9.56025e+20
9.87e-09,4.37084e+12,1.63306e+10,8.24452e+13,8.12592e+17,2.15088e+15,9.35634e+08,9.54602e+20
9.9e-09,4.37582e+12,1.63505e+10,8.24239e+13,8.1231e+17,2.15266e+15,9.36792e+08,9.53178e+20
9.93e-09,4.3808e+12,1.63704e+10,8.24025e+13,8.12027e+17,2.15444e+15,9.3795e+08,9.51754e+20
9.96e-09,4.38578e+12,1.63902e+10,8.23812e+13,8.11744e+17,2.15621e+15,9.39108e+08,9.5033e+20
9.99e-09,4.39076e+12,1.64101e+10,8.23598e+13,8.11461e+17,2.15799e+15,9.40266e+08,9.48906e+20
1.002e-08,4.39574e+12,1.64299e+10,8.23384e+13,8.11179e+17,2.15977e+15,9.41423e+08,9.47482e+20
1.005e-08,4.40071e+12,1.64498e+10,8.23171e+13,8.10896e+17,2.16154e+15,9.42581e+08,9.46058e+20
1.008e-08,4.40569e+12,1.64697e+10,8.22957e+13,8.10613e+17,2.16332e+15,9.43739e+08,9.44635e+20
1.011e-08,4.41067e+12,1.64895e+10,8.22744e+13,8.1033e+17,2.16509e+15,9.44897e+08,9.43211e+20
1.014e-08,4.41565e+12,1.65094e+10,8.2253e+13,8.10047e+17,2.16687e+15,9.46055e+08,9.41787e+20
1.017e-08,4.42063e+12,1.65293e+10,8.22317e+13,8.09765e+17,2.16865e+15,9.47213e+08,9.40363e+20
1.02e-08,4.42561e+12,1.65491e+10,8.22103e+13,8.09482e+17,2.17042e+15,9.48371e+08,9.38939e+20
1.023e-08,4.42946e+12,1.65648e+10,8.21628e+13,8.09018e+17,2.17164e+15,9.49289e+08,9.37516e+20
1.026e-08,4.43331e+12,1.65805e+10,8.21153e+13,8.08553e+17,2.17285e+15,9.50208e+08,9.36092e+20
1.029e-08,4.43716e+12,1.65962e+10,8.20678e+13,8.08089e+17,2.17407e+15,9.51127e+08,9.34668e+20
1.032e-08,4.44101e+12,1.66118e+10,8.20203e+13,8.07625e+17,2.17528e+15,9.52046e+08,9.33245e+20
1.035e-08,4.44486e+12,1.66275e+10,8.19728e+13,8.07161e+17,2.1765e+15,9.52965e+08,9.31821e+20
1.038e-08,4.44871e+12,1.66432e+10,8.19253e+13,8.06696e+17,2.17772e+15,9.53884e+08,9.30398e+20
1.041e-08,4.45256e+12,1.66589e+10,8.18778e+13,8.06232e+17,2.17893e+15,9.54803e+08,9.28974e+20
1.044e-08,4.45641e+12,1.66746e+10,8.18303e+13,8.05768e+17,2.18015e+15,9.55722e+08,9.2755e+20
1.047e-08,4.46026e+12,1.66902e+10,8.17828e+13,8.05304e+17,2.18136e+15,9.56641e+08,9.26127e+20
1.05e-08,4.46411e+12,1.67059e+10,8.17353e+13,8.04839e+17,2.18258e+15,9.5756e+08,9.24703e+20
1.053e-08,4.46796e+12,1.67216e+10,8.16878e+13,8.04375e+17,2.18379e+15,9.58479e+08,9.2328e+20
1.056e-08,4.47181e+12,1.67373e+10,8.16403e+13,8.03911e+17,2.18501e+15,9.59398e+08,9.21856e+20
1.059e-08,4.47566e+12,1.6753e+10,8.15928e+13,8.03446e+17,2.18623e+15,9.60317e+08,9.20432e+20
1.062e-08,4.47951e+12,1.67686e+10,8.15453e+13,8.02982e+17,2.18744e+15,9.61236e+08,9.19009e+20
1.065e-08,4.48336e+12,1.67843e+10,8.14978e+13,8.02518e+17,2.18866e+15,9.62155e+08,9.17585e+20
1.068e-08,4.48721e+12,1.68e+10,8.14503e+13,8.02054e+17,2.18987e+15,9.63074e+08,9.16161e+20
1.071e-08,4.49106e+12,1.68157e+10,8.14028e+13,8.01589e+17,2.19109e+15,9.63993e+08,9.14738e+20
1.074e-08,4.49491e+12,1.68313e+10,8.13553e+13,8.01125e+17,2.1923e+15,9.64911e+08,9.13314e+20
1.077e-08,4.49876e+12,1.6847e+10,8.13078e+13,8.00661e+17,2.19352e+15,9.6583e+08,9.11891e+20
1.08e-08,4.50261e+12,1.68627e+10,8.12603e+13,8.00197e+17,2.19474e+15,9.66749e+08,9.10467e+20
1.083e-08,4.50535e+12,1.68743e+10,8.11887e+13,7.99571e+17,2.19541e+15,9.67432e+08,9.09044e+20
1.086e-08,4.50809e+12,1.68858e+10,8.11172e+13,7.98945e+17,2.19609e+15,9.68115e+08,9.0762e+20
1.089e-08,4.51084e+12,1.68974e+10,8.10457e+13,7.9832e+17,2.19677e+15,9.68798e+08,9.06197e+20
1.092e-08,4.51358e+12,1.69089e+10,8.09742e+13,7.97694e+17,2.19745e+15,9.69481e+08,9.04773e+20
1.095e-08,4.51633e+12,1.69205e+10,8.09026e+13,7.97069e+17,2.19813e+15,9.70164e+08,9.0335e+20
1.098e-08,4.51907e+12,1.6932e+10,8.08311e+13,7.96443e+17,2.19881e+15,9.70847e+08,9.01927e+20
1.101e-08,4.52182e+12,1.69436e+10,8.07596e+13,7.95817e+17,2.19949e+15,9.7153e+08,9.00503e+20
1.104e-08,4.52456e+12,1.69551e+10,8.06881e+13,7.95192e+17,2.20017e+15,9.72213e+08,8.9908e+20
1.107e-08,4.5273e+12,1.69667e+10,8.06166e+13,7.94566e+17,2.20085e+15,9.72896e+08,8.97656e+20
1.11e-08,4.53005e+12,1.69782e+10,8.0545e+13,7.93941e+17,2.20153e+15,9.73579e+08,8.96233e+20
1.113e-08,4.53279e+12,1.69898e+10,8.04735e+13,7.93315e+17,2.20221e+15,9.74262e+08,8.9481e+20
1.116e-08,4.53554e+12,1.70014e+10,8.0402e+13,7.92689e+17,2.20289e+15,9.74945e+08,8.93386e+20
1.119e-08,4.53828e+12,1.70129e+10,8.03305e+13,7.92064e+17,2.20357e+15,9.75628e+08,8.91963e+20
1.122e-08,4.54103e+12,1.70245e+10,8.02589e+13,7.91438e+17,2.20425e+15,9.76311e+08,8.90539e+20
1.125e-08,4.54377e+12,1.7036e+10,8.01874e+13,7.90813e+17,2.20493e+15,9.76994e+08,8.89116e+20
1.128e-08,4.54651e+12,1.70476e+10,8.01159e+13,7.90187e+17,2.20561e+15,9.77678e+08,8.87693e+20
1.131e-08,4.54926e+12,1.70591e+10,8.00444e+13,7.89561e+17,2.20629e+15,9.78361e+08,8.86269e+20
1.134e-08,4.552e+12,1.70707e+10,7.99729e+13,7.88936e+17,2.20697e+15,9.79044e+08,8.84846e+20
1.137e-08,4.55475e+12,1.70822e+10,7.99013e+13,7.8831e+17,2.20764e+15,9.79727e+08,8.83422e+20
1.14e-08,4.55749e+12,1.70938e+10,7.98298e+13,7.87684e+17,2.20832e+15,9.8041e+08,8.81999e+20
1.143e-08,4.55916e+12,1.71013e+10,7.97365e+13,7.86916e+17,2.20849e+15,9.80861e+08,8.80576e+20
1.146e-08,4.56083e+12,1.71088e+10,7.96431e+13,7.86148e+17,2.20866e+15,9.81312e+08,8.79152e+20
1.149e-08,4.56249e+12,1.71163e+10,7.95498e+13,7.8538e+17,2.20883e+15,9.81764e+08,8.77729e+20
1.152e-08,4.56416e+12,1.71238e+10,7.94565e+13,7.84612e+17,2.209e+15,9.82215e+08,8.76306e+20
1.155e-08,4.56583e+12,1.71313e+10,7.93631e+13,7.83843e+17,2.20917e+15,9.82667e+08,8.74883e+20
1.158e-08,4.5675e+12,1.71389e+10,7.92698e+13,7.83075e+17,2.20934e+15,9.83118e+08,8.7346e+20
1.161e-08,4.56916e+12,1.71464e+10,7.91764e+13,7.82307e+17,2.20951e+15,9.8357e+08,8.72036e+20
1.164e-08,4.57083e+12,1.71539e+10,7.90831e+13,7.81539e+17,2.20968e+15,9.84021e+08,8.70613e+20
1.167e-08,4.5725e+12,1.71614e+10,7.89898e+13,7.8077e+17,2.20985e+15,9.84472e+08,8.6919e+20
1.17e-08,4.57416e+12,1.71689e+10,7.88964e+13,7.80002e+17,2.21002e+15,9.84924e+08,8.67767e+20
1.173e-08,4.57583e+12,1.71764e+10,7.88031e+13,7.79234e+17,2.21018e+15,9.85375e+08,8.66343e+20
1.176e-08,4.5775e+12,1.71839e+10,7.87098e+13,7.78466e+17,2.21035e+15,9.85827e+08,8.6492e+20
1.179e-08,4.57917e+12,1.71914e+10,7.86164e+13,7.77698e+17,2.21052e+15,9.86278e+08,8.63497e+20
1.182e-08,4.58083e+12,1.7199e+10,7.85231e+13,7.76929e+17,2.21069e+15,9.8673e+08,8.62074e+20
1.185e-08,4.5825e+12,1.72065e+10,7.84297e+13,7.76161e+17,2.21086e+15,9.87181e+08,8.60651e+20
1.188e-08,4.58417e+12,1.7214e+10,7.83364e+13,7.75393e+17,2.21103e+15,9.87632e+08,8.59227e+20
1.191e-08,4.58584e+12,1.72215e+10,7.82431e+13,7.74625e+17,2.2112e+15,9.88084e+08,8.57804e+20
1.194e-08,4.5875e+12,1.7229e+10,7.81497e+13,7.73856e+17,2.21137e+15,9.88535e+08,8.56381e+20
1.197e-08,4.58917e+12,1.72365e+10,7.80564e+13,7.73088e+17,2.21154e+15,9.88987e+08,8.54958e+20
1.2e-08,4.59084e+12,1.7244e+10,7.7963e+13,7.7232e+17,2.21171e+15,9.89438e+08,8.53534e+20
1.203e-08,4.59146e+12,1.72476e+10,7.78501e+13,7.71426e+17,2.21139e+15,9.89664e+08,8.52111e+20
1.206e-08,4.59209e+12,1.72512e+10,7.77372e+13,7.70533e+17,2.21108e+15,9.89889e+08,8.50688e+20
1.209e-08,4.59271e+12,1.72548e+10,7.76243e+13,7.6964e+17,2.21076e+15,9.90115e+08,8.49265e+20
1.212e-08,4.59334e+12,1.72583e+10,7.75114e+13,7.68746e+17,2.21045e+15,9.9034e+08,8.47842e+20
1.215e-08,4.59397e+12,1.72619e+10,7.73985e+13,7.67852e+17,2.21014e+15,9.90566e+08,8.46419e+20
1.218e-08,4.59459e+12,1.72655e+10,7.72856e+13,7.66959e+17,2.20982e+15,9.90791e+08,8.44996e+20
1.221e-08,4.59521e+12,1.72691e+10,7.71727e+13,7.66065e+17,2.20951e+15,9.91017e+08,8.43573e+20
1.224e-08,4.59584e+12,1.72726e+10,7.70598e+13,7.65172e+17,2.20919e+15,9.91242e+08,8.4215e+20
1.227e-08,4.59646e+12,1.72762e+10,7.69469e+13,7.64278e+17,2.20888e+15,9.91467e+08,8.40727e+20
1.23e-08,4.59709e+12,1.72798e+10,7.6834e+13,7.63385e+17,2.20857e+15,9.91693e+08,8.39304e+20
1.233e-08,4.59772e+12,1.72834e+10,7.67211e+13,7.62491e+17,2.20825e+15,9.91918e+08,8.37881e+20
1.236e-08,4.59834e+12,1.72869e+10,7.66082e+13,7.61598e+17,2.20794e+15,9.92144e+08,8.36458e+20
1.239e-08,4.59897e+12,1.72905e+10,7.64953e+13,7.60704e+17,2.20762e+15,9.92369e+08,8.35035e+20
1.242e-08,4.59959e+12,1.72941e+10,7.63824e+13,7.59811e+17,2.20731e+15,9.92595e+08,8.33612e+20
1.245e-08,4.60022e+12,1.72977e+10,7.62695e+13,7.58917e+17,2.20699e+15,9.9282e+08,8.32188e+20
1.248e-08,4.60084e+12,1.73012e+10,7.61566e+13,7.58024e+17,2.20668e+15,9.93046e+08,8.30765e+20
1.251e-08,4.60147e+12,1.73048e+10,7.60437e+13,7.5713e+17,2.20637e+15,9.93271e+08,8.29342e+20
1.254e-08,4.60209e+12,1.73084e+10,7.59308e+13,7.56237e+17,2.20605e+15,9.93497e+08,8.27919e+20
1.257e-08,4.60272e+12,1.7312e+10,7.58179e+13,7.55343e+17,2.20574e+15,9.93722e+08,8.26496e+20
1.26e-08,4.60334e+12,1.73155e+10,7.5705e+13,7.5445e+17,2.20542e+15,9.93948e+08,8.25073e+20
1.263e-08,4.60296e+12,1.73153e+10,7.55748e+13,7.53447e+17,2.20465e+15,9.93954e+08,8.2365e+20
1.266e-08,4.60258e+12,1.73151e+10,7.54446e+13,7.52444e+17,2.20388e+15,9.9396e+08,8.22227e+20
1.269e-08,4.6022e+12,1.73148e+10,7.53144e+13,7.51442e+17,2.20312e+15,9.93967e+08,8.20804e+20
1.272e-08,4.60183e+12,1.73146e+10,7.51842e+13,7.50439e+17,2.20235e+15,9.93973e+08,8.19381e+20
1.275e-08,4.60145e+12,1.73144e+10,7.5054e+13,7.49436e+17,2.20158e+15,9.93979e+08,8.17959e+20
1.278e-08,4.60107e+12,1.73141e+10,7.49238e+13,7.48433e+17,2.20081e+15,9.93985e+08,8.16536e+20
1.281e-08,4.60069e+12,1.73139e+10,7.47936e+13,7.47431e+17,2.20004e+15,9.93992e+08,8.15113e+20
1.284e-08,4.60031e+12,1.73137e+10,7.46634e+13,7.46428e+17,2.19927e+15,9.93998e+08,8.1369e+20
1.287e-08,4.59993e+12,1.73134e+10,7.45332e+13,7.45425e+17,2.1985e+15,9.94004e+08,8.12267e+20
1.29e-08,4.59955e+12,1.73132e+10,7.44031e+13,7.44422e+17,2.19773e+15,9.94011e+08,8.10844e+20
1.293e-08,4.59917e+12,1.73129e+10,7.42729e+13,7.4342e+17,2.19696e+15,9.94017e+08,8.09421e+20
1.296e-08,4.5988e+12,1.73127e+10,7.41427e+13,7.42417e+17,2.19619e+15,9.94023e+08,8.07998e+20
1.299e-08,4.59842e+12,1.73125e+10,7.40125e+13,7.41414e+17,2.19542e+15,9.9403e+08,8.06575e+20
1.302e-08,4.59804e+12,1.73122e+10,7.38823e+13,7.40411e+17,2.19465e+15,9.94036e+08,8.05152e+20
1.305e-08,4.59766e+12,1.7312e+10,7.37521e+13,7.39409e+17,2.19388e+15,9.94042e+08,8.03729e+20
1.308e-08,4.59728e+12,1.73118e+10,7.36219e+13,7.38406e+17,2.19311e+15,9.94048e+08,8.02306e+20
1.311e-08,4.5969e+12,1.73115e+10,7.34917e+13,7.37403e+17,2.19234e+15,9.94055e+08,8.00883e+20
1.314e-08,4.59652e+12,1.73113e+10,7.33615e+13,7.364e+17,2.19157e+15,9.94061e+08,7.9946e+20
1.317e-08,4.59614e+12,1.7311e+10,7.32313e+13,7.35398e+17,2.1908e+15,9.94067e+08,7.98038e+20
1.32e-08,4.59577e+12,1.73108e+10,7.31011e+13,7.34395e+17,2.19004e+15,9.94073e+08,7.96615e+20
1.323e-08,4.59443e+12,1.73069e+10,7.29559e+13,7.33298e+17,2.18884e+15,9.93868e+08,7.95192e+20
1.326e-08,4.59309e+12,1.7303e+10,7.28107e+13,7.32201e+17,2.18764e+15,9.93663e+08,7.93769e+20
1.329e-08,4.59175e+12,1.72991e+10,7.26655e+13,7.31103e+17,2.18645e+15,9.93458e+08,7.92346e+20
1.332e-08,4.59041e+12,1.72952e+10,7.25203e+13,7.30006e+17,2.18525e+15,9.93253e+08,7.90924e+20
1.335e-08,4.58907e+12,1.72913e+10,7.23751e+13,7.28909e+17,2.18405e+15,9.93048e+08,7.89501e+20
1.338e-08,4.58773e+12,1.72874e+10,7.22299e+13,7.27812e+17,2.18286e+15,9.92842e+08,7.88078e+20
1.341e-08,4.58639e+12,1.72834e+10,7.20847e+13,7.26715e+17,2.18166e+15,9.92637e+08,7.86655e+20
1.344e-08,4.58505e+12,1.72795e+10,7.19395e+13,7.25618e+17,2.18047e+15,9.92432e+08,7.85232e+20
1.347e-08,4.58371e+12,1.72756e+10,7.17943e+13,7.24521e+17,2.17927e+15,9.92227e+08,7.8381e+20
1.35e-08,4.58237e+12,1.72717e+10,7.16491e+13,7.23423e+17,2.17807e+15,9.92022e+08,7.82387e+20
1.353e-08,4.58103e+12,1.72678e+10,7.15039e+13,7.22326e+17,2.17688e+15,9.91817e+08,7.80964e+20
1.356e-08,4.57969e+12,1.72639e+10,7.13587e+13,7.21229e+17,2.17568e+15,9.91612e+08,7.79541e+20
1.359e-08,4.57835e+12,1.726e+10,7.12135e+13,7.20132e+17,2.17448e+15,9.91406e+08,7.78118e+20
1.362e-08,4.57701e+12,1.72561e+10,7.10683e+13,7.19035e+17,2.17329e+15,9.91201e+08,7.76696e+20
1.365e-08,4.57567e+12,1.72522e+10,7.09231e+13,7.17938e+17,2.17209e+15,9.90996e+08,7.75273e+20
1.368e-08,4.57433e+12,1.72483e+10,7.07779e+13,7.16841e+17,2.17089e+15,9.90791e+08,7.7385e+20
1.371e-08,4.57299e+12,1.72443e+10,7.06327e+13,7.15743e+17,2.1697e+15,9.90586e+08,7.72427e+20
1.374e-08,4.57165e+12,1.72404e+10,7.04875e+13,7.14646e+17,2.1685e+15,9.90381e+08,7.71004e+20
1.377e-08,4.57031e+12,1.72365e+10,7.03423e+13,7.13549e+17,2.16731e+15,9.90175e+08,7.69582e+20
1.38e-08,4.56897e+12,1.72326e+10,7.01971e+13,7.12452e+17,2.16611e+15,9.8997e+08,7.68159e+20
1.383e-08,4.56671e+12,1.72252e+10,7.00391e+13,7.11274e+17,2.16452e+15,9.89562e+08,7.66736e+20
1.386e-08,4.56446e+12,1.72178e+10,6.98812e+13,7.10096e+17,2.16292e+15,9.89154e+08,7.65313e+20
1.389e-08,4.5622e+12,1.72103e+10,6.97232e+13,7.08918e+17,2.16133e+15,9.88746e+08,7.63891e+20
1.392e-08,4.55995e+12,1.72029e+10,6.95652e+13,7.07741e+17,2.15973e+15,9.88338e+08,7.62468e+20
1.395e-08,4.55769e+12,1.71955e+10,6.94073e+13,7.06563e+17,2.15814e+15,9.8793e+08,7.61045e+20
1.398e-08,4.55544e+12,1.71881e+10,6.92493e+13,7.05385e+17,2.15654e+15,9.87522e+08,7.59623e+20
1.401e-08,4.55318e+12,1.71806e+10,6.90913e+13,7.04207e+17,2.15495e+15,9.87114e+08,7.582e+20
1.404e-08,4.55093e+12,1.71732e+10,6.89334e+13,7.03029e+17,2.15335e+15,9.86706e+08,7.56777e+20
1.407e-08,4.54867e+12,1.71658e+10,6.87754e+13,7.01851e+17,2.15176e+15,9.86298e+08,7.55354e+20
1.41e-08,4.54641e+12,1.71584e+10,6.86175e+13,7.00673e+17,2.15016e+15,9.8589e+08,7.53932e+20
1.413e-08,4.54416e+12,1.71509e+10,6.84595e+13,6.99495e+17,2.14857e+15,9.85482e+08,7.52509e+20
1.416e-08,4.5419e+12,1.71435e+10,6.83015e+13,6.98318e+17,2.14698e+15,9.85074e+08,7.51086e+20
1.419e-08,4.53965e+12,1.71361e+10,6.81436e+13,6.9714e+17,2.14538e+15,9.84666e+08,7.49664e+20
1.422e-08,4.53739e+12,1.71287e+10,6.79856e+13,6.95962e+17,2.14379e+15,9.84258e+08,7.48241e+20
1.425e-08,4.53514e+12,1.71212e+10,6.78276e+13,6.94784e+17,2.14219e+15,9.8385e+08,7.46818e+20
1.428e-08,4.53288e+12,1.71138e+10,6.76697e+13,6.93606e+17,2.1406e+15,9.83442e+08,7.45395e+20
1.431e-08,4.53063e+12,1.71064e+10,6.75117e+13,6.92428e+17,2.139e+15,9.83034e+08,7.43973e+20
1.434e-08,4.52837e+12,1.7099e+10,6.73537e+13,6.9125e+17,2.13741e+15,9.82626e+08,7.4255e+20
1.437e-08,4.52612e+12,1.70915e+10,6.71958e+13,6.90073e+17,2.13581e+15,9.82218e+08,7.41127e+20
1.44e-08,4.52386e+12,1.70841e+10,6.70378e+13,6.88895e+17,2.13422e+15,9.8181e+08,7.39705e+20
1.443e-08,4.52074e+12,1.70733e+10,6.68693e+13,6.87649e+17,2.13225e+15,9.81209e+08,7.38282e+20
1.446e-08,4.51761e+12,1.70625e+10,6.67008e+13,6.86403e+17,2.13029e+15,9.80607e+08,7.36859e+20
1.449e-08,4.51449e+12,1.70518e+10,6.65323e+13,6.85157e+17,2.12833e+15,9.80006e+08,7.35437e+20
1.452e-08,4.51137e+12,1.7041e+10,6.63638e+13,6.83911e+17,2.12636e+15,9.79404e+08,7.34014e+20
1.455e-08,4.50825e+12,1.70302e+10,6.61953e+13,6.82665e+17,2.1244e+15,9.78803e+08,7.32592e+20
1.458e-08,4.50512e+12,1.70194e+10,6.60267e+13,6.81419e+17,2.12243e+15,9.78201e+08,7.31169e+20
1.461e-08,4.502e+12,1.70087e+10,6.58582e+13,6.80173e+17,2.12047e+15,9.776e+08,7.29746e+20
1.464e-08,4.49888e+12,1.69979e+10,6.56897e+13,6.78927e+17,2.1185e+15,9.76998e+08,7.28324e+20
1.467e-08,4.49575e+12,1.69871e+10,6.55212e+13,6.77681e+17,2.11654e+15,9.76397e+08,7.26901e+20
1.47e-08,4.49263e+12,1.69763e+10,6.53527e+13,6.76435e+17,2.11457e+15,9.75795e+08,7.25479e+20
1.473e-08,4.48951e+12,1.69656e+10,6.51842e+13,6.75189e+17,2.11261e+15,9.75194e+08,7.24056e+20
1.476e-08,4.48639e+12,1.69548e+10,6.50157e+13,6.73943e+17,2.11065e+15,9.74592e+08,7.22633e+20
1.479e-08,4.48326e+12,1.6944e+10,6.48472e+13,6.72697e+17,2.10868e+15,9.73991e+08,7.21211e+20
1.482e-08,4.48014e+12,1.69332e+10,6.46787e+13,6.71451e+17,2.10672e+15,9.73389e+08,7.19788e+20
1.485e-08,4.47702e+12,1.69225e+10,6.45101e+13,6.70205e+17,2.10475e+15,9.72788e+08,7.18366e+20
1.488e-08,4.47389e+12,1.69117e+10,6.43416e+13,6.68959e+17,2.10279e+15,9.72186e+08,7.16943e+20
1.491e-08,4.47077e+12,1.69009e+10,6.41731e+13,6.67713e+17,2.10082e+15,9.71585e+08,7.1552e+20
1.494e-08,4.46765e+12,1.68901e+10,6.40046e+13,6.66467e+17,2.09886e+15,9.70983e+08,7.14098e+20
1.497e-08,4.46452e+12,1.68794e+10,6.38361e+13,6.65221e+17,2.0969e+15,9.70382e+08,7.12675e+20
1.5e-08,4.4614e+12,1.68686e+10,6.36676e+13,6.63975e+17,2.09493e+15,9.6978e+08,7.11252e+20
1.503e-08,4.45746e+12,1.68546e+10,6.34907e+13,6.62673e+17,2.09262e+15,9.68995e+08,7.0983e+20
1.506e-08,4.45352e+12,1.68407e+10,6.33138e+13,6.61371e+17,2.09032e+15,9.6821e+08,7.08407e+20
1.509e-08,4.44958e+12,1.68267e+10,6.31368e+13,6.60068e+17,2.08801e+15,9.67425e+08,7.06985e+20
1.512e-08,4.44564e+12,1.68128e+10,6.29599e+13,6.58766e+17,2.08571e+15,9.6664e+08,7.05562e+20
1.515e-08,4.4417e+12,1.67988e+10,6.2783e+13,6.57463e+17,2.0834e+15,9.65855e+08,7.0414e+20
1.518e-08,4.43776e+12,1.67849e+10,6.26061e+13,6.56161e+17,2.08109e+15,9.6507e+08,7.02717e+20
1.521e-08,4.43382e+12,1.67709e+10,6.24292e+13,6.54858e+17,2.07879e+15,9.64285e+08,7.01295e+20
1.524e-08,4.42988e+12,1.6757e+10,6.22523e+13,6.53556e+17,2.07648e+15,9.635e+08,6.99872e+20
1.527e-08,4.42594e+12,1.67431e+10,6.20754e+13,6.52253e+17,2.07418e+15,9.62715e+08,6.9845e+20
1.53e-08,4.422e+12,1.67291e+10,6.18985e+13,6.50951e+17,2.07187e+15,9.6193e+08,6.97027e+20
1.533e-08,4.41806e+12,1.67152e+10,6.17215e+13,6.49649e+17,2.06956e+15,9.61145e+08,6.95605e+20
1.536e-08,4.41412e+12,1.67012e+10,6.15446e+13,6.48346e+17,2.06726e+15,9.6036e+08,6.94182e+20
1.539e-08,4.41018e+12,1.66873e+10,6.13677e+13,6.47044e+17,2.06495e+15,9.59575e+08,6.92759e+20
1.542e-08,4.40624e+12,1.66733e+10,6.11908e+13,6.45741e+17,2.06265e+15,9.5879e+08,6.91337e+20
1.545e-08,4.4023e+12,1.66594e+10,6.10139e+13,6.44439e+17,2.06034e+15,9.58005e+08,6.89914e+20
1.548e-08,4.39836e+12,1.66454e+10,6.0837e+13,6.43136e+17,2.05803e+15,9.57219e+08,6.88492e+20
1.551e-08,4.39442e+12,1.66315e+10,6.06601e+13,6.41834e+17,2.05573e+15,9.56434e+08,6.87069e+20
1.554e-08,4.39048e+12,1.66175e+10,6.04832e+13,6.40531e+17,2.05342e+15,9.55649e+08,6.85647e+20
1.557e-08,4.38654e+12,1.66036e+10,6.03062e+13,6.39229e+17,2.05112e+15,9.54864e+08,6.84224e+20
1.56e-08,4.38259e+12,1.65896e+10,6.01293e+13,6.37926e+17,2.04881e+15,9.54079e+08,6.82802e+20
1.563e-08,4.37789e+12,1.65727e+10,5.99461e+13,6.36578e+17,2.04619e+15,9.53121e+08,6.81379e+20
1.566e-08,4.37318e+12,1.65557e+10,5.97629e+13,6.3523e+17,2.04357e+15,9.52163e+08,6.79957e+20
1.569e-08,4.36847e+12,1.65388e+10,5.95796e+13,6.33881e+17,2.04095e+15,9.51205e+08,6.78534e+20
1.572e-08,4.36377e+12,1.65219e+10,5.93964e+13,6.32533e+17,2.03833e+15,9.50246e+08,6.77112e+20
1.575e-08,4.35906e+12,1.65049e+10,5.92131e+13,6.31185e+17,2.03571e+15,9.49288e+08,6.75689e+20
1.578e-08,4.35435e+12,1.6488e+10,5.90299e+13,6.29836e+17,2.03309e+15,9.4833e+08,6.74267e+20
1.581e-08,4.34965e+12,1.64711e+10,5.88467e+13,6.28488e+17,2.03047e+15,9.47372e+08,6.72844e+20
1.584e-08,4.34494e+12,1.64541e+10,5.86634e+13,6.2714e+17,2.02785e+15,9.46413e+08,6.71422e+20
1.587e-08,4.34023e+12,1.64372e+10,5.84802e+13,6.25792e+17,2.02523e+15,9.45455e+08,6.69999e+20
1.59e-08,4.33553e+12,1.64202e+10,5.82969e+13,6.24443e+17,2.02261e+15,9.44497e+08,6.68577e+20
1.593e-08,4.33082e+12,1.64033e+10,5.81137e+13,6.23095e+17,2.01999e+15,9.43539e+08,6.67154e+20
1.596e-08,4.32611e+12,1.63864e+10,5.79305e+13,6.21747e+17,2.01737e+15,9.4258e+08,6.65732e+20
1.599e-08,4.32141e+12,1.63694e+10,5.77472e+13,6.20398e+17,2.01475e+15,9.41622e+08,6.64309e+20
1.602e-08,4.3167e+12,1.63525e+10,5.7564e+13,6.1905e+17,2.01213e+15,9.40664e+08,6.62887e+20
1.605e-08,4.31199e+12,1.63356e+10,5.73808e+13,6.17702e+17,2.00951e+15,9.39706e+08,6.61465e+20
1.608e-08,4.30729e+12,1.63186e+10,5.71975e+13,6.16353e+17,2.00689e+15,9.38748e+08,6.60042e+20
1.611e-08,4.30258e+12,1.63017e+10,5.70143e+13,6.15005e+17,2.00427e+15,9.37789e+08,6.5862e+20
1.614e-08,4.29787e+12,1.62847e+10,5.6831e+13,6.13657e+17,2.00165e+15,9.36831e+08,6.57197e+20
1.617e-08,4.29317e+12,1.62678e+10,5.66478e+13,6.12308e+17,1.99903e+15,9.35873e+08,6.55775e+20
1.62e-08,4.28846e+12,1.62509e+10,5.64646e+13,6.1096e+17,1.9964e+15,9.34915e+08,6.54352e+20
1.623e-08,4.28304e+12,1.62311e+10,5.6277e+13,6.09576e+17,1.9935e+15,9.33794e+08,6.5293e+20
1.626e-08,4.27762e+12,1.62114e+10,5.60894e+13,6.08191e+17,1.99059e+15,9.32673e+08,6.51507e+20
1.629e-08,4.2722e+12,1.61917e+10,5.59018e+13,6.06807e+17,1.98768e+15,9.31553e+08,6.50085e+20
1.632e-08,4.26678e+12,1.61719e+10,5.57142e+13,6.05422e+17,1.98477e+15,9.30432e+08,6.48662e+20
1.635e-08,4.26136e+12,1.61522e+10,5.55267e+13,6.04038e+17,1.98187e+15,9.29311e+08,6.4724e+20
1.638e-08,4.25594e+12,1.61325e+10,5.53391e+13,6.02653e+17,1.97896e+15,9.28191e+08,6.45817e+20
1.641e-08,4.25051e+12,1.61127e+10,5.51515e+13,6.01269e+17,1.97605e+15,9.2707e+08,6.44395e+20
1.644e-08,4.24509e+12,1.6093e+10,5.49639e+13,5.99885e+17,1.97314e+15,9.2595e+08,6.42973e+20
1.647e-08,4.23967e+12,1.60732e+10,5.47763e+13,5.985e+17,1.97024e+15,9.24829e+08,6.4155e+20
1.65e-08,4.23425e+12,1.60535e+10,5.45887e+13,5.97116e+17,1.96733e+15,9.23708e+08,6.40128e+20
1.653e-08,4.22883e+12,1.60338e+10,5.44012e+13,5.95731e+17,1.96442e+15,9.22588e+08,6.38705e+20
1.656e-08,4.22341e+12,1.6014e+10,5.42136e+13,5.94347e+17,1.96151e+15,9.21467e+08,6.37283e+20
1.659e-08,4.21799e+12,1.59943e+10,5.4026e+13,5.92962e+17,1.95861e+15,9.20346e+08,6.3586e+20
1.662e-08,4.21257e+12,1.59746e+10,5.38384e+13,5.91578e+17,1.9557e+15,9.19226e+08,6.34438e+20
1.665e-08,4.20715e+12,1.59548e+10,5.36508e+13,5.90193e+17,1.95279e+15,9.18105e+08,6.33016e+20
1.668e-08,4.20173e+12,1.59351e+10,5.34633e+13,5.88809e+17,1.94988e+15,9.16984e+08,6.31593e+20
1.671e-08,4.19631e+12,1.59154e+10,5.32757e+13,5.87425e+17,1.94698e+15,9.15864e+08,6.30171e+20
1.674e-08,4.19088e+12,1.58956e+10,5.30881e+13,5.8604e+17,1.94407e+15,9.14743e+08,6.28748e+20
1.677e-08,4.18546e+12,1.58759e+10,5.29005e+13,5.84656e+17,1.94116e+15,9.13622e+08,6.27326e+20
1.68e-08,4.18004e+12,1.58562e+10,5.27129e+13,5.83271e+17,1.93825e+15,9.12502e+08,6.25903e+20
1.683e-08,4.17396e+12,1.58338e+10,5.25229e+13,5.8186e+17,1.93509e+15,9.1123e+08,6.24481e+20
1.686e-08,4.16788e+12,1.58115e+10,5.23329e+13,5.80448e+17,1.93192e+15,9.09958e+08,6.23059e+20
1.689e-08,4.16179e+12,1.57891e+10,5.21428e+13,5.79036e+17,1.92875e+15,9.08686e+08,6.21636e+20
1.692e-08,4.15571e+12,1.57668e+10,5.19528e+13,5.77624e+17,1.92558e+15,9.07414e+08,6.20214e+20
1.695e-08,4.14963e+12,1.57444e+10,5.17627e+13,5.76213e+17,1.92241e+15,9.06141e+08,6.18791e+20
1.698e-08,4.14354e+12,1.57221e+10,5.15727e+13,5.74801e+17,1.91924e+15,9.04869e+08,6.17369e+20
1.701e-08,4.13746e+12,1.56998e+10,5.13827e+13,5.73389e+17,1.91607e+15,9.03597e+08,6.15947e+20
1.704e-08,4.13138e+12,1.56774e+10,5.11926e+13,5.71978e+17,1.9129e+15,9.02325e+08,6.14524e+20
1.707e-08,4.12529e+12,1.56551e+10,5.10026e+13,5.70566e+17,1.90973e+15,9.01053e+08,6.13102e+20
1.71e-08,4.11921e+12,1.56327e+10,5.08125e+13,5.69154e+17,1.90657e+15,8.99781e+08,6.11679e+20
1.713e-08,4.11313e+12,1.56104e+10,5.06225e+13,5.67743e+17,1.9034e+15,8.98509e+08,6.10257e+20
1.716e-08,4.10705e+12,1.55881e+10,5.04325e+13,5.66331e+17,1.90023e+15,8.97237e+08,6.08835e+20
1.719e-08,4.10096e+12,1.55657e+10,5.02424e+13,5.64919e+17,1.89706e+15,8.95965e+08,6.07412e+20
1.722e-08,4.09488e+12,1.55434e+10,5.00524e+13,5.63507e+17,1.89389e+15,8.94693e+08,6.0599e+20
1.725e-08,4.0888e+12,1.5521e+10,4.98624e+13,5.62096e+17,1.89072e+15,8.93421e+08,6.04567e+20
1.728e-08,4.08271e+12,1.54987e+10,4.96723e+13,5.60684e+17,1.88755e+15,8.92149e+08,6.03145e+20
1.731e-08,4.07663e+12,1.54763e+10,4.94823e+13,5.59272e+17,1.88438e+15,8.90877e+08,6.01723e+20
1.734e-08,4.07055e+12,1.5454e+10,4.92922e+13,5.57861e+17,1.88121e+15,8.89605e+08,6.003e+20
1.737e-08,4.06446e+12,1.54317e+10,4.91022e+13,5.56449e+17,1.87805e+15,8.88333e+08,5.98878e+20
1.74e-08,4.05838e+12,1.54093e+10,4.89122e+13,5.55037e+17,1.87488e+15,8.8706e+08,5.97455e+20
1.743e-08,4.05169e+12,1.53846e+10,4.87214e+13,5.53606e+17,1.87147e+15,8.85648e+08,5.96033e+20
1.746e-08,4.04499e+12,1.53598e+10,4.85307e+13,5.52175e+17,1.86807e+15,8.84236e+08,5.94611e+20
1.749e-08,4.0383e+12,1.53351e+10,4.834e+13,5.50745e+17,1.86466e+15,8.82823e+08,5.93188e+20
1.752e-08,4.03161e+12,1.53103e+10,4.81493e+13,5.49314e+17,1.86126e+15,8.81411e+08,5.91766e+20
1.755e-08,4.02492e+12,1.52856e+10,4.79586e+13,5.47883e+17,1.85785e+15,8.79999e+08,5.90344e+20
1.758e-08,4.01822e+12,1.52608e+10,4.77678e+13,5.46452e+17,1.85445e+15,8.78586e+08,5.88921e+20
1.761e-08,4.01153e+12,1.5236e+10,4.75771e+13,5.45021e+17,1.85104e+15,8.77174e+08,5.87499e+20
1.764e-08,4.00484e+12,1.52113e+10,4.73864e+13,5.4359e+17,1.84764e+15,8.75761e+08,5.86076e+20
1.767e-08,3.99814e+12,1.51865e+10,4.71957e+13,5.42159e+17,1.84423e+15,8.74349e+08,5.84654e+20
1.77e-08,3.99145e+12,1.51618e+10,4.70049e+13,5.40728e+17,1.84082e+15,8.72937e+08,5.83232e+20
1.773e-08,3.98476e+12,1.5137e+10,4.68142e+13,5.39297e+17,1.83742e+15,8.71524e+08,5.81809e+20
1.776e-08,3.97806e+12,1.51123e+10,4.66235e+13,5.37866e+17,1.83401e+15,8.70112e+08,5.80387e+20
1.779e-08,3.97137e+12,1.50875e+10,4.64328e+13,5.36436e+17,1.83061e+15,8.68699e+08,5.78965e+20
1.782e-08,3.96468e+12,1.50628e+10,4.62421e+13,5.35005e+17,1.8272e+15,8.67287e+08,5.77542e+20
1.785e-08,3.95798e+12,1.5038e+10,4.60513e+13,5.33574e+17,1.8238e+15,8.65875e+08,5.7612e+20
1.788e-08,3.95129e+12,1.50133e+10,4.58606e+13,5.32143e+17,1.82039e+15,8.64462e+08,5.74697e+20
1.791e-08,3.9446e+12,1.49885e+10,4.56699e+13,5.30712e+17,1.81699e+15,8.6305e+08,5.73275e+20
1.794e-08,3.93791e+12,1.49638e+10,4.54792e+13,5.29281e+17,1.81358e+15,8.61637e+08,5.71853e+20
1.797e-08,3.93121e+12,1.4939e+10,4.52885e+13,5.2785e+17,1.81018e+15,8.60225e+08,5.7043e+20
1.8e-08,3.92452e+12,1.49143e+10,4.50977e+13,5.26419e+17,1.80677e+15,8.58813e+08,5.69008e+20
1.803e-08,3.91727e+12,1.48873e+10,4.4908e+13,5.24976e+17,1.80315e+15,8.57271e+08,5.67586e+20
1.806e-08,3.91002e+12,1.48603e+10,4.47182e+13,5.23534e+17,1.79954e+15,8.5573e+08,5.66163e+20
1.809e-08,3.90276e+12,1.48334e+10,4.45285e+13,5.22091e+17,1.79592e+15,8.54188e+08,5.64741e+20
1.812e-08,3.89551e+12,1.48064e+10,4.43388e+13,5.20648e+17,1.7923e+15,8.52646e+08,5.63318e+20
1.815e-08,3.88826e+12,1.47794e+10,4.4149e+13,5.19205e+17,1.78868e+15,8.51105e+08,5.61896e+20
1.818e-08,3.88101e+12,1.47524e+10,4.39593e+13,5.17762e+17,1.78507e+15,8.49563e+08,5.60474e+20
1.821e-08,3.87376e+12,1.47255e+10,4.37695e+13,5.16319e+17,1.78145e+15,8.48022e+08,5.59051e+20
1.824e-08,3.86651e+12,1.46985e+10,4.35798e+13,5.14876e+17,1.77783e+15,8.4648e+08,5.57629e+20
1.827e-08,3.85925e+12,1.46715e+10,4.339e+13,5.13434e+17,1.77421e+15,8.44939e+08,5.56207e+20
1.83e-08,3.852e+12,1.46446e+10,4.32003e+13,5.11991e+17,1.77059e+15,8.43397e+08,5.54784e+20
1.833e-08,3.84475e+12,1.46176e+10,4.30106e+13,5.10548e+17,1.76698e+15,8.41855e+08,5.53362e+20
1.836e-08,3.8375e+12,1.45906e+10,4.28208e+13,5.09105e+17,1.76336e+15,8.40314e+08,5.5194e+20
1.839e-08,3.83025e+12,1.45637e+10,4.26311e+13,5.07662e+17,1.75974e+15,8.38772e+08,5.50517e+20
1.842e-08,3.823e+12,1.45367e+10,4.24413e+13,5.06219e+17,1.75612e+15,8.37231e+08,5.49095e+20
1.845e-08,3.81574e+12,1.45097e+10,4.22516e+13,5.04777e+17,1.75251e+15,8.35689e+08,5.47673e+20
1.848e-08,3.80849e+12,1.44827e+10,4.20618e+13,5.03334e+17,1.74889e+15,8.34147e+08,5.4625e+20
1.851e-08,3.80124e+12,1.44558e+10,4.18721e+13,5.01891e+17,1.74527e+15,8.32606e+08,5.44828e+20
1.854e-08,3.79399e+12,1.44288e+10,4.16823e+13,5.00448e+17,1.74165e+15,8.31064e+08,5.43405e+20
1.857e-08,3.78674e+12,1.44018e+10,4.14926e+13,4.99005e+17,1.73803e+15,8.29523e+08,5.41983e+20
1.86e-08,3.77948e+12,1.43749e+10,4.13029e+13,4.97562e+17,1.73442e+15,8.27981e+08,5.40561e+20
1.863e-08,3.77172e+12,1.43459e+10,4.11156e+13,4.96114e+17,1.73061e+15,8.26322e+08,5.39138e+20
1.866e-08,3.76397e+12,1.43169e+10,4.09284e+13,4.94666e+17,1.7268e+15,8.24662e+08,5.37716e+20
1.869e-08,3.75621e+12,1.42879e+10,4.07412e+13,4.93218e+17,1.72299e+15,8.23002e+08,5.36294e+20
1.872e-08,3.74845e+12,1.42589e+10,4.05539e+13,4.91769e+17,1.71919e+15,8.21342e+08,5.34871e+20
1.875e-08,3.74069e+12,1.42299e+10,4.03667e+13,4.90321e+17,1.71538e+15,8.19683e+08,5.33449e+20
1.878e-08,3.73293e+12,1.42009e+10,4.01795e+13,4.88873e+17,1.71157e+15,8.18023e+08,5.32027e+20
1.881e-08,3.72517e+12,1.41719e+10,3.99923e+13,4.87425e+17,1.70776e+15,8.16363e+08,5.30604e+20
1.884e-08,3.71741e+12,1.41429e+10,3.9805e+13,4.85976e+17,1.70396e+15,8.14704e+08,5.29182e+20
1.887e-08,3.70965e+12,1.41139e+10,3.96178e+13,4.84528e+17,1.70015e+15,8.13044e+08,5.2776e+20
1.89e-08,3.70189e+12,1.40849e+10,3.94306e+13,4.8308e+17,1.69634e+15,8.11384e+08,5.26337e+20
1.893e-08,3.69413e+12,1.40559e+10,3.92434e+13,4.81632e+17,1.69253e+15,8.09724e+08,5.24915e+20
1.896e-08,3.68637e+12,1.40269e+10,3.90561e+13,4.80183e+17,1.68873e+15,8.08065e+08,5.23493e+20
1.899e-08,3.67861e+12,1.3998e+10,3.88689e+13,4.78735e+17,1.68492e+15,8.06405e+08,5.2207e+20
1.902e-08,3.67085e+12,1.3969e+10,3.86817e+13,4.77287e+17,1.68111e+15,8.04745e+08,5.20648e+20
1.905e-08,3.66309e+12,1.394e+10,3.84945e+13,4.75839e+17,1.6773e+15,8.03086e+08,5.19225e+20
1.908e-08,3.65533e+12,1.3911e+10,3.83072e+13,4.7439e+17,1.67349e+15,8.01426e+08,5.17803e+20
1.911e-08,3.64757e+12,1.3882e+10,3.812e+13,4.72942e+17,1.66969e+15,7.99766e+08,5.16381e+20
1.914e-08,3.63981e+12,1.3853e+10,3.79328e+13,4.71494e+17,1.66588e+15,7.98106e+08,5.14958e+20
1.917e-08,3.63205e+12,1.3824e+10,3.77456e+13,4.70046e+17,1.66207e+15,7.96447e+08,5.13536e+20
1.92e-08,3.62429e+12,1.3795e+10,3.75583e+13,4.68597e+17,1.65826e+15,7.94787e+08,5.12114e+20
1.923e-08,3.61607e+12,1.37642e+10,3.7375e+13,4.6715e+17,1.65429e+15,7.9302e+08,5.10691e+20
1.926e-08,3.60785e+12,1.37333e+10,3.71917e+13,4.65702e+17,1.65031e+15,7.91253e+08,5.09269e+20
1.929e-08,3.59963e+12,1.37025e+10,3.70084e+13,4.64254e+17,1.64634e+15,7.89486e+08,5.07847e+20
1.932e-08,3.59141e+12,1.36717e+10,3.68252e+13,4.62806e+17,1.64236e+15,7.87719e+08,5.06424e+20
1.935e-08,3.58319e+12,1.36409e+10,3.66419e+13,4.61358e+17,1.63838e+15,7.85952e+08,5.05002e+20
1.938e-08,3.57497e+12,1.361e+10,3.64586e+13,4.5991e+17,1.63441e+15,7.84185e+08,5.0358e+20
1.941e-08,3.56676e+12,1.35792e+10,3.62753e+13,4.58463e+17,1.63043e+15,7.82418e+08,5.02157e+20
1.944e-08,3.55854e+12,1.35484e+10,3.6092e+13,4.57015e+17,1.62646e+15,7.80651e+08,5.00735e+20
1.947e-08,3.55032e+12,1.35175e+10,3.59087e+13,4.55567e+17,1.62248e+15,7.78885e+08,4.99313e+20
1.95e-08,3.5421e+12,1.34867e+10,3.57254e+13,4.54119e+17,1.6185e+15,7.77118e+08,4.9789e+20
1.953e-08,3.53388e+12,1.34559e+10,3.55421e+13,4.52671e+17,1.61453e+15,7.75351e+08,4.96468e+20
1.956e-08,3.52566e+12,1.3425e+10,3.53588e+13,4.51223e+17,1.61055e+15,7.73584e+08,4.95045e+20
1.959e-08,3.51744e+12,1.33942e+10,3.51755e+13,4.49776e+17,1.60658e+15,7.71817e+08,4.93623e+20
1.962e-08,3.50922e+12,1.33634e+10,3.49922e+13,4.48328e+17,1.6026e+15,7.7005e+08,4.92201e+20
1.965e-08,3.50101e+12,1.33326e+10,3.48089e+13,4.4688e+17,1.59862e+15,7.68283e+08,4.90778e+20
1.968e-08,3.49279e+12,1.33017e+10,3.46256e+13,4.45432e+17,1.59465e+15,7.66516e+08,4.89356e+20
1.971e-08,3.48457e+12,1.32709e+10,3.44423e+13,4.43984e+17,1.59067e+15,7.64749e+08,4.87934e+20
1.974e-08,3.47635e+12,1.32401e+10,3.4259e+13,4.42536e+17,1.5867e+15,7.62982e+08,4.86511e+20
1.977e-08,3.46813e+12,1.32092e+10,3.40758e+13,4.41088e+17,1.58272e+15,7.61215e+08,4.85089e+20
1.98e-08,3.45991e+12,1.31784e+10,3.38925e+13,4.39641e+17,1.57874e+15,7.59448e+08,4.83667e+20
1.983e-08,3.45128e+12,1.31459e+10,3.37144e+13,4.38198e+17,1.57462e+15,7.57585e+08,4.82244e+20
1.986e-08,3.44265e+12,1.31135e+10,3.35363e+13,4.36756e+17,1.5705e+15,7.55721e+08,4.80822e+20
1.989e-08,3.43402e+12,1.3081e+10,3.33583e+13,4.35314e+17,1.56637e+15,7.53857e+08,4.794e+20
1.992e-08,3.42539e+12,1.30485e+10,3.31802e+13,4.33871e+17,1.56225e+15,7.51994e+08,4.77977e+20
1.995e-08,3.41676e+12,1.3016e+10,3.30021e+13,4.32429e+17,1.55812e+15,7.5013e+08,4.76555e+20
1.998e-08,3.40813e+12,1.29835e+10,3.2824e+13,4.30987e+17,1.554e+15,7.48267e+08,4.75133e+20
2.001e-08,3.3995e+12,1.29511e+10,3.2646e+13,4.29544e+17,1.54987e+15,7.46403e+08,4.7371e+20
2.004e-08,3.39087e+12,1.29186e+10,3.24679e+13,4.28102e+17,1.54575e+15,7.4454e+08,4.72288e+20
2.007e-08,3.38224e+12,1.28861e+10,3.22898e+13,4.2666e+17,1.54163e+15,7.42676e+08,4.70865e+20
2.01e-08,3.37361e+12,1.28536e+10,3.21118e+13,4.25217e+17,1.5375e+15,7.40813e+08,4.69443e+20
2.013e-08,3.36498e+12,1.28211e+10,3.19337e+13,4.23775e+17,1.53338e+15,7.38949e+08,4.68021e+20
2.016e-08,3.35635e+12,1.27887e+10,3.17556e+13,4.22333e+17,1.52925e+15,7.37086e+08,4.66598e+20
2.019e-08,3.34772e+12,1.27562e+10,3.15776e+13,4.2089e+17,1.52513e+15,7.35222e+08,4.65176e+20
2.022e-08,3.33909e+12,1.27237e+10,3.13995e+13,4.19448e+17,1.521e+15,7.33358e+08,4.63754e+20
2.025e-08,3.33046e+12,1.26912e+10,3.12214e+13,4.18006e+17,1.51688e+15,7.31495e+08,4.62331e+20
2.028e-08,3.32183e+12,1.26587e+10,3.10434e+13,4.16563e+17,1.51276e+15,7.29631e+08,4.60909e+20
2.031e-08,3.3132e+12,1.26263e+10,3.08653e+13,4.15121e+17,1.50863e+15,7.27768e+08,4.59487e+20
2.034e-08,3.30457e+12,1.25938e+10,3.06872e+13,4.13679e+17,1.50451e+15,7.25904e+08,4.58064e+20
2.037e-08,3.29594e+12,1.25613e+10,3.05092e+13,4.12236e+17,1.50038e+15,7.24041e+08,4.56642e+20
2.04e-08,3.28731e+12,1.25288e+10,3.03311e+13,4.10794e+17,1.49626e+15,7.22177e+08,4.55219e+20
2.043e-08,3.27831e+12,1.24949e+10,3.01594e+13,4.09362e+17,1.492e+15,7.20227e+08,4.53797e+20
2.046e-08,3.26931e+12,1.24609e+10,2.99877e+13,4.07929e+17,1.48775e+15,7.18278e+08,4.52375e+20
2.049e-08,3.26032e+12,1.2427e+10,2.98161e+13,4.06497e+17,1.4835e+15,7.16328e+08,4.50952e+20
2.052e-08,3.25132e+12,1.2393e+10,2.96444e+13,4.05065e+17,1.47924e+15,7.14378e+08,4.4953e+20
2.055e-08,3.24233e+12,1.23591e+10,2.94727e+13,4.03633e+17,1.47499e+15,7.12428e+08,4.48108e+20
2.058e-08,3.23333e+12,1.23251e+10,2.9301e+13,4.022e+17,1.47074e+15,7.10478e+08,4.46685e+20
2.061e-08,3.22434e+12,1.22912e+10,2.91294e+13,4.00768e+17,1.46648e+15,7.08528e+08,4.45263e+20
2.064e-08,3.21534e+12,1.22572e+10,2.89577e+13,3.99335e+17,1.46223e+15,7.06579e+08,4.43841e+20
2.067e-08,3.20634e+12,1.22233e+10,2.8786e+13,3.97903e+17,1.45797e+15,7.04629e+08,4.42418e+20
2.07e-08,3.19735e+12,1.21893e+10,2.86143e+13,3.96471e+17,1.45372e+15,7.02679e+08,4.40996e+20
2.073e-08,3.18835e+12,1.21554e+10,2.84427e+13,3.95039e+17,1.44947e+15,7.00729e+08,4.39573e+20
2.076e-08,3.17936e+12,1.21214e+10,2.8271e+13,3.93606e+17,1.44521e+15,6.98779e+08,4.38151e+20
2.079e-08,3.17036e+12,1.20875e+10,2.80993e+13,3.92174e+17,1.44096e+15,6.9683e+08,4.36729e+20
2.082e-08,3.16136e+12,1.20535e+10,2.79276e+13,3.90741e+17,1.43671e+15,6.9488e+08,4.35306e+20
2.085e-08,3.15237e+12,1.20196e+10,2.7756e+13,3.89309e+17,1.43245e+15,6.9293e+08,4.33884e+20
2.088e-08,3.14337e+12,1.19856e+10,2.75843e+13,3.87877e+17,1.4282e+15,6.9098e+08,4.32462e+20
2.091e-08,3.13438e+12,1.19517e+10,2.74126e+13,3.86445e+17,1.42394e+15,6.8903e+08,4.31039e+20
2.094e-08,3.12538e+12,1.19177e+10,2.72409e+13,3.85012e+17,1.41969e+15,6.8708e+08,4.29617e+20
2.097e-08,3.11638e+12,1.18838e+10,2.70693e+13,3.8358e+17,1.41544e+15,6.85131e+08,4.28194e+20
2.1e-08,3.10739e+12,1.18498e+10,2.68976e+13,3.82147e+17,1.41118e+15,6.83181e+08,4.26772e+20
2.103e-08,3.09807e+12,1.18146e+10,2.67333e+13,3.80729e+17,1.40682e+15,6.81155e+08,4.2535e+20
2.106e-08,3.08875e+12,1.17793e+10,2.65691e+13,3.7931e+17,1.40245e+15,6.79128e+08,4.23927e+20
2.109e-08,3.07943e+12,1.1744e+10,2.64049e+13,3.77892e+17,1.39809e+15,6.77102e+08,4.22505e+20
2.112e-08,3.07012e+12,1.17088e+10,2.62406e+13,3.76473e+17,1.39372e+15,6.75076e+08,4.21082e+20
2.115e-08,3.0608e+12,1.16735e+10,2.60764e+13,3.75055e+17,1.38936e+15,6.7305e+08,4.1966e+20
2.118e-08,3.05148e+12,1.16383e+10,2.59121e+13,3.73636e+17,1.38499e+15,6.71024e+08,4.18238e+20
2.121e-08,3.04216e+12,1.1603e+10,2.57479e+13,3.72218e+17,1.38062e+15,6.68998e+08,4.16815e+20
2.124e-08,3.03284e+12,1.15678e+10,2.55837e+13,3.70799e+17,1.37626e+15,6.66971e+08,4.15393e+20
2.127e-08,3.02353e+12,1.15325e+10,2.54194e+13,3.69381e+17,1.37189e+15,6.64945e+08,4.13971e+20
2.13e-08,3.01421e+12,1.14973e+10,2.52552e+13,3.67962e+17,1.36753e+15,6.62919e+08,4.12548e+20
2.133e-08,3.00489e+12,1.1462e+10,2.50909e+13,3.66544e+17,1.36316e+15,6.60893e+08,4.11126e+20
2.136e-08,2.99557e+12,1.14268e+10,2.49267e+13,3.65125e+17,1.3588e+15,6.58867e+08,4.09703e+20
2.139e-08,2.98625e+12,1.13915e+10,2.47625e+13,3.63707e+17,1.35443e+15,6.56841e+08,4.08281e+20
2.142e-08,2.97694e+12,1.13563e+10,2.45982e+13,3.62288e+17,1.35006e+15,6.54814e+08,4.06859e+20
2.145e-08,2.96762e+12,1.1321e+10,2.4434e+13,3.6087e+17,1.3457e+15,6.52788e+08,4.05436e+20
2.148e-08,2.9583e+12,1.12858e+10,2.42697e+13,3.59451e+17,1.34133e+15,6.50762e+08,4.04014e+20
2.151e-08,2.94898e+12,1.12505e+10,2.41055e+13,3.58033e+17,1.33697e+15,6.48736e+08,4.02591e+20
2.154e-08,2.93966e+12,1.12153e+10,2.39413e+13,3.56614e+17,1.3326e+15,6.4671e+08,4.01169e+20
2.157e-08,2.93035e+12,1.118e+10,2.3777e+13,3.55196e+17,1.32824e+15,6.44684e+08,3.99747e+20
2.16e-08,2.92103e+12,1.11448e+10,2.36128e+13,3.53777e+17,1.32387e+15,6.42657e+08,3.98324e+20
2.163e-08,2.91143e+12,1.11084e+10,2.34569e+13,3.52376e+17,1.31941e+15,6.40565e+08,3.96902e+20
2.166e-08,2.90183e+12,1.1072e+10,2.3301e+13,3.50974e+17,1.31495e+15,6.38471e+08,3.95479e+20
2.169e-08,2.89223e+12,1.10356e+10,2.31452e+13,3.49573e+17,1.31049e+15,6.36378e+08,3.94057e+20
2.172e-08,2.88263e+12,1.09992e+10,2.29893e+13,3.48171e+17,1.30602e+15,6.34285e+08,3.92635e+20
2.175e-08,2.87304e+12,1.09628e+10,2.28334e+13,3.4677e+17,1.30156e+15,6.32193e+08,3.91212e+20
2.178e-08,2.86344e+12,1.09264e+10,2.26775e+13,3.45368e+17,1.2971e+15,6.30099e+08,3.8979e+20
2.181e-08,2.85384e+12,1.089e+10,2.25217e+13,3.43967e+17,1.29264e+15,6.28006e+08,3.88367e+20
2.184e-08,2.84424e+12,1.08537e+10,2.23658e+13,3.42565e+17,1.28818e+15,6.25913e+08,3.86945e+20
2.187e-08,2.83464e+12,1.08173e+10,2.22099e+13,3.41164e+17,1.28372e+15,6.2382e+08,3.85523e+20
2.19e-08,2.82504e+12,1.07809e+10,2.2054e+13,3.39762e+17,1.27925e+15,6.21727e+08,3.841e+20
2.193e-08,2.81544e+12,1.07445e+10,2.18981e+13,3.38361e+17,1.27479e+15,6.19634e+08,3.82678e+20
2.196e-08,2.80585e+12,1.07081e+10,2.17423e+13,3.36959e+17,1.27033e+15,6.17541e+08,3.81255e+20
2.199e-08,2.79625e+12,1.06717e+10,2.15864e+13,3.35558e+17,1.26587e+15,6.15448e+08,3.79833e+20
2.202e-08,2.78665e+12,1.06353e+10,2.14305e+13,3.34156e+17,1.26141e+15,6.13355e+08,3.78411e+20
2.205e-08,2.77705e+12,1.05989e+10,2.12746e+13,3.32755e+17,1.25695e+15,6.11262e+08,3.76988e+20
2.208e-08,2.76745e+12,1.05625e+10,2.11188e+13,3.31353e+17,1.25249e+15,6.09169e+08,3.75566e+20
2.211e-08,2.75785e+12,1.05262e+10,2.09629e+13,3.29952e+17,1.24802e+15,6.07076e+08,3.74143e+20
2.214e-08,2.74825e+12,1.04898e+10,2.0807e+13,3.2855e+17,1.24356e+15,6.04983e+08,3.72721e+20
2.217e-08,2.73866e+12,1.04534e+10,2.06511e+13,3.27149e+17,1.2391e+15,6.0289e+08,3.71298e+20
2.22e-08,2.72906e+12,1.0417e+10,2.04952e+13,3.25747e+17,1.23464e+15,6.00797e+08,3.69876e+20
2.223e-08,2.71922e+12,1.03796e+10,2.03485e+13,3.24365e+17,1.2301e+15,5.98647e+08,3.68454e+20
2.226e-08,2.70938e+12,1.03422e+10,2.02018e+13,3.22983e+17,1.22555e+15,5.96496e+08,3.67031e+20
2.229e-08,2.69954e+12,1.03049e+10,2.00551e+13,3.21601e+17,1.22101e+15,5.94345e+08,3.65609e+20
2.232e-08,2.68969e+12,1.02675e+10,1.99084e+13,3.20219e+17,1.21647e+15,5.92194e+08,3.64186e+20
2.235e-08,2.67985e+12,1.02301e+10,1.97617e+13,3.18838e+17,1.21193e+15,5.90043e+08,3.62764e+20
2.238e-08,2.67001e+12,1.01928e+10,1.9615e+13,3.17456e+17,1.20738e+15,5.87892e+08,3.61341e+20
2.241e-08,2.66017e+12,1.01554e+10,1.94683e+13,3.16074e+17,1.20284e+15,5.85741e+08,3.59919e+20
2.244e-08,2.65033e+12,1.0118e+10,1.93216e+13,3.14692e+17,1.1983e+15,5.8359e+08,3.58497e+20
2.247e-08,2.64049e+12,1.00806e+10,1.91749e+13,3.1331e+17,1.19376e+15,5.8144e+08,3.57074e+20
2.25e-08,2.63065e+12,1.00433e+10,1.90282e+13,3.11928e+17,1.18921e+15,5.79289e+08,3.55652e+20
2.253e-08,2.62081e+12,1.00059e+10,1.88815e+13,3.10546e+17,1.18467e+15,5.77138e+08,3.54229e+20
2.256e-08,2.61097e+12,9.96853e+09,1.87348e+13,3.09164e+17,1.18013e+15,5.74987e+08,3.52807e+20
2.259e-08,2.60113e+12,9.93115e+09,1.85881e+13,3.07782e+17,1.17559e+15,5.72836e+08,3.51384e+20
2.262e-08,2.59129e+12,9.89378e+09,1.84414e+13,3.06401e+17,1.17104e+15,5.70685e+08,3.49962e+20
2.265e-08,2.58145e+12,9.85641e+09,1.82947e+13,3.05019e+17,1.1665e+15,5.68534e+08,3.4854e+20
2.268e-08,2.57161e+12,9.81904e+09,1.8148e+13,3.03637e+17,1.16196e+15,5.66383e+08,3.47117e+20
2.271e-08,2.56177e+12,9.78167e+09,1.80013e+13,3.02255e+17,1.15742e+15,5.64233e+08,3.45695e+20
2.274e-08,2.55193e+12,9.7443e+09,1.78546e+13,3.00873e+17,1.15287e+15,5.62082e+08,3.44272e+20
2.277e-08,2.54209e+12,9.70692e+09,1.77079e+13,2.99491e+17,1.14833e+15,5.59931e+08,3.4285e+20
2.28e-08,2.53225e+12,9.66955e+09,1.75612e+13,2.98109e+17,1.14379e+15,5.5778e+08,3.41427e+20
2.283e-08,2.5222e+12,9.63134e+09,1.74243e+13,2.96749e+17,1.13918e+15,5.5558e+08,3.40005e+20
2.286e-08,2.51216e+12,9.59313e+09,1.72875e+13,2.95389e+17,1.13457e+15,5.53379e+08,3.38582e+20
2.289e-08,2.50211e+12,9.55492e+09,1.71506e+13,2.94028e+17,1.12996e+15,5.51179e+08,3.3716e+20
2.292e-08,2.49206e+12,9.51672e+09,1.70138e+13,2.92668e+17,1.12535e+15,5.48979e+08,3.35738e+20
2.295e-08,2.48202e+12,9.47851e+09,1.6877e+13,2.91308e+17,1.12074e+15,5.46779e+08,3.34315e+20
2.298e-08,2.47197e+12,9.4403e+09,1.67401e+13,2.89948e+17,1.11613e+15,5.44578e+08,3.32893e+20
2.301e-08,2.46193e+12,9.40209e+09,1.66033e+13,2.88587e+17,1.11152e+15,5.42378e+08,3.3147e+20
2.304e-08,2.45188e+12,9.36388e+09,1.64665e+13,2.87227e+17,1.10691e+15,5.40178e+08,3.30048e+20
2.307e-08,2.44183e+12,9.32567e+09,1.63296e+13,2.85867e+17,1.1023e+15,5.37977e+08,3.28625e+20
2.31e-08,2.43179e+12,9.28746e+09,1.61928e+13,2.84506e+17,1.09769e+15,5.35777e+08,3.27203e+20
2.313e-08,2.42174e+12,9.24925e+09,1.6056e+13,2.83146e+17,1.09308e+15,5.33577e+08,3.2578e+20
2.316e-08,2.4117e+12,9.21104e+09,1.59191e+13,2.81786e+17,1.08847e+15,5.31377e+08,3.24358e+20
2.319e-08,2.40165e+12,9.17283e+09,1.57823e+13,2.80425e+17,1.08386e+15,5.29176e+08,3.22935e+20
2.322e-08,2.3916e+12,9.13462e+09,1.56455e+13,2.79065e+17,1.07925e+15,5.26976e+08,3.21513e+20
2.325e-08,2.38156e+12,9.09641e+09,1.55086e+13,2.77705e+17,1.07464e+15,5.24776e+08,3.2009e+20
2.328e-08,2.37151e+12,9.05821e+09,1.53718e+13,2.76345e+17,1.07003e+15,5.22575e+08,3.18668e+20
2.331e-08,2.36147e+12,9.02e+09,1.5235e+13,2.74984e+17,1.06542e+15,5.20375e+08,3.17246e+20
2.334e-08,2.35142e+12,8.98179e+09,1.50981e+13,2.73624e+17,1.06081e+15,5.18175e+08,3.15823e+20
2.337e-08,2.34137e+12,8.94358e+09,1.49613e+13,2.72264e+17,1.0562e+15,5.15975e+08,3.14401e+20
2.34e-08,2.33133e+12,8.90537e+09,1.48245e+13,2.70904e+17,1.05159e+15,5.13774e+08,3.12978e+20
2.343e-08,2.32111e+12,8.86646e+09,1.46981e+13,2.69566e+17,1.04692e+15,5.11532e+08,3.11556e+20
2.346e-08,2.31089e+12,8.82754e+09,1.45717e+13,2.68229e+17,1.04226e+15,5.09291e+08,3.10133e+20
2.349e-08,2.30068e+12,8.78863e+09,1.44454e+13,2.66892e+17,1.03759e+15,5.07049e+08,3.08711e+20
2.352e-08,2.29046e+12,8.74972e+09,1.4319e+13,2.65554e+17,1.03293e+15,5.04807e+08,3.07288e+20
2.355e-08,2.28024e+12,8.71081e+09,1.41926e+13,2.64217e+17,1.02826e+15,5.02565e+08,3.05866e+20
2.358e-08,2.27002e+12,8.6719e+09,1.40663e+13,2.6288e+17,1.02359e+15,5.00323e+08,3.04443e+20
2.361e-08,2.2598e+12,8.63298e+09,1.39399e+13,2.61543e+17,1.01893e+15,4.98081e+08,3.03021e+20
2.364e-08,2.24959e+12,8.59407e+09,1.38136e+13,2.60205e+17,1.01426e+15,4.9584e+08,3.01598e+20
2.367e-08,2.23937e+12,8.55516e+09,1.36872e+13,2.58868e+17,1.0096e+15,4.93598e+08,3.00176e+20
2.37e-08,2.22915e+12,8.51625e+09,1.35608e+13,2.57531e+17,1.00493e+15,4.91356e+08,2.98753e+20
2.373e-08,2.21893e+12,8.47733e+09,1.34344e+13,2.56194e+17,1.00027e+15,4.89114e+08,2.97331e+20
2.376e-08,2.20871e+12,8.43842e+09,1.33081e+13,2.54856e+17,9.95601e+14,4.86872e+08,2.95908e+20
2.379e-08,2.1985e+12,8.39951e+09,1.31817e+13,2.53519e+17,9.90935e+14,4.8463e+08,2.94486e+20
2.382e-08,2.18828e+12,8.3606e+09,1.30554e+13,2.52182e+17,9.8627e+14,4.82388e+08,2.93063e+20
2.385e-08,2.17806e+12,8.32169e+09,1.2929e+13,2.50845e+17,9.81604e+14,4.80147e+08,2.91641e+20
2.388e-08,2.16784e+12,8.28278e+09,1.28026e+13,2.49507e+17,9.76939e+14,4.77905e+08,2.90218e+20
2.391e-08,2.15762e+12,8.24386e+09,1.26763e+13,2.4817e+17,9.72273e+14,4.75663e+08,2.88796e+20
2.394e-08,2.14741e+12,8.20495e+09,1.25499e+13,2.46833e+17,9.67608e+14,4.73421e+08,2.87373e+20
2.397e-08,2.13719e+12,8.16604e+09,1.24235e+13,2.45495e+17,9.62942e+14,4.71179e+08,2.85951e+20
2.4e-08,2.12697e+12,8.12713e+09,1.22972e+13,2.44158e+17,9.58277e+14,4.68937e+08,2.84528e+20
2.403e-08,2.11661e+12,8.08763e+09,1.21818e+13,2.42845e+17,9.53566e+14,4.66661e+08,2.83106e+20
2.406e-08,2.10625e+12,8.04814e+09,1.20664e+13,2.41531e+17,9.48857e+14,4.64385e+08,2.81683e+20
2.409e-08,2.09589e+12,8.00865e+09,1.1951e+13,2.40218e+17,9.44146e+14,4.62109e+08,2.80261e+20
2.412e-08,2.08554e+12,7.96916e+09,1.18356e+13,2.38905e+17,9.39436e+14,4.59833e+08,2.78838e+20
2.415e-08,2.07518e+12,7.92967e+09,1.17202e+13,2.37591e+17,9.34726e+14,4.57557e+08,2.77416e+20
2.418e-08,2.06482e+12,7.89018e+09,1.16048e+13,2.36278e+17,9.30016e+14,4.5528e+08,2.75993e+20
2.421e-08,2.05446e+12,7.85069e+09,1.14894e+13,2.34964e+17,9.25306e+14,4.53004e+08,2.74571e+20
2.424e-08,2.0441e+12,7.8112e+09,1.1374e+13,2.33651e+17,9.20596e+14,4.50728e+08,2.73148e+20
2.427e-08,2.03374e+12,7.7717e+09,1.12586e+13,2.32338e+17,9.15886e+14,4.48452e+08,2.71726e+20
2.43e-08,2.02338e+12,7.73221e+09,1.11432e+13,2.31024e+17,9.11176e+14,4.46176e+08,2.70303e+20
2.433e-08,2.01302e+12,7.69272e+09,1.10278e+13,2.29711e+17,9.06466e+14,4.43899e+08,2.68881e+20
2.436e-08,2.00266e+12,7.65323e+09,1.09124e+13,2.28397e+17,9.01756e+14,4.41623e+08,2.67458e+20
2.439e-08,1.9923e+12,7.61374e+09,1.0797e+13,2.27084e+17,8.97045e+14,4.39347e+08,2.66035e+20
2.442e-08,1.98194e+12,7.57425e+09,1.06816e+13,2.25771e+17,8.92335e+14,4.37071e+08,2.64613e+20
2.445e-08,1.97159e+12,7.53476e+09,1.05662e+13,2.24457e+17,8.87625e+14,4.34795e+08,2.6319e+20
2.448e-08,1.96123e+12,7.49527e+09,1.04508e+13,2.23144e+17,8.82915e+14,4.32519e+08,2.61768e+20
2.451e-08,1.95087e+12,7.45577e+09,1.03354e+13,2.2183e+17,8.78205e+14,4.30242e+08,2.60345e+20
2.454e-08,1.94051e+12,7.41628e+09,1.022e+13,2.20517e+17,8.73495e+14,4.27966e+08,2.58923e+20
2.457e-08,1.93015e+12,7.37679e+09,1.01046e+13,2.19204e+17,8.68785e+14,4.2569e+08,2.575e+20
2.46e-08,1.91979e+12,7.3373e+09,9.98916e+12,2.1789e+17,8.64075e+14,4.23414e+08,2.56078e+20
2.463e-08,1.90932e+12,7.29734e+09,9.88513e+12,2.16601e+17,8.5933e+14,4.2111e+08,2.54655e+20
2.466e-08,1.89885e+12,7.25739e+09,9.7811e+12,2.15312e+17,8.54585e+14,4.18806e+08,2.53233e+20
2.469e-08,1.88837e+12,7.21743e+09,9.67708e+12,2.14022e+17,8.4984e+14,4.16502e+08,2.5181e+20
2.472e-08,1.8779e+12,7.17747e+09,9.57305e+12,2.12733e+17,8.45095e+14,4.14198e+08,2.50388e+20
2.475e-08,1.86743e+12,7.13751e+09,9.46903e+12,2.11444e+17,8.40349e+14,4.11894e+08,2.48965e+20
2.478e-08,1.85696e+12,7.09755e+09,9.365e+12,2.10155e+17,8.35604e+14,4.09591e+08,2.47543e+20
2.481e-08,1.84648e+12,7.0576e+09,9.26097e+12,2.08865e+17,8.30859e+14,4.07287e+08,2.4612e+20
2.484e-08,1.83601e+12,7.01764e+09,9.15695e+12,2.07576e+17,8.26114e+14,4.04983e+08,2.44697e+20
2.487e-08,1.82554e+12,6.97768e+09,9.05292e+12,2.06287e+17,8.21369e+14,4.02679e+08,2.43275e+20
2.49e-08,1.81507e+12,6.93772e+09,8.9489e+12,2.04997e+17,8.16624e+14,4.00375e+08,2.41852e+20
2.493e-08,1.80459e+12,6.89776e+09,8.84487e+12,2.03708e+17,8.11879e+14,3.98071e+08,2.4043e+20
2.496e-08,1.79412e+12,6.85781e+09,8.74085e+12,2.02419e+17,8.07134e+14,3.95767e+08,2.39007e+20
2.499e-08,1.78365e+12,6.81785e+09,8.63682e+12,2.0113e+17,8.02389e+14,3.93463e+08,2.37585e+20
2.502e-08,1.77318e+12,6.77789e+09,8.5328e+12,1.9984e+17,7.97644e+14,3.91159e+08,2.36162e+20
2.505e-08,1.7627e+12,6.73793e+09,8.42877e+12,1.98551e+17,7.92899e+14,3.88855e+08,2.34739e+20
2.508e-08,1.75223e+12,6.69798e+09,8.32475e+12,1.97262e+17,7.88154e+14,3.86552e+08,2.33317e+20
2.511e-08,1.74176e+12,6.65802e+09,8.22072e+12,1.95972e+17,7.83409e+14,3.84248e+08,2.31894e+20
2.514e-08,1.73129e+12,6.61806e+09,8.1167e+12,1.94683e+17,7.78664e+14,3.81944e+08,2.30472e+20
2.517e-08,1.72081e+12,6.5781e+09,8.01267e+12,1.93394e+17,7.73919e+14,3.7964e+08,2.29049e+20
2.52e-08,1.71034e+12,6.53815e+09,7.90865e+12,1.92105e+17,7.69174e+14,3.77336e+08,2.27627e+20
2.523e-08,1.69978e+12,6.49782e+09,7.81633e+12,1.90839e+17,7.64402e+14,3.7501e+08,2.26204e+20
2.526e-08,1.68922e+12,6.4575e+09,7.724e+12,1.89574e+17,7.5963e+14,3.72685e+08,2.24782e+20
2.529e-08,1.67866e+12,6.41717e+09,7.63168e+12,1.88308e+17,7.54858e+14,3.70359e+08,2.23359e+20
2.532e-08,1.6681e+12,6.37685e+09,7.53936e+12,1.87043e+17,7.50087e+14,3.68033e+08,2.21936e+20
2.535e-08,1.65754e+12,6.33653e+09,7.44703e+12,1.85777e+17,7.45315e+14,3.65707e+08,2.20514e+20
2.538e-08,1.64698e+12,6.2962e+09,7.35471e+12,1.84512e+17,7.40544e+14,3.63382e+08,2.19091e+20
2.541e-08,1.63642e+12,6.25588e+09,7.26239e+12,1.83246e+17,7.35772e+14,3.61056e+08,2.17669e+20
2.544e-08,1.62586e+12,6.21556e+09,7.17007e+12,1.81981e+17,7.31e+14,3.5873e+08,2.16246e+20
2.547e-08,1.61529e+12,6.17523e+09,7.07774e+12,1.80715e+17,7.26228e+14,3.56405e+08,2.14823e+20
2.55e-08,1.60473e+12,6.13491e+09,6.98542e+12,1.7945e+17,7.21457e+14,3.54079e+08,2.13401e+20
2.553e-08,1.59417e+12,6.09458e+09,6.8931e+12,1.78185e+17,7.16685e+14,3.51753e+08,2.11978e+20
2.556e-08,1.58361e+12,6.05426e+09,6.80078e+12,1.76919e+17,7.11914e+14,3.49428e+08,2.10556e+20
2.559e-08,1.57305e+12,6.01394e+09,6.70845e+12,1.75654e+17,7.07142e+14,3.47102e+08,2.09133e+20
2.562e-08,1.56249e+12,5.97362e+09,6.61613e+12,1.74388e+17,7.0237e+14,3.44776e+08,2.07711e+20
2.565e-08,1.55193e+12,5.93329e+09,6.5238e+12,1.73123e+17,6.97598e+14,3.4245e+08,2.06288e+20
2.568e-08,1.54137e+12,5.89297e+09,6.43148e+12,1.71857e+17,6.92827e+14,3.40125e+08,2.04865e+20
2.571e-08,1.53081e+12,5.85264e+09,6.33916e+12,1.70592e+17,6.88055e+14,3.37799e+08,2.03443e+20
2.574e-08,1.52025e+12,5.81232e+09,6.24684e+12,1.69326e+17,6.83283e+14,3.35473e+08,2.0202e+20
2.577e-08,1.50969e+12,5.772e+09,6.15451e+12,1.68061e+17,6.78512e+14,3.33147e+08,2.00598e+20
2.58e-08,1.49912e+12,5.73167e+09,6.06219e+12,1.66795e+17,6.7374e+14,3.30822e+08,1.99175e+20
2.583e-08,1.4885e+12,5.69107e+09,5.98182e+12,1.65553e+17,6.68949e+14,3.28479e+08,1.97752e+20
2.586e-08,1.47787e+12,5.65047e+09,5.90146e+12,1.6431e+17,6.64158e+14,3.26137e+08,1.9633e+20
2.589e-08,1.46724e+12,5.60987e+09,5.82109e+12,1.63068e+17,6.59367e+14,3.23795e+08,1.94907e+20
2.592e-08,1.45661e+12,5.56927e+09,5.74073e+12,1.61825e+17,6.54576e+14,3.21453e+08,1.93485e+20
2.595e-08,1.44599e+12,5.52867e+09,5.66036e+12,1.60583e+17,6.49784e+14,3.1911e+08,1.92062e+20
2.598e-08,1.43536e+12,5.48807e+09,5.58e+12,1.5934e+17,6.44993e+14,3.16768e+08,1.90639e+20
2.601e-08,1.42473e+12,5.44747e+09,5.49963e+12,1.58098e+17,6.40202e+14,3.14426e+08,1.89217e+20
2.604e-08,1.4141e+12,5.40687e+09,5.41927e+12,1.56855e+17,6.35411e+14,3.12083e+08,1.87794e+20
2.607e-08,1.40348e+12,5.36627e+09,5.3389e+12,1.55613e+17,6.3062e+14,3.09741e+08,1.86372e+20
2.61e-08,1.39285e+12,5.32567e+09,5.25854e+12,1.5437e+17,6.25829e+14,3.07399e+08,1.84949e+20
2.613e-08,1.38222e+12,5.28507e+09,5.17817e+12,1.53127e+17,6.21038e+14,3.05057e+08,1.83526e+20
2.616e-08,1.37159e+12,5.24447e+09,5.09781e+12,1.51885e+17,6.16247e+14,3.02714e+08,1.82104e+20
2.619e-08,1.36097e+12,5.20387e+09,5.01744e+12,1.50642e+17,6.11456e+14,3.00372e+08,1.80681e+20
2.622e-08,1.35034e+12,5.16327e+09,4.93707e+12,1.494e+17,6.06665e+14,2.9803e+08,1.79259e+20
2.625e-08,1.33971e+12,5.12267e+09,4.85671e+12,1.48157e+17,6.01873e+14,2.95687e+08,1.77836e+20
2.628e-08,1.32908e+12,5.08207e+09,4.77634e+12,1.46915e+17,5.97082e+14,2.93345e+08,1.76413e+20
2.631e-08,1.31846e+12,5.04147e+09,4.69598e+12,1.45672e+17,5.92291e+14,2.91003e+08,1.74991e+20
2.634e-08,1.30783e+12,5.00087e+09,4.61561e+12,1.4443e+17,5.875e+14,2.88661e+08,1.73568e+20
2.637e-08,1.2972e+12,4.96027e+09,4.53525e+12,1.43187e+17,5.82709e+14,2.86318e+08,1.72145e+20
2.64e-08,1.28657e+12,4.91967e+09,4.45488e+12,1.41945e+17,5.77918e+14,2.83976e+08,1.70723e+20
2.643e-08,1.2759e+12,4.87887e+09,4.38666e+12,1.40724e+17,5.73113e+14,2.81622e+08,1.693e+20
2.646e-08,1.26522e+12,4.83807e+09,4.31844e+12,1.39503e+17,5.68309e+14,2.79267e+08,1.67878e+20
2.649e-08,1.25455e+12,4.79726e+09,4.25022e+12,1.38281e+17,5.63504e+14,2.76913e+08,1.66455e+20
2.652e-08,1.24387e+12,4.75647e+09,4.182e+12,1.3706e+17,5.587e+14,2.74559e+08,1.65032e+20
2.655e-08,1.2332e+12,4.71566e+09,4.11378e+12,1.35839e+17,5.53895e+14,2.72204e+08,1.6361e+20
2.658e-08,1.22252e+12,4.67487e+09,4.04556e+12,1.34618e+17,5.49091e+14,2.6985e+08,1.62187e+20
2.661e-08,1.21185e+12,4.63406e+09,3.97733e+12,1.33397e+17,5.44286e+14,2.67495e+08,1.60764e+20
2.664e-08,1.20117e+12,4.59326e+09,3.90912e+12,1.32176e+17,5.39481e+14,2.65141e+08,1.59342e+20
2.667e-08,1.1905e+12,4.55246e+09,3.84089e+12,1.30955e+17,5.34677e+14,2.62787e+08,1.57919e+20
2.67e-08,1.17982e+12,4.51166e+09,3.77267e+12,1.29734e+17,5.29872e+14,2.60432e+08,1.56496e+20
2.673e-08,1.16914e+12,4.47086e+09,3.70445e+12,1.28513e+17,5.25068e+14,2.58078e+08,1.55074e+20
2.676e-08,1.15847e+12,4.43006e+09,3.63623e+12,1.27292e+17,5.20263e+14,2.55724e+08,1.53651e+20
2.679e-08,1.14779e+12,4.38926e+09,3.56801e+12,1.26071e+17,5.15459e+14,2.53369e+08,1.52228e+20
2.682e-08,1.13712e+12,4.34846e+09,3.49979e+12,1.2485e+17,5.10654e+14,2.51015e+08,1.50806e+20
2.685e-08,1.12644e+12,4.30766e+09,3.43157e+12,1.23629e+17,5.05849e+14,2.48661e+08,1.49383e+20
2.688e-08,1.11577e+12,4.26686e+09,3.36335e+12,1.22408e+17,5.01045e+14,2.46306e+08,1.47961e+20
2.691e-08,1.10509e+12,4.22606e+09,3.29513e+12,1.21187e+17,4.9624e+14,2.43952e+08,1.46538e+20
2.694e-08,1.09442e+12,4.18526e+09,3.22691e+12,1.19965e+17,4.91436e+14,2.41598e+08,1.45115e+20
2.697e-08,1.08374e+12,4.14446e+09,3.15868e+12,1.18744e+17,4.86631e+14,2.39243e+08,1.43693e+20
2.7e-08,1.07307e+12,4.10366e+09,3.09047e+12,1.17523e+17,4.81827e+14,2.36889e+08,1.4227e+20
2.703e-08,1.06236e+12,4.06272e+09,3.03453e+12,1.16322e+17,4.77014e+14,2.34526e+08,1.40847e+20
2.706e-08,1.05165e+12,4.02179e+09,2.97861e+12,1.1512e+17,4.72201e+14,2.32164e+08,1.39425e+20
2.709e-08,1.04094e+12,3.98085e+09,2.92267e+12,1.13918e+17,4.67387e+14,2.29801e+08,1.38002e+20
2.712e-08,1.03024e+12,3.93992e+09,2.86675e+12,1.12717e+17,4.62574e+14,2.27439e+08,1.36579e+20
2.715e-08,1.01953e+12,3.89898e+09,2.81081e+12,1.11515e+17,4.57761e+14,2.25076e+08,1.35157e+20
2.718e-08,1.00882e+12,3.85804e+09,2.75489e+12,1.10313e+17,4.52948e+14,2.22713e+08,1.33734e+20
2.721e-08,9.98114e+11,3.81711e+09,2.69895e+12,1.09112e+17,4.48135e+14,2.20351e+08,1.32311e+20
2.724e-08,9.87407e+11,3.77617e+09,2.64303e+12,1.0791e+17,4.43322e+14,2.17988e+08,1.30889e+20
2.727e-08,9.76699e+11,3.73524e+09,2.58709e+12,1.06708e+17,4.38509e+14,2.15626e+08,1.29466e+20
2.73e-08,9.65992e+11,3.6943e+09,2.53117e+12,1.05507e+17,4.33696e+14,2.13263e+08,1.28043e+20
2.733e-08,9.55284e+11,3.65336e+09,2.47523e+12,1.04305e+17,4.28882e+14,2.109e+08,1.26621e+20
2.736e-08,9.44577e+11,3.61243e+09,2.41931e+12,1.03104e+17,4.24069e+14,2.08538e+08,1.25198e+20
2.739e-08,9.33869e+11,3.57149e+09,2.36337e+12,1.01902e+17,4.19256e+14,2.06175e+08,1.23775e+20
2.742e-08,9.23162e+11,3.53056e+09,2.30745e+12,1.007e+17,4.14443e+14,2.03813e+08,1.22353e+20
2.745e-08,9.12454e+11,3.48962e+09,2.25151e+12,9.94986e+16,4.0963e+14,2.0145e+08,1.2093e+20
2.748e-08,9.01747e+11,3.44869e+09,2.19559e+12,9.8297e+16,4.04817e+14,1.99087e+08,1.19507e+20
2.751e-08,8.91039e+11,3.40775e+09,2.13965e+12,9.70953e+16,4.00004e+14,1.96725e+08,1.18085e+20
2.754e-08,8.80332e+11,3.36681e+09,2.08373e+12,9.58937e+16,3.95191e+14,1.94362e+08,1.16662e+20
2.757e-08,8.69624e+11,3.32588e+09,2.02779e+12,9.4692e+16,3.90378e+14,1.92e+08,1.15239e+20
2.76e-08,8.58917e+11,3.28494e+09,1.97187e+12,9.34904e+16,3.85565e+14,1.89637e+08,1.13817e+20
2.763e-08,8.4819e+11,3.24392e+09,1.92827e+12,9.23055e+16,3.80747e+14,1.87269e+08,1.12394e+20
2.766e-08,8.37463e+11,3.2029e+09,1.88468e+12,9.11206e+16,3.75929e+14,1.84902e+08,1.10971e+20
2.769e-08,8.26736e+11,3.16188e+09,1.84109e+12,8.99357e+16,3.71111e+14,1.82534e+08,1.09549e+20
2.772e-08,8.16009e+11,3.12086e+09,1.7975e+12,8.87509e+16,3.66293e+14,1.80166e+08,1.08126e+20
2.775e-08,8.05282e+11,3.07984e+09,1.75391e+12,8.7566e+16,3.61475e+14,1.77798e+08,1.06703e+20
2.778e-08,7.94555e+11,3.03883e+09,1.71032e+12,8.63811e+16,3.56657e+14,1.75431e+08,1.05281e+20
2.781e-08,7.83828e+11,2.99781e+09,1.66673e+12,8.51962e+16,3.51839e+14,1.73063e+08,1.03858e+20
2.784e-08,7.73101e+11,2.95679e+09,1.62314e+12,8.40114e+16,3.47022e+14,1.70695e+08,1.02435e+20
2.787e-08,7.62374e+11,2.91577e+09,1.57955e+12,8.28265e+16,3.42203e+14,1.68327e+08,1.01012e+20
2.79e-08,7.51647e+11,2.87475e+09,1.53596e+12,8.16416e+16,3.37386e+14,1.6596e+08,9.95898e+19
2.793e-08,7.4092e+11,2.83373e+09,1.49237e+12,8.04567e+16,3.32568e+14,1.63592e+08,9.81671e+19
2.796e-08,7.30193e+11,2.79271e+09,1.44878e+12,7.92719e+16,3.2775e+14,1.61224e+08,9.67445e+19
2.799e-08,7.19466e+11,2.75169e+09,1.40519e+12,7.8087e+16,3.22932e+14,1.58856e+08,9.53217e+19
2.802e-08,7.08739e+11,2.71067e+09,1.3616e+12,7.69022e+16,3.18114e+14,1.56489e+08,9.38991e+19
2.805e-08,6.98012e+11,2.66965e+09,1.31801e+12,7.57172e+16,3.13296e+14,1.54121e+08,9.24764e+19
2.808e-08,6.87285e+11,2.62863e+09,1.27442e+12,7.45324e+16,3.08478e+14,1.51753e+08,9.10537e+19
2.811e-08,6.76558e+11,2.58761e+09,1.23082e+12,7.33475e+16,3.0366e+14,1.49385e+08,8.9631e+19
2.814e-08,6.65831e+11,2.54659e+09,1.18723e+12,7.21627e+16,2.98843e+14,1.47018e+08,8.82083e+19
2.817e-08,6.55104e+11,2.50557e+09,1.14364e+12,7.09777e+16,2.94025e+14,1.4465e+08,8.67856e+19
2.82e-08,6.44377e+11,2.46455e+09,1.10005e+12,6.97929e+16,2.89207e+14,1.42282e+08,8.5363e+19
2.823e-08,6.3364e+11,2.42349e+09,1.06901e+12,6.86215e+16,2.84387e+14,1.39912e+08,8.39402e+19
2.826e-08,6.22903e+11,2.38243e+09,1.03796e+12,6.74502e+16,2.79567e+14,1.37541e+08,8.25175e+19
2.829e-08,6.12166e+11,2.34136e+09,1.00691e+12,6.62788e+16,2.74747e+14,1.35171e+08,8.10948e+19
2.832e-08,6.01429e+11,2.3003e+09,9.75869e+11,6.51075e+16,2.69927e+14,1.328e+08,7.96721e+19
2.835e-08,5.90692e+11,2.25924e+09,9.44822e+11,6.39361e+16,2.65107e+14,1.3043e+08,7.82494e+19
2.838e-08,5.79955e+11,2.21817e+09,9.13776e+11,6.27648e+16,2.60287e+14,1.28059e+08,7.68267e+19
2.841e-08,5.69217e+11,2.17711e+09,8.82729e+11,6.15934e+16,2.55467e+14,1.25688e+08,7.5404e+19
2.844e-08,5.58481e+11,2.13605e+09,8.51684e+11,6.04221e+16,2.50647e+14,1.23318e+08,7.39813e+19
2.847e-08,5.47743e+11,2.09498e+09,8.20637e+11,5.92507e+16,2.45827e+14,1.20947e+08,7.25586e+19
2.85e-08,5.37007e+11,2.05392e+09,7.89592e+11,5.80794e+16,2.41007e+14,1.18577e+08,7.11359e+19
2.853e-08,5.26269e+11,2.01285e+09,7.58545e+11,5.6908e+16,2.36187e+14,1.16206e+08,6.97132e+19
2.856e-08,5.15533e+11,1.97179e+09,7.275e+11,5.57367e+16,2.31368e+14,1.13836e+08,6.82905e+19
2.859e-08,5.04795e+11,1.93073e+09,6.96453e+11,5.45653e+16,2.26547e+14,1.11465e+08,6.68678e+19
2.862e-08,4.94058e+11,1.88966e+09,6.65407e+11,5.3394e+16,2.21728e+14,1.09095e+08,6.54451e+19
2.865e-08,4.83321e+11,1.8486e+09,6.3436e+11,5.22226e+16,2.16908e+14,1.06724e+08,6.40224e+19
2.868e-08,4.72584e+11,1.80754e+09,6.03315e+11,5.10513e+16,2.12088e+14,1.04354e+08,6.25997e+19
2.871e-08,4.61847e+11,1.76647e+09,5.72268e+11,4.98799e+16,2.07268e+14,1.01983e+08,6.11769e+19
2.874e-08,4.5111e+11,1.72541e+09,5.41223e+11,4.87086e+16,2.02448e+14,9.96128e+07,5.97543e+19
2.877e-08,4.40373e+11,1.68435e+09,5.10176e+11,4.75372e+16,1.97628e+14,9.72422e+07,5.83315e+19
2.88e-08,4.29636e+11,1.64328e+09,4.79131e+11,4.63659e+16,1.92808e+14,9.48717e+07,5.69089e+19
2.883e-08,4.18895e+11,1.6022e+09,4.60087e+11,4.52041e+16,1.87988e+14,9.25e+07,5.54861e+19
2.886e-08,4.08155e+11,1.56112e+09,4.41044e+11,4.40424e+16,1.83167e+14,9.01284e+07,5.40634e+19
2.889e-08,3.97414e+11,1.52004e+09,4.22001e+11,4.28807e+16,1.78347e+14,8.77566e+07,5.26407e+19
2.892e-08,3.86673e+11,1.47896e+09,4.02959e+11,4.1719e+16,1.73527e+14,8.5385e+07,5.1218e+19
2.895e-08,3.75932e+11,1.43788e+09,3.83916e+11,4.05573e+16,1.68706e+14,8.30133e+07,4.97952e+19
2.898e-08,3.65192e+11,1.3968e+09,3.64874e+11,3.93956e+16,1.63886e+14,8.06417e+07,4.83726e+19
2.901e-08,3.54451e+11,1.35572e+09,3.4583e+11,3.82339e+16,1.59066e+14,7.827e+07,4.69498e+19
2.904e-08,3.43711e+11,1.31464e+09,3.26788e+11,3.70722e+16,1.54245e+14,7.58984e+07,4.55271e+19
2.907e-08,3.3297e+11,1.27356e+09,3.07745e+11,3.59105e+16,1.49425e+14,7.35266e+07,4.41044e+19
2.91e-08,3.22229e+11,1.23248e+09,2.88703e+11,3.47488e+16,1.44605e+14,7.1155e+07,4.26817e+19
2.913e-08,3.11488e+11,1.1914e+09,2.69659e+11,3.3587e+16,1.39784e+14,6.87833e+07,4.1259e+19
2.916e-08,3.00748e+11,1.15032e+09,2.50617e+11,3.24254e+16,1.34964e+14,6.64117e+07,3.98363e+19
2.919e-08,2.90007e+11,1.10923e+09,2.31574e+11,3.12636e+16,1.30144e+14,6.40399e+07,3.84135e+19
2.922e-08,2.79267e+11,1.06815e+09,2.12532e+11,3.0102e+16,1.25323e+14,6.16683e+07,3.69908e+19
2.925e-08,2.68526e+11,1.02707e+09,1.93489e+11,2.89402e+16,1.20503e+14,5.92966e+07,3.55681e+19
2.928e-08,2.57785e+11,9.85994e+08,1.74446e+11,2.77785e+16,1.15683e+14,5.6925e+07,3.41454e+19
2.931e-08,2.47044e+11,9.44912e+08,1.55403e+11,2.66168e+16,1.10862e+14,5.45533e+07,3.27227e+19
2.934e-08,2.36304e+11,9.03832e+08,1.36361e+11,2.54551e+16,1.06042e+14,5.21817e+07,3.13e+19
2.937e-08,2.25563e+11,8.62751e+08,1.17318e+11,2.42934e+16,1.01222e+14,4.98099e+07,2.98772e+19
2.94e-08,2.14822e+11,8.21671e+08,9.82755e+10,2.31317e+16,9.64014e+13,4.74383e+07,2.84545e+19
2.943e-08,2.04081e+11,7.80586e+08,9.33608e+10,2.19751e+16,9.15812e+13,4.50663e+07,2.70318e+19
2.946e-08,1.9334e+11,7.39504e+08,8.84472e+10,2.08185e+16,8.67613e+13,4.26945e+07,2.56091e+19
2.949e-08,1.82599e+11,6.98419e+08,8.35333e+10,1.96619e+16,8.19411e+13,4.03225e+07,2.41863e+19
2.952e-08,1.71858e+11,6.57337e+08,7.86197e+10,1.85054e+16,7.71211e+13,3.79506e+07,2.27636e+19
2.955e-08,1.61116e+11,6.16252e+08,7.37058e+10,1.73487e+16,7.23009e+13,3.55787e+07,2.13409e+19
2.958e-08,1.50376e+11,5.7517e+08,6.87923e+10,1.61922e+16,6.7481e+13,3.32068e+07,1.99182e+19
2.961e-08,1.39634e+11,5.34085e+08,6.38784e+10,1.50356e+16,6.26608e+13,3.08348e+07,1.84954e+19
2.964e-08,1.28893e+11,4.93003e+08,5.89648e+10,1.3879e+16,5.78409e+13,2.8463e+07,1.70727e+19
2.967e-08,1.18152e+11,4.51918e+08,5.40509e+10,1.27224e+16,5.30206e+13,2.6091e+07,1.565e+19
2.97e-08,1.07411e+11,4.10836e+08,4.91373e+10,1.15659e+16,4.82007e+13,2.37192e+07,1.42273e+19
2.973e-08,9.66698e+10,3.69751e+08,4.42235e+10,1.04092e+16,4.33805e+13,2.13472e+07,1.28045e+19
2.976e-08,8.5929e+10,3.28668e+08,3.93099e+10,9.25268e+15,3.85606e+13,1.89753e+07,1.13818e+19
2.979e-08,7.51875e+10,2.87584e+08,3.4396e+10,8.09606e+15,3.37404e+13,1.66033e+07,9.95905e+18
2.982e-08,6.44461e+10,2.46499e+08,2.94821e+10,6.93944e+15,2.89201e+13,1.42314e+07,8.53628e+18
2.985e-08,5.37053e+10,2.05417e+08,2.45685e+10,5.78289e+15,2.41002e+13,1.18595e+07,7.11359e+18
2.988e-08,4.29645e+10,1.64334e+08,1.96549e+10,4.62634e+15,1.92803e+13,9.48766e+06,5.69091e+18
2.991e-08,3.22237e+10,1.23252e+08,1.47413e+10,3.46979e+15,1.44604e+13,7.11582e+06,4.26822e+18
2.994e-08,2.14816e+10,8.21647e+07,9.82718e+09,2.3131e+15,9.63986e+12,4.74369e+06,2.84537e+18
2.997e-08,1.07408e+10,4.10823e+07,4.91359e+09,1.15655e+15,4.81993e+12,2.37185e+06,1.42269e+18
3e-08,0,0,0,0,0,0,0
