"ib","vtkValidPointMask","arc_length","Points:0","Points:1","Points:2"
-52398,1,0,0,0,0
7.0695e+05,1,2e-10,2e-10,0,0
1.9026e+06,1,4e-10,4e-10,0,0
3.3617e+06,1,6e-10,6e-10,0,0
4.9669e+06,1,8e-10,8e-10,0,0
6.6078e+06,1,1e-09,1e-09,0,0
8.2003e+06,1,1.2e-09,1.2e-09,0,0
9.6613e+06,1,1.4e-09,1.4e-09,0,0
1.0948e+07,1,1.6e-09,1.6e-09,0,0
1.2007e+07,1,1.8e-09,1.8e-09,0,0
1.2842e+07,1,2e-09,2e-09,0,0
1.3472e+07,1,2.2e-09,2.2e-09,0,0
1.3902e+07,1,2.4e-09,2.4e-09,0,0
1.419e+07,1,2.6e-09,2.6e-09,0,0
1.4369e+07,1,2.8e-09,2.8e-09,0,0
1.4465e+07,1,3e-09,3e-09,0,0
1.4513e+07,1,3.2e-09,3.2e-09,0,0
1.4529e+07,1,3.4e-09,3.4e-09,0,0
1.4527e+07,1,3.6e-09,3.6e-09,0,0
1.4515e+07,1,3.8e-09,3.8e-09,0,0
1.4498e+07,1,4e-09,4e-09,0,0
1.4479e+07,1,4.2e-09,4.2e-09,0,0
1.4459e+07,1,4.4e-09,4.4e-09,0,0
1.4439e+07,1,4.6e-09,4.6e-09,0,0
1.4418e+07,1,4.8e-09,4.8e-09,0,0
1.4397e+07,1,5e-09,5e-09,0,0
1.4377e+07,1,5.2e-09,5.2e-09,0,0
1.4356e+07,1,5.4e-09,5.4e-09,0,0
1.4336e+07,1,5.6e-09,5.6e-09,0,0
1.4315e+07,1,5.8e-09,5.8e-09,0,0
1.4294e+07,1,6e-09,6e-09,0,0
1.4274e+07,1,6.2e-09,6.2e-09,0,0
1.4253e+07,1,6.4e-09,6.4e-09,0,0
1.4233e+07,1,6.6e-09,6.6e-09,0,0
1.4212e+07,1,6.8e-09,6.8e-09,0,0
1.4192e+07,1,7e-09,7e-09,0,0
1.4172e+07,1,7.2e-09,7.2e-09,0,0
1.4151e+07,1,7.4e-09,7.4e-09,0,0
1.4131e+07,1,7.6e-09,7.6e-09,0,0
1.4111e+07,1,7.8e-09,7.8e-09,0,0
1.4091e+07,1,8e-09,8e-09,0,0
1.407e+07,1,8.2e-09,8.2e-09,0,0
1.405e+07,1,8.4e-09,8.4e-09,0,0
1.403e+07,1,8.6e-09,8.6e-09,0,0
1.401e+07,1,8.8e-09,8.8e-09,0,0
1.399e+07,1,9e-09,9e-09,0,0
1.3969e+07,1,9.2e-09,9.2e-09,0,0
1.3949e+07,1,9.4e-09,9.4e-09,0,0
1.3929e+07,1,9.6e-09,9.6e-09,0,0
1.3909e+07,1,9.8e-09,9.8e-09,0,0
1.3889e+07,1,1e-08,1e-08,0,0
1.3869e+07,1,1.02e-08,1.02e-08,0,0
1.3849e+07,1,1.04e-08,1.04e-08,0,0
1.3829e+07,1,1.06e-08,1.06e-08,0,0
1.3809e+07,1,1.08e-08,1.08e-08,0,0
1.379e+07,1,1.1e-08,1.1e-08,0,0
1.377e+07,1,1.12e-08,1.12e-08,0,0
1.375e+07,1,1.14e-08,1.14e-08,0,0
1.373e+07,1,1.16e-08,1.16e-08,0,0
1.371e+07,1,1.18e-08,1.18e-08,0,0
1.3691e+07,1,1.2e-08,1.2e-08,0,0
1.3671e+07,1,1.22e-08,1.22e-08,0,0
1.3651e+07,1,1.24e-08,1.24e-08,0,0
1.3631e+07,1,1.26e-08,1.26e-08,0,0
1.3612e+07,1,1.28e-08,1.28e-08,0,0
1.3592e+07,1,1.3e-08,1.3e-08,0,0
1.3573e+07,1,1.32e-08,1.32e-08,0,0
1.3553e+07,1,1.34e-08,1.34e-08,0,0
1.3533e+07,1,1.36e-08,1.36e-08,0,0
1.3514e+07,1,1.38e-08,1.38e-08,0,0
1.3494e+07,1,1.4e-08,1.4e-08,0,0
1.3475e+07,1,1.42e-08,1.42e-08,0,0
1.3456e+07,1,1.44e-08,1.44e-08,0,0
1.3436e+07,1,1.46e-08,1.46e-08,0,0
1.3417e+07,1,1.48e-08,1.48e-08,0,0
1.3397e+07,1,1.5e-08,1.5e-08,0,0
1.3378e+07,1,1.52e-08,1.52e-08,0,0
1.3359e+07,1,1.54e-08,1.54e-08,0,0
1.3339e+07,1,1.56e-08,1.56e-08,0,0
1.332e+07,1,1.58e-08,1.58e-08,0,0
1.3301e+07,1,1.6e-08,1.6e-08,0,0
1.3281e+07,1,1.62e-08,1.62e-08,0,0
1.3262e+07,1,1.64e-08,1.64e-08,0,0
1.3243e+07,1,1.66e-08,1.66e-08,0,0
1.3224e+07,1,1.68e-08,1.68e-08,0,0
1.3205e+07,1,1.7e-08,1.7e-08,0,0
1.3186e+07,1,1.72e-08,1.72e-08,0,0
1.3166e+07,1,1.74e-08,1.74e-08,0,0
1.3147e+07,1,1.76e-08,1.76e-08,0,0
1.3128e+07,1,1.78e-08,1.78e-08,0,0
1.3109e+07,1,1.8e-08,1.8e-08,0,0
1.309e+07,1,1.82e-08,1.82e-08,0,0
1.3071e+07,1,1.84e-08,1.84e-08,0,0
1.3052e+07,1,1.86e-08,1.86e-08,0,0
1.3033e+07,1,1.88e-08,1.88e-08,0,0
1.3015e+07,1,1.9e-08,1.9e-08,0,0
1.2996e+07,1,1.92e-08,1.92e-08,0,0
1.2977e+07,1,1.94e-08,1.94e-08,0,0
1.2958e+07,1,1.96e-08,1.96e-08,0,0
1.2939e+07,1,1.98e-08,1.98e-08,0,0
1.292e+07,1,2e-08,2e-08,0,0
1.2902e+07,1,2.02e-08,2.02e-08,0,0
1.2883e+07,1,2.04e-08,2.04e-08,0,0
1.2864e+07,1,2.06e-08,2.06e-08,0,0
1.2845e+07,1,2.08e-08,2.08e-08,0,0
1.2827e+07,1,2.1e-08,2.1e-08,0,0
1.2808e+07,1,2.12e-08,2.12e-08,0,0
1.2789e+07,1,2.14e-08,2.14e-08,0,0
1.2771e+07,1,2.16e-08,2.16e-08,0,0
1.2752e+07,1,2.18e-08,2.18e-08,0,0
1.2734e+07,1,2.2e-08,2.2e-08,0,0
1.2715e+07,1,2.22e-08,2.22e-08,0,0
1.2697e+07,1,2.24e-08,2.24e-08,0,0
1.2678e+07,1,2.26e-08,2.26e-08,0,0
1.266e+07,1,2.28e-08,2.28e-08,0,0
1.2641e+07,1,2.3e-08,2.3e-08,0,0
1.2623e+07,1,2.32e-08,2.32e-08,0,0
1.2605e+07,1,2.34e-08,2.34e-08,0,0
1.2586e+07,1,2.36e-08,2.36e-08,0,0
1.2568e+07,1,2.38e-08,2.38e-08,0,0
1.255e+07,1,2.4e-08,2.4e-08,0,0
1.2531e+07,1,2.42e-08,2.42e-08,0,0
1.2513e+07,1,2.44e-08,2.44e-08,0,0
1.2495e+07,1,2.46e-08,2.46e-08,0,0
1.2477e+07,1,2.48e-08,2.48e-08,0,0
1.2458e+07,1,2.5e-08,2.5e-08,0,0
1.244e+07,1,2.52e-08,2.52e-08,0,0
1.2422e+07,1,2.54e-08,2.54e-08,0,0
1.2404e+07,1,2.56e-08,2.56e-08,0,0
1.2386e+07,1,2.58e-08,2.58e-08,0,0
1.2368e+07,1,2.6e-08,2.6e-08,0,0
1.235e+07,1,2.62e-08,2.62e-08,0,0
1.2332e+07,1,2.64e-08,2.64e-08,0,0
1.2314e+07,1,2.66e-08,2.66e-08,0,0
1.2296e+07,1,2.68e-08,2.68e-08,0,0
1.2278e+07,1,2.7e-08,2.7e-08,0,0
1.226e+07,1,2.72e-08,2.72e-08,0,0
1.2242e+07,1,2.74e-08,2.74e-08,0,0
1.2224e+07,1,2.76e-08,2.76e-08,0,0
1.2206e+07,1,2.78e-08,2.78e-08,0,0
1.2188e+07,1,2.8e-08,2.8e-08,0,0
1.2171e+07,1,2.82e-08,2.82e-08,0,0
1.2153e+07,1,2.84e-08,2.84e-08,0,0
1.2135e+07,1,2.86e-08,2.86e-08,0,0
1.2117e+07,1,2.88e-08,2.88e-08,0,0
1.21e+07,1,2.9e-08,2.9e-08,0,0
1.2082e+07,1,2.92e-08,2.92e-08,0,0
1.2064e+07,1,2.94e-08,2.94e-08,0,0
1.2047e+07,1,2.96e-08,2.96e-08,0,0
1.2029e+07,1,2.98e-08,2.98e-08,0,0
1.2012e+07,1,3e-08,3e-08,0,0
1.1994e+07,1,3.02e-08,3.02e-08,0,0
1.1976e+07,1,3.04e-08,3.04e-08,0,0
1.1959e+07,1,3.06e-08,3.06e-08,0,0
1.1941e+07,1,3.08e-08,3.08e-08,0,0
1.1924e+07,1,3.1e-08,3.1e-08,0,0
1.1906e+07,1,3.12e-08,3.12e-08,0,0
1.1889e+07,1,3.14e-08,3.14e-08,0,0
1.1872e+07,1,3.16e-08,3.16e-08,0,0
1.1854e+07,1,3.18e-08,3.18e-08,0,0
1.1837e+07,1,3.2e-08,3.2e-08,0,0
1.182e+07,1,3.22e-08,3.22e-08,0,0
1.1802e+07,1,3.24e-08,3.24e-08,0,0
1.1785e+07,1,3.26e-08,3.26e-08,0,0
1.1768e+07,1,3.28e-08,3.28e-08,0,0
1.1751e+07,1,3.3e-08,3.3e-08,0,0
1.1733e+07,1,3.32e-08,3.32e-08,0,0
1.1716e+07,1,3.34e-08,3.34e-08,0,0
1.1699e+07,1,3.36e-08,3.36e-08,0,0
1.1682e+07,1,3.38e-08,3.38e-08,0,0
1.1665e+07,1,3.4e-08,3.4e-08,0,0
1.1648e+07,1,3.42e-08,3.42e-08,0,0
1.1631e+07,1,3.44e-08,3.44e-08,0,0
1.1614e+07,1,3.46e-08,3.46e-08,0,0
1.1597e+07,1,3.48e-08,3.48e-08,0,0
1.158e+07,1,3.5e-08,3.5e-08,0,0
1.1563e+07,1,3.52e-08,3.52e-08,0,0
1.1546e+07,1,3.54e-08,3.54e-08,0,0
1.1529e+07,1,3.56e-08,3.56e-08,0,0
1.1512e+07,1,3.58e-08,3.58e-08,0,0
1.1495e+07,1,3.6e-08,3.6e-08,0,0
1.1478e+07,1,3.62e-08,3.62e-08,0,0
1.1462e+07,1,3.64e-08,3.64e-08,0,0
1.1445e+07,1,3.66e-08,3.66e-08,0,0
1.1428e+07,1,3.68e-08,3.68e-08,0,0
1.1411e+07,1,3.7e-08,3.7e-08,0,0
1.1395e+07,1,3.72e-08,3.72e-08,0,0
1.1378e+07,1,3.74e-08,3.74e-08,0,0
1.1361e+07,1,3.76e-08,3.76e-08,0,0
1.1345e+07,1,3.78e-08,3.78e-08,0,0
1.1328e+07,1,3.8e-08,3.8e-08,0,0
1.1311e+07,1,3.82e-08,3.82e-08,0,0
1.1295e+07,1,3.84e-08,3.84e-08,0,0
1.1278e+07,1,3.86e-08,3.86e-08,0,0
1.1262e+07,1,3.88e-08,3.88e-08,0,0
1.1245e+07,1,3.9e-08,3.9e-08,0,0
1.1229e+07,1,3.92e-08,3.92e-08,0,0
1.1212e+07,1,3.94e-08,3.94e-08,0,0
1.1196e+07,1,3.96e-08,3.96e-08,0,0
1.118e+07,1,3.98e-08,3.98e-08,0,0
1.1163e+07,1,4e-08,4e-08,0,0
1.1147e+07,1,4.02e-08,4.02e-08,0,0
1.1131e+07,1,4.04e-08,4.04e-08,0,0
1.1114e+07,1,4.06e-08,4.06e-08,0,0
1.1098e+07,1,4.08e-08,4.08e-08,0,0
1.1082e+07,1,4.1e-08,4.1e-08,0,0
1.1066e+07,1,4.12e-08,4.12e-08,0,0
1.1049e+07,1,4.14e-08,4.14e-08,0,0
1.1033e+07,1,4.16e-08,4.16e-08,0,0
1.1017e+07,1,4.18e-08,4.18e-08,0,0
1.1001e+07,1,4.2e-08,4.2e-08,0,0
1.0985e+07,1,4.22e-08,4.22e-08,0,0
1.0969e+07,1,4.24e-08,4.24e-08,0,0
1.0953e+07,1,4.26e-08,4.26e-08,0,0
1.0937e+07,1,4.28e-08,4.28e-08,0,0
1.0921e+07,1,4.3e-08,4.3e-08,0,0
1.0905e+07,1,4.32e-08,4.32e-08,0,0
1.0889e+07,1,4.34e-08,4.34e-08,0,0
1.0873e+07,1,4.36e-08,4.36e-08,0,0
1.0857e+07,1,4.38e-08,4.38e-08,0,0
1.0841e+07,1,4.4e-08,4.4e-08,0,0
1.0825e+07,1,4.42e-08,4.42e-08,0,0
1.0809e+07,1,4.44e-08,4.44e-08,0,0
1.0794e+07,1,4.46e-08,4.46e-08,0,0
1.0778e+07,1,4.48e-08,4.48e-08,0,0
1.0762e+07,1,4.5e-08,4.5e-08,0,0
1.0746e+07,1,4.52e-08,4.52e-08,0,0
1.0731e+07,1,4.54e-08,4.54e-08,0,0
1.0715e+07,1,4.56e-08,4.56e-08,0,0
1.0699e+07,1,4.58e-08,4.58e-08,0,0
1.0684e+07,1,4.6e-08,4.6e-08,0,0
1.0668e+07,1,4.62e-08,4.62e-08,0,0
1.0652e+07,1,4.64e-08,4.64e-08,0,0
1.0637e+07,1,4.66e-08,4.66e-08,0,0
1.0621e+07,1,4.68e-08,4.68e-08,0,0
1.0606e+07,1,4.7e-08,4.7e-08,0,0
1.059e+07,1,4.72e-08,4.72e-08,0,0
1.0575e+07,1,4.74e-08,4.74e-08,0,0
1.0559e+07,1,4.76e-08,4.76e-08,0,0
1.0544e+07,1,4.78e-08,4.78e-08,0,0
1.0529e+07,1,4.8e-08,4.8e-08,0,0
1.0513e+07,1,4.82e-08,4.82e-08,0,0
1.0498e+07,1,4.84e-08,4.84e-08,0,0
1.0483e+07,1,4.86e-08,4.86e-08,0,0
1.0467e+07,1,4.88e-08,4.88e-08,0,0
1.0452e+07,1,4.9e-08,4.9e-08,0,0
1.0437e+07,1,4.92e-08,4.92e-08,0,0
1.0422e+07,1,4.94e-08,4.94e-08,0,0
1.0406e+07,1,4.96e-08,4.96e-08,0,0
1.0391e+07,1,4.98e-08,4.98e-08,0,0
1.0376e+07,1,5e-08,5e-08,0,0
1.0361e+07,1,5.02e-08,5.02e-08,0,0
1.0346e+07,1,5.04e-08,5.04e-08,0,0
1.0331e+07,1,5.06e-08,5.06e-08,0,0
1.0316e+07,1,5.08e-08,5.08e-08,0,0
1.0301e+07,1,5.1e-08,5.1e-08,0,0
1.0286e+07,1,5.12e-08,5.12e-08,0,0
1.0271e+07,1,5.14e-08,5.14e-08,0,0
1.0256e+07,1,5.16e-08,5.16e-08,0,0
1.0241e+07,1,5.18e-08,5.18e-08,0,0
1.0226e+07,1,5.2e-08,5.2e-08,0,0
1.0211e+07,1,5.22e-08,5.22e-08,0,0
1.0196e+07,1,5.24e-08,5.24e-08,0,0
1.0181e+07,1,5.26e-08,5.26e-08,0,0
1.0166e+07,1,5.28e-08,5.28e-08,0,0
1.0151e+07,1,5.3e-08,5.3e-08,0,0
1.0137e+07,1,5.32e-08,5.32e-08,0,0
1.0122e+07,1,5.34e-08,5.34e-08,0,0
1.0107e+07,1,5.36e-08,5.36e-08,0,0
1.0092e+07,1,5.38e-08,5.38e-08,0,0
1.0078e+07,1,5.4e-08,5.4e-08,0,0
1.0063e+07,1,5.42e-08,5.42e-08,0,0
1.0049e+07,1,5.44e-08,5.44e-08,0,0
1.0034e+07,1,5.46e-08,5.46e-08,0,0
1.0019e+07,1,5.48e-08,5.48e-08,0,0
1.0005e+07,1,5.5e-08,5.5e-08,0,0
9.9903e+06,1,5.52e-08,5.52e-08,0,0
9.9757e+06,1,5.54e-08,5.54e-08,0,0
9.9612e+06,1,5.56e-08,5.56e-08,0,0
9.9467e+06,1,5.58e-08,5.58e-08,0,0
9.9323e+06,1,5.6e-08,5.6e-08,0,0
9.9179e+06,1,5.62e-08,5.62e-08,0,0
9.9035e+06,1,5.64e-08,5.64e-08,0,0
9.8891e+06,1,5.66e-08,5.66e-08,0,0
9.8748e+06,1,5.68e-08,5.68e-08,0,0
9.8605e+06,1,5.7e-08,5.7e-08,0,0
9.8462e+06,1,5.72e-08,5.72e-08,0,0
9.8319e+06,1,5.74e-08,5.74e-08,0,0
9.8176e+06,1,5.76e-08,5.76e-08,0,0
9.8034e+06,1,5.78e-08,5.78e-08,0,0
9.7892e+06,1,5.8e-08,5.8e-08,0,0
9.775e+06,1,5.82e-08,5.82e-08,0,0
9.7608e+06,1,5.84e-08,5.84e-08,0,0
9.7466e+06,1,5.86e-08,5.86e-08,0,0
9.7325e+06,1,5.88e-08,5.88e-08,0,0
9.7185e+06,1,5.9e-08,5.9e-08,0,0
9.7044e+06,1,5.92e-08,5.92e-08,0,0
9.6903e+06,1,5.94e-08,5.94e-08,0,0
9.6763e+06,1,5.96e-08,5.96e-08,0,0
9.6623e+06,1,5.98e-08,5.98e-08,0,0
9.6483e+06,1,6e-08,6e-08,0,0
9.6344e+06,1,6.02e-08,6.02e-08,0,0
9.6204e+06,1,6.04e-08,6.04e-08,0,0
9.6065e+06,1,6.06e-08,6.06e-08,0,0
9.5926e+06,1,6.08e-08,6.08e-08,0,0
9.5788e+06,1,6.1e-08,6.1e-08,0,0
9.5649e+06,1,6.12e-08,6.12e-08,0,0
9.5511e+06,1,6.14e-08,6.14e-08,0,0
9.5373e+06,1,6.16e-08,6.16e-08,0,0
9.5235e+06,1,6.18e-08,6.18e-08,0,0
9.5098e+06,1,6.2e-08,6.2e-08,0,0
9.4961e+06,1,6.22e-08,6.22e-08,0,0
9.4823e+06,1,6.24e-08,6.24e-08,0,0
9.4686e+06,1,6.26e-08,6.26e-08,0,0
9.455e+06,1,6.28e-08,6.28e-08,0,0
9.4414e+06,1,6.3e-08,6.3e-08,0,0
9.4278e+06,1,6.32e-08,6.32e-08,0,0
9.4141e+06,1,6.34e-08,6.34e-08,0,0
9.4006e+06,1,6.36e-08,6.36e-08,0,0
9.3871e+06,1,6.38e-08,6.38e-08,0,0
9.3735e+06,1,6.4e-08,6.4e-08,0,0
9.36e+06,1,6.42e-08,6.42e-08,0,0
9.3465e+06,1,6.44e-08,6.44e-08,0,0
9.3331e+06,1,6.46e-08,6.46e-08,0,0
9.3197e+06,1,6.48e-08,6.48e-08,0,0
9.3063e+06,1,6.5e-08,6.5e-08,0,0
9.2929e+06,1,6.52e-08,6.52e-08,0,0
9.2794e+06,1,6.54e-08,6.54e-08,0,0
9.2661e+06,1,6.56e-08,6.56e-08,0,0
9.2528e+06,1,6.58e-08,6.58e-08,0,0
9.2395e+06,1,6.6e-08,6.6e-08,0,0
9.2262e+06,1,6.62e-08,6.62e-08,0,0
9.2129e+06,1,6.64e-08,6.64e-08,0,0
9.1998e+06,1,6.66e-08,6.66e-08,0,0
9.1866e+06,1,6.68e-08,6.68e-08,0,0
9.1734e+06,1,6.7e-08,6.7e-08,0,0
9.1602e+06,1,6.72e-08,6.72e-08,0,0
9.147e+06,1,6.74e-08,6.74e-08,0,0
9.1339e+06,1,6.76e-08,6.76e-08,0,0
9.1209e+06,1,6.78e-08,6.78e-08,0,0
9.1078e+06,1,6.8e-08,6.8e-08,0,0
9.0947e+06,1,6.82e-08,6.82e-08,0,0
9.0816e+06,1,6.84e-08,6.84e-08,0,0
9.0687e+06,1,6.86e-08,6.86e-08,0,0
9.0557e+06,1,6.88e-08,6.88e-08,0,0
9.0427e+06,1,6.9e-08,6.9e-08,0,0
9.0298e+06,1,6.92e-08,6.92e-08,0,0
9.0168e+06,1,6.94e-08,6.94e-08,0,0
9.004e+06,1,6.96e-08,6.96e-08,0,0
8.9911e+06,1,6.98e-08,6.98e-08,0,0
8.9782e+06,1,7e-08,7e-08,0,0
8.9654e+06,1,7.02e-08,7.02e-08,0,0
8.9525e+06,1,7.04e-08,7.04e-08,0,0
8.9398e+06,1,7.06e-08,7.06e-08,0,0
8.927e+06,1,7.08e-08,7.08e-08,0,0
8.9143e+06,1,7.1e-08,7.1e-08,0,0
8.9015e+06,1,7.12e-08,7.12e-08,0,0
8.8888e+06,1,7.14e-08,7.14e-08,0,0
8.8762e+06,1,7.16e-08,7.16e-08,0,0
8.8635e+06,1,7.18e-08,7.18e-08,0,0
8.8509e+06,1,7.2e-08,7.2e-08,0,0
8.8382e+06,1,7.22e-08,7.22e-08,0,0
8.8256e+06,1,7.24e-08,7.24e-08,0,0
8.8131e+06,1,7.26e-08,7.26e-08,0,0
8.8005e+06,1,7.28e-08,7.28e-08,0,0
8.788e+06,1,7.3e-08,7.3e-08,0,0
8.7754e+06,1,7.32e-08,7.32e-08,0,0
8.763e+06,1,7.34e-08,7.34e-08,0,0
8.7505e+06,1,7.36e-08,7.36e-08,0,0
8.7381e+06,1,7.38e-08,7.38e-08,0,0
8.7257e+06,1,7.4e-08,7.4e-08,0,0
8.7132e+06,1,7.42e-08,7.42e-08,0,0
8.7009e+06,1,7.44e-08,7.44e-08,0,0
8.6885e+06,1,7.46e-08,7.46e-08,0,0
8.6762e+06,1,7.48e-08,7.48e-08,0,0
8.6638e+06,1,7.5e-08,7.5e-08,0,0
8.6515e+06,1,7.52e-08,7.52e-08,0,0
8.6393e+06,1,7.54e-08,7.54e-08,0,0
8.627e+06,1,7.56e-08,7.56e-08,0,0
8.6148e+06,1,7.58e-08,7.58e-08,0,0
8.6026e+06,1,7.6e-08,7.6e-08,0,0
8.5904e+06,1,7.62e-08,7.62e-08,0,0
8.5782e+06,1,7.64e-08,7.64e-08,0,0
8.5661e+06,1,7.66e-08,7.66e-08,0,0
8.554e+06,1,7.68e-08,7.68e-08,0,0
8.5418e+06,1,7.7e-08,7.7e-08,0,0
8.5297e+06,1,7.72e-08,7.72e-08,0,0
8.5177e+06,1,7.74e-08,7.74e-08,0,0
8.5057e+06,1,7.76e-08,7.76e-08,0,0
8.4936e+06,1,7.78e-08,7.78e-08,0,0
8.4816e+06,1,7.8e-08,7.8e-08,0,0
8.4696e+06,1,7.82e-08,7.82e-08,0,0
8.4577e+06,1,7.84e-08,7.84e-08,0,0
8.4458e+06,1,7.86e-08,7.86e-08,0,0
8.4338e+06,1,7.88e-08,7.88e-08,0,0
8.4219e+06,1,7.9e-08,7.9e-08,0,0
8.41e+06,1,7.92e-08,7.92e-08,0,0
8.3982e+06,1,7.94e-08,7.94e-08,0,0
8.3864e+06,1,7.96e-08,7.96e-08,0,0
8.3745e+06,1,7.98e-08,7.98e-08,0,0
8.3627e+06,1,8e-08,8e-08,0,0
8.3509e+06,1,8.02e-08,8.02e-08,0,0
8.3392e+06,1,8.04e-08,8.04e-08,0,0
8.3275e+06,1,8.06e-08,8.06e-08,0,0
8.3158e+06,1,8.08e-08,8.08e-08,0,0
8.304e+06,1,8.1e-08,8.1e-08,0,0
8.2924e+06,1,8.12e-08,8.12e-08,0,0
8.2808e+06,1,8.14e-08,8.14e-08,0,0
8.2691e+06,1,8.16e-08,8.16e-08,0,0
8.2575e+06,1,8.18e-08,8.18e-08,0,0
8.2459e+06,1,8.2e-08,8.2e-08,0,0
8.2343e+06,1,8.22e-08,8.22e-08,0,0
8.2228e+06,1,8.24e-08,8.24e-08,0,0
8.2113e+06,1,8.26e-08,8.26e-08,0,0
8.1997e+06,1,8.28e-08,8.28e-08,0,0
8.1882e+06,1,8.3e-08,8.3e-08,0,0
8.1768e+06,1,8.32e-08,8.32e-08,0,0
8.1653e+06,1,8.34e-08,8.34e-08,0,0
8.1539e+06,1,8.36e-08,8.36e-08,0,0
8.1425e+06,1,8.38e-08,8.38e-08,0,0
8.1311e+06,1,8.4e-08,8.4e-08,0,0
8.1197e+06,1,8.42e-08,8.42e-08,0,0
8.1084e+06,1,8.44e-08,8.44e-08,0,0
8.0971e+06,1,8.46e-08,8.46e-08,0,0
8.0857e+06,1,8.48e-08,8.48e-08,0,0
8.0744e+06,1,8.5e-08,8.5e-08,0,0
8.0632e+06,1,8.52e-08,8.52e-08,0,0
8.0519e+06,1,8.54e-08,8.54e-08,0,0
8.0407e+06,1,8.56e-08,8.56e-08,0,0
8.0295e+06,1,8.58e-08,8.58e-08,0,0
8.0183e+06,1,8.6e-08,8.6e-08,0,0
8.0071e+06,1,8.62e-08,8.62e-08,0,0
7.996e+06,1,8.64e-08,8.64e-08,0,0
7.9848e+06,1,8.66e-08,8.66e-08,0,0
7.9737e+06,1,8.68e-08,8.68e-08,0,0
7.9626e+06,1,8.7e-08,8.7e-08,0,0
7.9515e+06,1,8.72e-08,8.72e-08,0,0
7.9405e+06,1,8.74e-08,8.74e-08,0,0
7.9295e+06,1,8.76e-08,8.76e-08,0,0
7.9184e+06,1,8.78e-08,8.78e-08,0,0
7.9074e+06,1,8.8e-08,8.8e-08,0,0
7.8965e+06,1,8.82e-08,8.82e-08,0,0
7.8855e+06,1,8.84e-08,8.84e-08,0,0
7.8746e+06,1,8.86e-08,8.86e-08,0,0
7.8636e+06,1,8.88e-08,8.88e-08,0,0
7.8527e+06,1,8.9e-08,8.9e-08,0,0
7.8419e+06,1,8.92e-08,8.92e-08,0,0
7.831e+06,1,8.94e-08,8.94e-08,0,0
7.8202e+06,1,8.96e-08,8.96e-08,0,0
7.8093e+06,1,8.98e-08,8.98e-08,0,0
7.7985e+06,1,9e-08,9e-08,0,0
7.7877e+06,1,9.02e-08,9.02e-08,0,0
7.777e+06,1,9.04e-08,9.04e-08,0,0
7.7662e+06,1,9.06e-08,9.06e-08,0,0
7.7555e+06,1,9.08e-08,9.08e-08,0,0
7.7448e+06,1,9.1e-08,9.1e-08,0,0
7.7341e+06,1,9.12e-08,9.12e-08,0,0
7.7234e+06,1,9.14e-08,9.14e-08,0,0
7.7128e+06,1,9.16e-08,9.16e-08,0,0
7.7021e+06,1,9.18e-08,9.18e-08,0,0
7.6915e+06,1,9.2e-08,9.2e-08,0,0
7.6809e+06,1,9.22e-08,9.22e-08,0,0
7.6703e+06,1,9.24e-08,9.24e-08,0,0
7.6598e+06,1,9.26e-08,9.26e-08,0,0
7.6492e+06,1,9.28e-08,9.28e-08,0,0
7.6387e+06,1,9.3e-08,9.3e-08,0,0
7.6282e+06,1,9.32e-08,9.32e-08,0,0
7.6177e+06,1,9.34e-08,9.34e-08,0,0
7.6072e+06,1,9.36e-08,9.36e-08,0,0
7.5968e+06,1,9.38e-08,9.38e-08,0,0
7.5864e+06,1,9.4e-08,9.4e-08,0,0
7.576e+06,1,9.42e-08,9.42e-08,0,0
7.5656e+06,1,9.44e-08,9.44e-08,0,0
7.5552e+06,1,9.46e-08,9.46e-08,0,0
7.5448e+06,1,9.48e-08,9.48e-08,0,0
7.5345e+06,1,9.5e-08,9.5e-08,0,0
7.5242e+06,1,9.52e-08,9.52e-08,0,0
7.5139e+06,1,9.54e-08,9.54e-08,0,0
7.5036e+06,1,9.56e-08,9.56e-08,0,0
7.4933e+06,1,9.58e-08,9.58e-08,0,0
7.4831e+06,1,9.6e-08,9.6e-08,0,0
7.4729e+06,1,9.62e-08,9.62e-08,0,0
7.4627e+06,1,9.64e-08,9.64e-08,0,0
7.4524e+06,1,9.66e-08,9.66e-08,0,0
7.4423e+06,1,9.68e-08,9.68e-08,0,0
7.4321e+06,1,9.7e-08,9.7e-08,0,0
7.422e+06,1,9.72e-08,9.72e-08,0,0
7.4119e+06,1,9.74e-08,9.74e-08,0,0
7.4018e+06,1,9.76e-08,9.76e-08,0,0
7.3917e+06,1,9.78e-08,9.78e-08,0,0
7.3816e+06,1,9.8e-08,9.8e-08,0,0
7.3716e+06,1,9.82e-08,9.82e-08,0,0
7.3616e+06,1,9.84e-08,9.84e-08,0,0
7.3515e+06,1,9.86e-08,9.86e-08,0,0
7.3415e+06,1,9.88e-08,9.88e-08,0,0
7.3316e+06,1,9.9e-08,9.9e-08,0,0
7.3216e+06,1,9.92e-08,9.92e-08,0,0
7.3117e+06,1,9.94e-08,9.94e-08,0,0
7.3017e+06,1,9.96e-08,9.96e-08,0,0
7.2918e+06,1,9.98e-08,9.98e-08,0,0
7.282e+06,1,1e-07,1e-07,0,0
7.2721e+06,1,1.002e-07,1.002e-07,0,0
7.2622e+06,1,1.004e-07,1.004e-07,0,0
7.2524e+06,1,1.006e-07,1.006e-07,0,0
7.2426e+06,1,1.008e-07,1.008e-07,0,0
7.2328e+06,1,1.01e-07,1.01e-07,0,0
7.223e+06,1,1.012e-07,1.012e-07,0,0
7.2132e+06,1,1.014e-07,1.014e-07,0,0
7.2035e+06,1,1.016e-07,1.016e-07,0,0
7.1938e+06,1,1.018e-07,1.018e-07,0,0
7.1841e+06,1,1.02e-07,1.02e-07,0,0
7.1744e+06,1,1.022e-07,1.022e-07,0,0
7.1647e+06,1,1.024e-07,1.024e-07,0,0
7.155e+06,1,1.026e-07,1.026e-07,0,0
7.1454e+06,1,1.028e-07,1.028e-07,0,0
7.1357e+06,1,1.03e-07,1.03e-07,0,0
7.1261e+06,1,1.032e-07,1.032e-07,0,0
7.1165e+06,1,1.034e-07,1.034e-07,0,0
7.1069e+06,1,1.036e-07,1.036e-07,0,0
7.0974e+06,1,1.038e-07,1.038e-07,0,0
7.0879e+06,1,1.04e-07,1.04e-07,0,0
7.0783e+06,1,1.042e-07,1.042e-07,0,0
7.0688e+06,1,1.044e-07,1.044e-07,0,0
7.0593e+06,1,1.046e-07,1.046e-07,0,0
7.0499e+06,1,1.048e-07,1.048e-07,0,0
7.0404e+06,1,1.05e-07,1.05e-07,0,0
7.031e+06,1,1.052e-07,1.052e-07,0,0
7.0215e+06,1,1.054e-07,1.054e-07,0,0
7.0121e+06,1,1.056e-07,1.056e-07,0,0
7.0028e+06,1,1.058e-07,1.058e-07,0,0
6.9934e+06,1,1.06e-07,1.06e-07,0,0
6.984e+06,1,1.062e-07,1.062e-07,0,0
6.9746e+06,1,1.064e-07,1.064e-07,0,0
6.9653e+06,1,1.066e-07,1.066e-07,0,0
6.9561e+06,1,1.068e-07,1.068e-07,0,0
6.9468e+06,1,1.07e-07,1.07e-07,0,0
6.9375e+06,1,1.072e-07,1.072e-07,0,0
6.9282e+06,1,1.074e-07,1.074e-07,0,0
6.919e+06,1,1.076e-07,1.076e-07,0,0
6.9098e+06,1,1.078e-07,1.078e-07,0,0
6.9006e+06,1,1.08e-07,1.08e-07,0,0
6.8914e+06,1,1.082e-07,1.082e-07,0,0
6.8822e+06,1,1.084e-07,1.084e-07,0,0
6.873e+06,1,1.086e-07,1.086e-07,0,0
6.8639e+06,1,1.088e-07,1.088e-07,0,0
6.8548e+06,1,1.09e-07,1.09e-07,0,0
6.8457e+06,1,1.092e-07,1.092e-07,0,0
6.8365e+06,1,1.094e-07,1.094e-07,0,0
6.8275e+06,1,1.096e-07,1.096e-07,0,0
6.8185e+06,1,1.098e-07,1.098e-07,0,0
6.8094e+06,1,1.1e-07,1.1e-07,0,0
6.8004e+06,1,1.102e-07,1.102e-07,0,0
6.7913e+06,1,1.104e-07,1.104e-07,0,0
6.7824e+06,1,1.106e-07,1.106e-07,0,0
6.7734e+06,1,1.108e-07,1.108e-07,0,0
6.7644e+06,1,1.11e-07,1.11e-07,0,0
6.7555e+06,1,1.112e-07,1.112e-07,0,0
6.7465e+06,1,1.114e-07,1.114e-07,0,0
6.7376e+06,1,1.116e-07,1.116e-07,0,0
6.7287e+06,1,1.118e-07,1.118e-07,0,0
6.7199e+06,1,1.12e-07,1.12e-07,0,0
6.711e+06,1,1.122e-07,1.122e-07,0,0
6.7021e+06,1,1.124e-07,1.124e-07,0,0
6.6933e+06,1,1.126e-07,1.126e-07,0,0
6.6845e+06,1,1.128e-07,1.128e-07,0,0
6.6757e+06,1,1.13e-07,1.13e-07,0,0
6.6669e+06,1,1.132e-07,1.132e-07,0,0
6.6581e+06,1,1.134e-07,1.134e-07,0,0
6.6494e+06,1,1.136e-07,1.136e-07,0,0
6.6406e+06,1,1.138e-07,1.138e-07,0,0
6.6319e+06,1,1.14e-07,1.14e-07,0,0
6.6232e+06,1,1.142e-07,1.142e-07,0,0
6.6145e+06,1,1.144e-07,1.144e-07,0,0
6.6058e+06,1,1.146e-07,1.146e-07,0,0
6.5972e+06,1,1.148e-07,1.148e-07,0,0
6.5885e+06,1,1.15e-07,1.15e-07,0,0
6.5798e+06,1,1.152e-07,1.152e-07,0,0
6.5712e+06,1,1.154e-07,1.154e-07,0,0
6.5626e+06,1,1.156e-07,1.156e-07,0,0
6.5541e+06,1,1.158e-07,1.158e-07,0,0
6.5455e+06,1,1.16e-07,1.16e-07,0,0
6.5369e+06,1,1.162e-07,1.162e-07,0,0
6.5284e+06,1,1.164e-07,1.164e-07,0,0
6.5199e+06,1,1.166e-07,1.166e-07,0,0
6.5114e+06,1,1.168e-07,1.168e-07,0,0
6.5029e+06,1,1.17e-07,1.17e-07,0,0
6.4943e+06,1,1.172e-07,1.172e-07,0,0
6.4859e+06,1,1.174e-07,1.174e-07,0,0
6.4775e+06,1,1.176e-07,1.176e-07,0,0
6.469e+06,1,1.178e-07,1.178e-07,0,0
6.4606e+06,1,1.18e-07,1.18e-07,0,0
6.4522e+06,1,1.182e-07,1.182e-07,0,0
6.4438e+06,1,1.184e-07,1.184e-07,0,0
6.4355e+06,1,1.186e-07,1.186e-07,0,0
6.4271e+06,1,1.188e-07,1.188e-07,0,0
6.4187e+06,1,1.19e-07,1.19e-07,0,0
6.4104e+06,1,1.192e-07,1.192e-07,0,0
6.4021e+06,1,1.194e-07,1.194e-07,0,0
6.3938e+06,1,1.196e-07,1.196e-07,0,0
6.3855e+06,1,1.198e-07,1.198e-07,0,0
6.3772e+06,1,1.2e-07,1.2e-07,0,0
6.369e+06,1,1.202e-07,1.202e-07,0,0
6.3608e+06,1,1.204e-07,1.204e-07,0,0
6.3525e+06,1,1.206e-07,1.206e-07,0,0
6.3443e+06,1,1.208e-07,1.208e-07,0,0
6.3361e+06,1,1.21e-07,1.21e-07,0,0
6.3279e+06,1,1.212e-07,1.212e-07,0,0
6.3198e+06,1,1.214e-07,1.214e-07,0,0
6.3116e+06,1,1.216e-07,1.216e-07,0,0
6.3035e+06,1,1.218e-07,1.218e-07,0,0
6.2953e+06,1,1.22e-07,1.22e-07,0,0
6.2872e+06,1,1.222e-07,1.222e-07,0,0
6.2792e+06,1,1.224e-07,1.224e-07,0,0
6.2711e+06,1,1.226e-07,1.226e-07,0,0
6.263e+06,1,1.228e-07,1.228e-07,0,0
6.2549e+06,1,1.23e-07,1.23e-07,0,0
6.2469e+06,1,1.232e-07,1.232e-07,0,0
6.2389e+06,1,1.234e-07,1.234e-07,0,0
6.2309e+06,1,1.236e-07,1.236e-07,0,0
6.2229e+06,1,1.238e-07,1.238e-07,0,0
6.2149e+06,1,1.24e-07,1.24e-07,0,0
6.207e+06,1,1.242e-07,1.242e-07,0,0
6.199e+06,1,1.244e-07,1.244e-07,0,0
6.1911e+06,1,1.246e-07,1.246e-07,0,0
6.1832e+06,1,1.248e-07,1.248e-07,0,0
6.1752e+06,1,1.25e-07,1.25e-07,0,0
6.1673e+06,1,1.252e-07,1.252e-07,0,0
6.1595e+06,1,1.254e-07,1.254e-07,0,0
6.1516e+06,1,1.256e-07,1.256e-07,0,0
6.1437e+06,1,1.258e-07,1.258e-07,0,0
6.1359e+06,1,1.26e-07,1.26e-07,0,0
6.1281e+06,1,1.262e-07,1.262e-07,0,0
6.1203e+06,1,1.264e-07,1.264e-07,0,0
6.1125e+06,1,1.266e-07,1.266e-07,0,0
6.1047e+06,1,1.268e-07,1.268e-07,0,0
6.0969e+06,1,1.27e-07,1.27e-07,0,0
6.0892e+06,1,1.272e-07,1.272e-07,0,0
6.0815e+06,1,1.274e-07,1.274e-07,0,0
6.0737e+06,1,1.276e-07,1.276e-07,0,0
6.066e+06,1,1.278e-07,1.278e-07,0,0
6.0583e+06,1,1.28e-07,1.28e-07,0,0
6.0506e+06,1,1.282e-07,1.282e-07,0,0
6.043e+06,1,1.284e-07,1.284e-07,0,0
6.0353e+06,1,1.286e-07,1.286e-07,0,0
6.0276e+06,1,1.288e-07,1.288e-07,0,0
6.02e+06,1,1.29e-07,1.29e-07,0,0
6.0124e+06,1,1.292e-07,1.292e-07,0,0
6.0048e+06,1,1.294e-07,1.294e-07,0,0
5.9972e+06,1,1.296e-07,1.296e-07,0,0
5.9896e+06,1,1.298e-07,1.298e-07,0,0
5.982e+06,1,1.3e-07,1.3e-07,0,0
5.9745e+06,1,1.302e-07,1.302e-07,0,0
5.967e+06,1,1.304e-07,1.304e-07,0,0
5.9595e+06,1,1.306e-07,1.306e-07,0,0
5.9519e+06,1,1.308e-07,1.308e-07,0,0
5.9444e+06,1,1.31e-07,1.31e-07,0,0
5.937e+06,1,1.312e-07,1.312e-07,0,0
5.9295e+06,1,1.314e-07,1.314e-07,0,0
5.922e+06,1,1.316e-07,1.316e-07,0,0
5.9146e+06,1,1.318e-07,1.318e-07,0,0
5.9072e+06,1,1.32e-07,1.32e-07,0,0
5.8998e+06,1,1.322e-07,1.322e-07,0,0
5.8924e+06,1,1.324e-07,1.324e-07,0,0
5.885e+06,1,1.326e-07,1.326e-07,0,0
5.8776e+06,1,1.328e-07,1.328e-07,0,0
5.8702e+06,1,1.33e-07,1.33e-07,0,0
5.8629e+06,1,1.332e-07,1.332e-07,0,0
5.8555e+06,1,1.334e-07,1.334e-07,0,0
5.8482e+06,1,1.336e-07,1.336e-07,0,0
5.8409e+06,1,1.338e-07,1.338e-07,0,0
5.8336e+06,1,1.34e-07,1.34e-07,0,0
5.8263e+06,1,1.342e-07,1.342e-07,0,0
5.819e+06,1,1.344e-07,1.344e-07,0,0
5.8118e+06,1,1.346e-07,1.346e-07,0,0
5.8045e+06,1,1.348e-07,1.348e-07,0,0
5.7973e+06,1,1.35e-07,1.35e-07,0,0
5.7901e+06,1,1.352e-07,1.352e-07,0,0
5.7829e+06,1,1.354e-07,1.354e-07,0,0
5.7757e+06,1,1.356e-07,1.356e-07,0,0
5.7685e+06,1,1.358e-07,1.358e-07,0,0
5.7613e+06,1,1.36e-07,1.36e-07,0,0
5.7542e+06,1,1.362e-07,1.362e-07,0,0
5.747e+06,1,1.364e-07,1.364e-07,0,0
5.7399e+06,1,1.366e-07,1.366e-07,0,0
5.7328e+06,1,1.368e-07,1.368e-07,0,0
5.7257e+06,1,1.37e-07,1.37e-07,0,0
5.7186e+06,1,1.372e-07,1.372e-07,0,0
5.7115e+06,1,1.374e-07,1.374e-07,0,0
5.7044e+06,1,1.376e-07,1.376e-07,0,0
5.6973e+06,1,1.378e-07,1.378e-07,0,0
5.6903e+06,1,1.38e-07,1.38e-07,0,0
5.6833e+06,1,1.382e-07,1.382e-07,0,0
5.6763e+06,1,1.384e-07,1.384e-07,0,0
5.6692e+06,1,1.386e-07,1.386e-07,0,0
5.6623e+06,1,1.388e-07,1.388e-07,0,0
5.6553e+06,1,1.39e-07,1.39e-07,0,0
5.6483e+06,1,1.392e-07,1.392e-07,0,0
5.6414e+06,1,1.394e-07,1.394e-07,0,0
5.6344e+06,1,1.396e-07,1.396e-07,0,0
5.6275e+06,1,1.398e-07,1.398e-07,0,0
5.6206e+06,1,1.4e-07,1.4e-07,0,0
5.6137e+06,1,1.402e-07,1.402e-07,0,0
5.6068e+06,1,1.404e-07,1.404e-07,0,0
5.5999e+06,1,1.406e-07,1.406e-07,0,0
5.593e+06,1,1.408e-07,1.408e-07,0,0
5.5862e+06,1,1.41e-07,1.41e-07,0,0
5.5793e+06,1,1.412e-07,1.412e-07,0,0
5.5725e+06,1,1.414e-07,1.414e-07,0,0
5.5656e+06,1,1.416e-07,1.416e-07,0,0
5.5588e+06,1,1.418e-07,1.418e-07,0,0
5.552e+06,1,1.42e-07,1.42e-07,0,0
5.5453e+06,1,1.422e-07,1.422e-07,0,0
5.5385e+06,1,1.424e-07,1.424e-07,0,0
5.5317e+06,1,1.426e-07,1.426e-07,0,0
5.525e+06,1,1.428e-07,1.428e-07,0,0
5.5182e+06,1,1.43e-07,1.43e-07,0,0
5.5115e+06,1,1.432e-07,1.432e-07,0,0
5.5048e+06,1,1.434e-07,1.434e-07,0,0
5.4981e+06,1,1.436e-07,1.436e-07,0,0
5.4914e+06,1,1.438e-07,1.438e-07,0,0
5.4847e+06,1,1.44e-07,1.44e-07,0,0
5.478e+06,1,1.442e-07,1.442e-07,0,0
5.4714e+06,1,1.444e-07,1.444e-07,0,0
5.4647e+06,1,1.446e-07,1.446e-07,0,0
5.4581e+06,1,1.448e-07,1.448e-07,0,0
5.4515e+06,1,1.45e-07,1.45e-07,0,0
5.4449e+06,1,1.452e-07,1.452e-07,0,0
5.4383e+06,1,1.454e-07,1.454e-07,0,0
5.4317e+06,1,1.456e-07,1.456e-07,0,0
5.4251e+06,1,1.458e-07,1.458e-07,0,0
5.4186e+06,1,1.46e-07,1.46e-07,0,0
5.412e+06,1,1.462e-07,1.462e-07,0,0
5.4055e+06,1,1.464e-07,1.464e-07,0,0
5.3989e+06,1,1.466e-07,1.466e-07,0,0
5.3924e+06,1,1.468e-07,1.468e-07,0,0
5.3859e+06,1,1.47e-07,1.47e-07,0,0
5.3794e+06,1,1.472e-07,1.472e-07,0,0
5.3729e+06,1,1.474e-07,1.474e-07,0,0
5.3665e+06,1,1.476e-07,1.476e-07,0,0
5.36e+06,1,1.478e-07,1.478e-07,0,0
5.3536e+06,1,1.48e-07,1.48e-07,0,0
5.3471e+06,1,1.482e-07,1.482e-07,0,0
5.3407e+06,1,1.484e-07,1.484e-07,0,0
5.3343e+06,1,1.486e-07,1.486e-07,0,0
5.3279e+06,1,1.488e-07,1.488e-07,0,0
5.3215e+06,1,1.49e-07,1.49e-07,0,0
5.3151e+06,1,1.492e-07,1.492e-07,0,0
5.3087e+06,1,1.494e-07,1.494e-07,0,0
5.3024e+06,1,1.496e-07,1.496e-07,0,0
5.296e+06,1,1.498e-07,1.498e-07,0,0
5.2897e+06,1,1.5e-07,1.5e-07,0,0
5.2834e+06,1,1.502e-07,1.502e-07,0,0
5.277e+06,1,1.504e-07,1.504e-07,0,0
5.2708e+06,1,1.506e-07,1.506e-07,0,0
5.2645e+06,1,1.508e-07,1.508e-07,0,0
5.2582e+06,1,1.51e-07,1.51e-07,0,0
5.2519e+06,1,1.512e-07,1.512e-07,0,0
5.2456e+06,1,1.514e-07,1.514e-07,0,0
5.2394e+06,1,1.516e-07,1.516e-07,0,0
5.2332e+06,1,1.518e-07,1.518e-07,0,0
5.227e+06,1,1.52e-07,1.52e-07,0,0
5.2207e+06,1,1.522e-07,1.522e-07,0,0
5.2145e+06,1,1.524e-07,1.524e-07,0,0
5.2083e+06,1,1.526e-07,1.526e-07,0,0
5.2022e+06,1,1.528e-07,1.528e-07,0,0
5.196e+06,1,1.53e-07,1.53e-07,0,0
5.1898e+06,1,1.532e-07,1.532e-07,0,0
5.1837e+06,1,1.534e-07,1.534e-07,0,0
5.1775e+06,1,1.536e-07,1.536e-07,0,0
5.1714e+06,1,1.538e-07,1.538e-07,0,0
5.1653e+06,1,1.54e-07,1.54e-07,0,0
5.1592e+06,1,1.542e-07,1.542e-07,0,0
5.1531e+06,1,1.544e-07,1.544e-07,0,0
5.147e+06,1,1.546e-07,1.546e-07,0,0
5.1409e+06,1,1.548e-07,1.548e-07,0,0
5.1349e+06,1,1.55e-07,1.55e-07,0,0
5.1288e+06,1,1.552e-07,1.552e-07,0,0
5.1228e+06,1,1.554e-07,1.554e-07,0,0
5.1167e+06,1,1.556e-07,1.556e-07,0,0
5.1107e+06,1,1.558e-07,1.558e-07,0,0
5.1047e+06,1,1.56e-07,1.56e-07,0,0
5.0987e+06,1,1.562e-07,1.562e-07,0,0
5.0927e+06,1,1.564e-07,1.564e-07,0,0
5.0867e+06,1,1.566e-07,1.566e-07,0,0
5.0808e+06,1,1.568e-07,1.568e-07,0,0
5.0748e+06,1,1.57e-07,1.57e-07,0,0
5.0688e+06,1,1.572e-07,1.572e-07,0,0
5.0629e+06,1,1.574e-07,1.574e-07,0,0
5.057e+06,1,1.576e-07,1.576e-07,0,0
5.0511e+06,1,1.578e-07,1.578e-07,0,0
5.0452e+06,1,1.58e-07,1.58e-07,0,0
5.0392e+06,1,1.582e-07,1.582e-07,0,0
5.0334e+06,1,1.584e-07,1.584e-07,0,0
5.0275e+06,1,1.586e-07,1.586e-07,0,0
5.0216e+06,1,1.588e-07,1.588e-07,0,0
5.0158e+06,1,1.59e-07,1.59e-07,0,0
5.0099e+06,1,1.592e-07,1.592e-07,0,0
5.0041e+06,1,1.594e-07,1.594e-07,0,0
4.9983e+06,1,1.596e-07,1.596e-07,0,0
4.9925e+06,1,1.598e-07,1.598e-07,0,0
4.9866e+06,1,1.6e-07,1.6e-07,0,0
4.9808e+06,1,1.602e-07,1.602e-07,0,0
4.9751e+06,1,1.604e-07,1.604e-07,0,0
4.9693e+06,1,1.606e-07,1.606e-07,0,0
4.9635e+06,1,1.608e-07,1.608e-07,0,0
4.9578e+06,1,1.61e-07,1.61e-07,0,0
4.952e+06,1,1.612e-07,1.612e-07,0,0
4.9463e+06,1,1.614e-07,1.614e-07,0,0
4.9406e+06,1,1.616e-07,1.616e-07,0,0
4.9349e+06,1,1.618e-07,1.618e-07,0,0
4.9291e+06,1,1.62e-07,1.62e-07,0,0
4.9234e+06,1,1.622e-07,1.622e-07,0,0
4.9178e+06,1,1.624e-07,1.624e-07,0,0
4.9121e+06,1,1.626e-07,1.626e-07,0,0
4.9064e+06,1,1.628e-07,1.628e-07,0,0
4.9008e+06,1,1.63e-07,1.63e-07,0,0
4.8951e+06,1,1.632e-07,1.632e-07,0,0
4.8895e+06,1,1.634e-07,1.634e-07,0,0
4.8839e+06,1,1.636e-07,1.636e-07,0,0
4.8782e+06,1,1.638e-07,1.638e-07,0,0
4.8726e+06,1,1.64e-07,1.64e-07,0,0
4.867e+06,1,1.642e-07,1.642e-07,0,0
4.8615e+06,1,1.644e-07,1.644e-07,0,0
4.8559e+06,1,1.646e-07,1.646e-07,0,0
4.8503e+06,1,1.648e-07,1.648e-07,0,0
4.8447e+06,1,1.65e-07,1.65e-07,0,0
4.8392e+06,1,1.652e-07,1.652e-07,0,0
4.8337e+06,1,1.654e-07,1.654e-07,0,0
4.8281e+06,1,1.656e-07,1.656e-07,0,0
4.8226e+06,1,1.658e-07,1.658e-07,0,0
4.8171e+06,1,1.66e-07,1.66e-07,0,0
4.8116e+06,1,1.662e-07,1.662e-07,0,0
4.8061e+06,1,1.664e-07,1.664e-07,0,0
4.8006e+06,1,1.666e-07,1.666e-07,0,0
4.7951e+06,1,1.668e-07,1.668e-07,0,0
4.7897e+06,1,1.67e-07,1.67e-07,0,0
4.7842e+06,1,1.672e-07,1.672e-07,0,0
4.7788e+06,1,1.674e-07,1.674e-07,0,0
4.7733e+06,1,1.676e-07,1.676e-07,0,0
4.7679e+06,1,1.678e-07,1.678e-07,0,0
4.7625e+06,1,1.68e-07,1.68e-07,0,0
4.7571e+06,1,1.682e-07,1.682e-07,0,0
4.7517e+06,1,1.684e-07,1.684e-07,0,0
4.7463e+06,1,1.686e-07,1.686e-07,0,0
4.7409e+06,1,1.688e-07,1.688e-07,0,0
4.7355e+06,1,1.69e-07,1.69e-07,0,0
4.7302e+06,1,1.692e-07,1.692e-07,0,0
4.7248e+06,1,1.694e-07,1.694e-07,0,0
4.7195e+06,1,1.696e-07,1.696e-07,0,0
4.7141e+06,1,1.698e-07,1.698e-07,0,0
4.7088e+06,1,1.7e-07,1.7e-07,0,0
4.7035e+06,1,1.702e-07,1.702e-07,0,0
4.6982e+06,1,1.704e-07,1.704e-07,0,0
4.6929e+06,1,1.706e-07,1.706e-07,0,0
4.6876e+06,1,1.708e-07,1.708e-07,0,0
4.6823e+06,1,1.71e-07,1.71e-07,0,0
4.6771e+06,1,1.712e-07,1.712e-07,0,0
4.6718e+06,1,1.714e-07,1.714e-07,0,0
4.6666e+06,1,1.716e-07,1.716e-07,0,0
4.6613e+06,1,1.718e-07,1.718e-07,0,0
4.6561e+06,1,1.72e-07,1.72e-07,0,0
4.6509e+06,1,1.722e-07,1.722e-07,0,0
4.6456e+06,1,1.724e-07,1.724e-07,0,0
4.6404e+06,1,1.726e-07,1.726e-07,0,0
4.6352e+06,1,1.728e-07,1.728e-07,0,0
4.63e+06,1,1.73e-07,1.73e-07,0,0
4.6249e+06,1,1.732e-07,1.732e-07,0,0
4.6197e+06,1,1.734e-07,1.734e-07,0,0
4.6145e+06,1,1.736e-07,1.736e-07,0,0
4.6094e+06,1,1.738e-07,1.738e-07,0,0
4.6042e+06,1,1.74e-07,1.74e-07,0,0
4.5991e+06,1,1.742e-07,1.742e-07,0,0
4.594e+06,1,1.744e-07,1.744e-07,0,0
4.5888e+06,1,1.746e-07,1.746e-07,0,0
4.5837e+06,1,1.748e-07,1.748e-07,0,0
4.5786e+06,1,1.75e-07,1.75e-07,0,0
4.5735e+06,1,1.752e-07,1.752e-07,0,0
4.5685e+06,1,1.754e-07,1.754e-07,0,0
4.5634e+06,1,1.756e-07,1.756e-07,0,0
4.5583e+06,1,1.758e-07,1.758e-07,0,0
4.5532e+06,1,1.76e-07,1.76e-07,0,0
4.5482e+06,1,1.762e-07,1.762e-07,0,0
4.5432e+06,1,1.764e-07,1.764e-07,0,0
4.5381e+06,1,1.766e-07,1.766e-07,0,0
4.5331e+06,1,1.768e-07,1.768e-07,0,0
4.5281e+06,1,1.77e-07,1.77e-07,0,0
4.5231e+06,1,1.772e-07,1.772e-07,0,0
4.5181e+06,1,1.774e-07,1.774e-07,0,0
4.5131e+06,1,1.776e-07,1.776e-07,0,0
4.5081e+06,1,1.778e-07,1.778e-07,0,0
4.5031e+06,1,1.78e-07,1.78e-07,0,0
4.4982e+06,1,1.782e-07,1.782e-07,0,0
4.4932e+06,1,1.784e-07,1.784e-07,0,0
4.4883e+06,1,1.786e-07,1.786e-07,0,0
4.4833e+06,1,1.788e-07,1.788e-07,0,0
4.4784e+06,1,1.79e-07,1.79e-07,0,0
4.4735e+06,1,1.792e-07,1.792e-07,0,0
4.4686e+06,1,1.794e-07,1.794e-07,0,0
4.4636e+06,1,1.796e-07,1.796e-07,0,0
4.4587e+06,1,1.798e-07,1.798e-07,0,0
4.4539e+06,1,1.8e-07,1.8e-07,0,0
4.449e+06,1,1.802e-07,1.802e-07,0,0
4.4441e+06,1,1.804e-07,1.804e-07,0,0
4.4392e+06,1,1.806e-07,1.806e-07,0,0
4.4344e+06,1,1.808e-07,1.808e-07,0,0
4.4295e+06,1,1.81e-07,1.81e-07,0,0
4.4247e+06,1,1.812e-07,1.812e-07,0,0
4.4199e+06,1,1.814e-07,1.814e-07,0,0
4.415e+06,1,1.816e-07,1.816e-07,0,0
4.4102e+06,1,1.818e-07,1.818e-07,0,0
4.4054e+06,1,1.82e-07,1.82e-07,0,0
4.4006e+06,1,1.822e-07,1.822e-07,0,0
4.3958e+06,1,1.824e-07,1.824e-07,0,0
4.391e+06,1,1.826e-07,1.826e-07,0,0
4.3863e+06,1,1.828e-07,1.828e-07,0,0
4.3815e+06,1,1.83e-07,1.83e-07,0,0
4.3767e+06,1,1.832e-07,1.832e-07,0,0
4.372e+06,1,1.834e-07,1.834e-07,0,0
4.3672e+06,1,1.836e-07,1.836e-07,0,0
4.3625e+06,1,1.838e-07,1.838e-07,0,0
4.3578e+06,1,1.84e-07,1.84e-07,0,0
4.3531e+06,1,1.842e-07,1.842e-07,0,0
4.3483e+06,1,1.844e-07,1.844e-07,0,0
4.3436e+06,1,1.846e-07,1.846e-07,0,0
4.3389e+06,1,1.848e-07,1.848e-07,0,0
4.3343e+06,1,1.85e-07,1.85e-07,0,0
4.3296e+06,1,1.852e-07,1.852e-07,0,0
4.3249e+06,1,1.854e-07,1.854e-07,0,0
4.3202e+06,1,1.856e-07,1.856e-07,0,0
4.3156e+06,1,1.858e-07,1.858e-07,0,0
4.3109e+06,1,1.86e-07,1.86e-07,0,0
4.3063e+06,1,1.862e-07,1.862e-07,0,0
4.3017e+06,1,1.864e-07,1.864e-07,0,0
4.297e+06,1,1.866e-07,1.866e-07,0,0
4.2924e+06,1,1.868e-07,1.868e-07,0,0
4.2878e+06,1,1.87e-07,1.87e-07,0,0
4.2832e+06,1,1.872e-07,1.872e-07,0,0
4.2786e+06,1,1.874e-07,1.874e-07,0,0
4.274e+06,1,1.876e-07,1.876e-07,0,0
4.2695e+06,1,1.878e-07,1.878e-07,0,0
4.2649e+06,1,1.88e-07,1.88e-07,0,0
4.2603e+06,1,1.882e-07,1.882e-07,0,0
4.2558e+06,1,1.884e-07,1.884e-07,0,0
4.2512e+06,1,1.886e-07,1.886e-07,0,0
4.2467e+06,1,1.888e-07,1.888e-07,0,0
4.2421e+06,1,1.89e-07,1.89e-07,0,0
4.2376e+06,1,1.892e-07,1.892e-07,0,0
4.2331e+06,1,1.894e-07,1.894e-07,0,0
4.2286e+06,1,1.896e-07,1.896e-07,0,0
4.2241e+06,1,1.898e-07,1.898e-07,0,0
4.2196e+06,1,1.9e-07,1.9e-07,0,0
4.2151e+06,1,1.902e-07,1.902e-07,0,0
4.2106e+06,1,1.904e-07,1.904e-07,0,0
4.2061e+06,1,1.906e-07,1.906e-07,0,0
4.2017e+06,1,1.908e-07,1.908e-07,0,0
4.1972e+06,1,1.91e-07,1.91e-07,0,0
4.1928e+06,1,1.912e-07,1.912e-07,0,0
4.1883e+06,1,1.914e-07,1.914e-07,0,0
4.1839e+06,1,1.916e-07,1.916e-07,0,0
4.1795e+06,1,1.918e-07,1.918e-07,0,0
4.175e+06,1,1.92e-07,1.92e-07,0,0
4.1706e+06,1,1.922e-07,1.922e-07,0,0
4.1662e+06,1,1.924e-07,1.924e-07,0,0
4.1618e+06,1,1.926e-07,1.926e-07,0,0
4.1574e+06,1,1.928e-07,1.928e-07,0,0
4.1531e+06,1,1.93e-07,1.93e-07,0,0
4.1487e+06,1,1.932e-07,1.932e-07,0,0
4.1443e+06,1,1.934e-07,1.934e-07,0,0
4.1399e+06,1,1.936e-07,1.936e-07,0,0
4.1356e+06,1,1.938e-07,1.938e-07,0,0
4.1312e+06,1,1.94e-07,1.94e-07,0,0
4.1269e+06,1,1.942e-07,1.942e-07,0,0
4.1225e+06,1,1.944e-07,1.944e-07,0,0
4.1182e+06,1,1.946e-07,1.946e-07,0,0
4.1139e+06,1,1.948e-07,1.948e-07,0,0
4.1096e+06,1,1.95e-07,1.95e-07,0,0
4.1053e+06,1,1.952e-07,1.952e-07,0,0
4.101e+06,1,1.954e-07,1.954e-07,0,0
4.0967e+06,1,1.956e-07,1.956e-07,0,0
4.0924e+06,1,1.958e-07,1.958e-07,0,0
4.0881e+06,1,1.96e-07,1.96e-07,0,0
4.0839e+06,1,1.962e-07,1.962e-07,0,0
4.0796e+06,1,1.964e-07,1.964e-07,0,0
4.0754e+06,1,1.966e-07,1.966e-07,0,0
4.0711e+06,1,1.968e-07,1.968e-07,0,0
4.0669e+06,1,1.97e-07,1.97e-07,0,0
4.0626e+06,1,1.972e-07,1.972e-07,0,0
4.0584e+06,1,1.974e-07,1.974e-07,0,0
4.0542e+06,1,1.976e-07,1.976e-07,0,0
4.05e+06,1,1.978e-07,1.978e-07,0,0
4.0458e+06,1,1.98e-07,1.98e-07,0,0
4.0416e+06,1,1.982e-07,1.982e-07,0,0
4.0374e+06,1,1.984e-07,1.984e-07,0,0
4.0332e+06,1,1.986e-07,1.986e-07,0,0
4.029e+06,1,1.988e-07,1.988e-07,0,0
4.0248e+06,1,1.99e-07,1.99e-07,0,0
4.0207e+06,1,1.992e-07,1.992e-07,0,0
4.0165e+06,1,1.994e-07,1.994e-07,0,0
4.0124e+06,1,1.996e-07,1.996e-07,0,0
4.0082e+06,1,1.998e-07,1.998e-07,0,0
4.0041e+06,1,2e-07,2e-07,0,0
