"arc_length","4","6","5","3","2","1"
0,0,0,0,0,0,0
3e-11,6.20872e+12,7.69544e+09,1.57794e+10,1.40268e+15,1.50544e+17,1.17449e+20
6e-11,1.24174e+13,1.53909e+10,3.15589e+10,2.80537e+15,3.01089e+17,2.34898e+20
9e-11,1.86262e+13,2.30863e+10,4.73383e+10,4.20805e+15,4.51633e+17,3.52347e+20
1.2e-10,2.48349e+13,3.07818e+10,6.31177e+10,5.61074e+15,6.02178e+17,4.69796e+20
1.5e-10,3.10436e+13,3.84772e+10,7.88972e+10,7.01342e+15,7.52722e+17,5.87245e+20
1.8e-10,3.72523e+13,4.61726e+10,9.46766e+10,8.4161e+15,9.03267e+17,7.04694e+20
2.1e-10,4.3461e+13,5.38681e+10,1.10456e+11,9.81879e+15,1.05381e+18,8.22143e+20
2.4e-10,4.96697e+13,6.15635e+10,1.26235e+11,1.12215e+16,1.20436e+18,9.39592e+20
2.7e-10,5.58785e+13,6.9259e+10,1.42015e+11,1.26242e+16,1.3549e+18,1.05704e+21
3e-10,6.20872e+13,7.69544e+10,1.57794e+11,1.40268e+16,1.50544e+18,1.17449e+21
3.3e-10,6.82959e+13,8.46498e+10,1.73574e+11,1.54295e+16,1.65599e+18,1.29194e+21
3.6e-10,7.45046e+13,9.23453e+10,1.89353e+11,1.68322e+16,1.80653e+18,1.40939e+21
3.9e-10,8.07133e+13,1.00041e+11,2.05133e+11,1.82349e+16,1.95708e+18,1.52684e+21
4.2e-10,8.6922e+13,1.07736e+11,2.20912e+11,1.96376e+16,2.10762e+18,1.64429e+21
4.5e-10,9.31308e+13,1.15432e+11,2.36692e+11,2.10403e+16,2.25817e+18,1.76174e+21
4.8e-10,9.93395e+13,1.23127e+11,2.52471e+11,2.24429e+16,2.40871e+18,1.87918e+21
5.1e-10,1.05548e+14,1.30822e+11,2.6825e+11,2.38456e+16,2.55926e+18,1.99663e+21
5.4e-10,1.11757e+14,1.38518e+11,2.8403e+11,2.52483e+16,2.7098e+18,2.11408e+21
5.7e-10,1.17966e+14,1.46213e+11,2.99809e+11,2.6651e+16,2.86035e+18,2.23153e+21
6e-10,1.24174e+14,1.53909e+11,3.15589e+11,2.80537e+16,3.01089e+18,2.34898e+21
6.3e-10,1.30286e+14,1.61491e+11,3.31133e+11,2.94286e+16,3.15426e+18,2.43387e+21
6.6e-10,1.36397e+14,1.69072e+11,3.46677e+11,3.08035e+16,3.29762e+18,2.51875e+21
6.9e-10,1.42509e+14,1.76654e+11,3.62222e+11,3.21783e+16,3.44099e+18,2.60364e+21
7.2e-10,1.4862e+14,1.84236e+11,3.77766e+11,3.35532e+16,3.58435e+18,2.68852e+21
7.5e-10,1.54732e+14,1.91818e+11,3.9331e+11,3.49281e+16,3.72772e+18,2.7734e+21
7.8e-10,1.60843e+14,1.994e+11,4.08854e+11,3.6303e+16,3.87109e+18,2.85829e+21
8.1e-10,1.66955e+14,2.06981e+11,4.24399e+11,3.76779e+16,4.01445e+18,2.94317e+21
8.4e-10,1.73066e+14,2.14563e+11,4.39943e+11,3.90528e+16,4.15782e+18,3.02806e+21
8.7e-10,1.79178e+14,2.22145e+11,4.55487e+11,4.04276e+16,4.30119e+18,3.11294e+21
9e-10,1.85289e+14,2.29727e+11,4.71031e+11,4.18025e+16,4.44455e+18,3.19783e+21
9.3e-10,1.91401e+14,2.37309e+11,4.86576e+11,4.31774e+16,4.58792e+18,3.28271e+21
9.6e-10,1.97512e+14,2.4489e+11,5.0212e+11,4.45523e+16,4.73128e+18,3.3676e+21
9.9e-10,2.03624e+14,2.52472e+11,5.17664e+11,4.59272e+16,4.87465e+18,3.45248e+21
1.02e-09,2.09735e+14,2.60054e+11,5.33208e+11,4.73021e+16,5.01802e+18,3.53737e+21
1.05e-09,2.15847e+14,2.67636e+11,5.48753e+11,4.8677e+16,5.16138e+18,3.62225e+21
1.08e-09,2.21958e+14,2.75217e+11,5.64297e+11,5.00518e+16,5.30475e+18,3.70714e+21
1.11e-09,2.2807e+14,2.82799e+11,5.79841e+11,5.14267e+16,5.44811e+18,3.79202e+21
1.14e-09,2.34181e+14,2.90381e+11,5.95386e+11,5.28016e+16,5.59148e+18,3.8769e+21
1.17e-09,2.40293e+14,2.97963e+11,6.1093e+11,5.41765e+16,5.73485e+18,3.96179e+21
1.2e-09,2.46404e+14,3.05545e+11,6.26474e+11,5.55514e+16,5.87821e+18,4.04667e+21
1.23e-09,2.52217e+14,3.12776e+11,6.41294e+11,5.68422e+16,6.00208e+18,4.08826e+21
1.26e-09,2.58029e+14,3.20008e+11,6.56114e+11,5.81329e+16,6.12595e+18,4.12985e+21
1.29e-09,2.63842e+14,3.27239e+11,6.70933e+11,5.94237e+16,6.24982e+18,4.17143e+21
1.32e-09,2.69655e+14,3.34471e+11,6.85753e+11,6.07145e+16,6.37368e+18,4.21302e+21
1.35e-09,2.75468e+14,3.41702e+11,7.00573e+11,6.20053e+16,6.49755e+18,4.2546e+21
1.38e-09,2.8128e+14,3.48934e+11,7.15393e+11,6.3296e+16,6.62142e+18,4.29619e+21
1.41e-09,2.87093e+14,3.56165e+11,7.30212e+11,6.45868e+16,6.74529e+18,4.33777e+21
1.44e-09,2.92906e+14,3.63397e+11,7.45032e+11,6.58776e+16,6.86915e+18,4.37936e+21
1.47e-09,2.98718e+14,3.70629e+11,7.59852e+11,6.71684e+16,6.99302e+18,4.42095e+21
1.5e-09,3.04531e+14,3.7786e+11,7.74672e+11,6.84591e+16,7.11689e+18,4.46253e+21
1.53e-09,3.10344e+14,3.85092e+11,7.89492e+11,6.97499e+16,7.24076e+18,4.50412e+21
1.56e-09,3.16156e+14,3.92323e+11,8.04311e+11,7.10407e+16,7.36463e+18,4.5457e+21
1.59e-09,3.21969e+14,3.99555e+11,8.19131e+11,7.23315e+16,7.48849e+18,4.58729e+21
1.62e-09,3.27782e+14,4.06786e+11,8.33951e+11,7.36222e+16,7.61236e+18,4.62887e+21
1.65e-09,3.33594e+14,4.14018e+11,8.48771e+11,7.4913e+16,7.73623e+18,4.67046e+21
1.68e-09,3.39407e+14,4.21249e+11,8.6359e+11,7.62038e+16,7.8601e+18,4.71205e+21
1.71e-09,3.4522e+14,4.28481e+11,8.7841e+11,7.74946e+16,7.98396e+18,4.75363e+21
1.74e-09,3.51032e+14,4.35713e+11,8.9323e+11,7.87853e+16,8.10783e+18,4.79522e+21
1.77e-09,3.56845e+14,4.42944e+11,9.0805e+11,8.00761e+16,8.2317e+18,4.8368e+21
1.8e-09,3.62658e+14,4.50176e+11,9.2287e+11,8.13669e+16,8.35557e+18,4.87839e+21
1.83e-09,3.6795e+14,4.56794e+11,9.36421e+11,8.25153e+16,8.45109e+18,4.87966e+21
1.86e-09,3.73242e+14,4.63412e+11,9.49973e+11,8.36638e+16,8.54661e+18,4.88094e+21
1.89e-09,3.78534e+14,4.7003e+11,9.63525e+11,8.48123e+16,8.64213e+18,4.88221e+21
1.92e-09,3.83826e+14,4.76648e+11,9.77077e+11,8.59607e+16,8.73765e+18,4.88349e+21
1.95e-09,3.89119e+14,4.83266e+11,9.90628e+11,8.71092e+16,8.83317e+18,4.88476e+21
1.98e-09,3.94411e+14,4.89884e+11,1.00418e+12,8.82577e+16,8.92869e+18,4.88604e+21
2.01e-09,3.99703e+14,4.96502e+11,1.01773e+12,8.94061e+16,9.02421e+18,4.88731e+21
2.04e-09,4.04995e+14,5.0312e+11,1.03128e+12,9.05546e+16,9.11973e+18,4.88859e+21
2.07e-09,4.10287e+14,5.09738e+11,1.04484e+12,9.17031e+16,9.21525e+18,4.88986e+21
2.1e-09,4.1558e+14,5.16356e+11,1.05839e+12,9.28515e+16,9.31077e+18,4.89114e+21
2.13e-09,4.20872e+14,5.22974e+11,1.07194e+12,9.4e+16,9.40629e+18,4.89241e+21
2.16e-09,4.26164e+14,5.29592e+11,1.08549e+12,9.51485e+16,9.50182e+18,4.89369e+21
2.19e-09,4.31456e+14,5.3621e+11,1.09904e+12,9.62969e+16,9.59734e+18,4.89496e+21
2.22e-09,4.36748e+14,5.42828e+11,1.11259e+12,9.74454e+16,9.69286e+18,4.89624e+21
2.25e-09,4.42041e+14,5.49446e+11,1.12615e+12,9.85939e+16,9.78838e+18,4.89751e+21
2.28e-09,4.47333e+14,5.56065e+11,1.1397e+12,9.97423e+16,9.8839e+18,4.89879e+21
2.31e-09,4.52625e+14,5.62683e+11,1.15325e+12,1.00891e+17,9.97942e+18,4.90006e+21
2.34e-09,4.57917e+14,5.69301e+11,1.1668e+12,1.02039e+17,1.00749e+19,4.90134e+21
2.37e-09,4.63209e+14,5.75919e+11,1.18035e+12,1.03188e+17,1.01705e+19,4.90261e+21
2.4e-09,4.68502e+14,5.82537e+11,1.1939e+12,1.04336e+17,1.0266e+19,4.90389e+21
2.43e-09,4.7312e+14,5.88354e+11,1.2058e+12,1.05308e+17,1.03323e+19,4.8798e+21
2.46e-09,4.77738e+14,5.94171e+11,1.2177e+12,1.06279e+17,1.03986e+19,4.85572e+21
2.49e-09,4.82356e+14,5.99988e+11,1.2296e+12,1.07251e+17,1.04649e+19,4.83164e+21
2.52e-09,4.86975e+14,6.05805e+11,1.2415e+12,1.08222e+17,1.05312e+19,4.80756e+21
2.55e-09,4.91593e+14,6.11622e+11,1.2534e+12,1.09194e+17,1.05975e+19,4.78348e+21
2.58e-09,4.96211e+14,6.17439e+11,1.26529e+12,1.10165e+17,1.06638e+19,4.75939e+21
2.61e-09,5.00829e+14,6.23256e+11,1.27719e+12,1.11137e+17,1.07301e+19,4.73531e+21
2.64e-09,5.05448e+14,6.29073e+11,1.28909e+12,1.12108e+17,1.07964e+19,4.71123e+21
2.67e-09,5.10066e+14,6.3489e+11,1.30099e+12,1.1308e+17,1.08628e+19,4.68715e+21
2.7e-09,5.14684e+14,6.40707e+11,1.31289e+12,1.14051e+17,1.09291e+19,4.66307e+21
2.73e-09,5.19302e+14,6.46524e+11,1.32478e+12,1.15023e+17,1.09954e+19,4.63898e+21
2.76e-09,5.23921e+14,6.52341e+11,1.33668e+12,1.15994e+17,1.10617e+19,4.6149e+21
2.79e-09,5.28539e+14,6.58158e+11,1.34858e+12,1.16966e+17,1.1128e+19,4.59082e+21
2.82e-09,5.33157e+14,6.63975e+11,1.36048e+12,1.17937e+17,1.11943e+19,4.56674e+21
2.85e-09,5.37775e+14,6.69792e+11,1.37238e+12,1.18909e+17,1.12606e+19,4.54265e+21
2.88e-09,5.42394e+14,6.75609e+11,1.38427e+12,1.19881e+17,1.13269e+19,4.51857e+21
2.91e-09,5.47012e+14,6.81426e+11,1.39617e+12,1.20852e+17,1.13932e+19,4.49449e+21
2.94e-09,5.5163e+14,6.87244e+11,1.40807e+12,1.21824e+17,1.14595e+19,4.47041e+21
2.97e-09,5.56248e+14,6.93061e+11,1.41997e+12,1.22795e+17,1.15258e+19,4.44633e+21
3e-09,5.60867e+14,6.98878e+11,1.43187e+12,1.23767e+17,1.15922e+19,4.42224e+21
3.03e-09,5.64757e+14,7.0382e+11,1.44196e+12,1.24556e+17,1.16342e+19,4.38919e+21
3.06e-09,5.68647e+14,7.08763e+11,1.45206e+12,1.25345e+17,1.16761e+19,4.35614e+21
3.09e-09,5.72537e+14,7.13706e+11,1.46216e+12,1.26134e+17,1.17181e+19,4.32309e+21
3.12e-09,5.76428e+14,7.18649e+11,1.47225e+12,1.26923e+17,1.17601e+19,4.29004e+21
3.15e-09,5.80318e+14,7.23592e+11,1.48235e+12,1.27713e+17,1.18021e+19,4.25698e+21
3.18e-09,5.84208e+14,7.28534e+11,1.49244e+12,1.28502e+17,1.18441e+19,4.22393e+21
3.21e-09,5.88098e+14,7.33477e+11,1.50254e+12,1.29291e+17,1.18861e+19,4.19088e+21
3.24e-09,5.91988e+14,7.3842e+11,1.51264e+12,1.3008e+17,1.19281e+19,4.15783e+21
3.27e-09,5.95879e+14,7.43363e+11,1.52273e+12,1.30869e+17,1.19701e+19,4.12478e+21
3.3e-09,5.99769e+14,7.48306e+11,1.53283e+12,1.31659e+17,1.20121e+19,4.09172e+21
3.33e-09,6.03659e+14,7.53249e+11,1.54292e+12,1.32448e+17,1.20541e+19,4.05867e+21
3.36e-09,6.07549e+14,7.58191e+11,1.55302e+12,1.33237e+17,1.20961e+19,4.02562e+21
3.39e-09,6.1144e+14,7.63134e+11,1.56312e+12,1.34026e+17,1.21381e+19,3.99257e+21
3.42e-09,6.1533e+14,7.68077e+11,1.57321e+12,1.34815e+17,1.21801e+19,3.95951e+21
3.45e-09,6.1922e+14,7.7302e+11,1.58331e+12,1.35605e+17,1.22221e+19,3.92646e+21
3.48e-09,6.2311e+14,7.77963e+11,1.5934e+12,1.36394e+17,1.22641e+19,3.89341e+21
3.51e-09,6.27001e+14,7.82905e+11,1.6035e+12,1.37183e+17,1.23061e+19,3.86036e+21
3.54e-09,6.30891e+14,7.87848e+11,1.6136e+12,1.37972e+17,1.23481e+19,3.82731e+21
3.57e-09,6.34781e+14,7.92791e+11,1.62369e+12,1.38761e+17,1.23901e+19,3.79425e+21
3.6e-09,6.38671e+14,7.97734e+11,1.63379e+12,1.3955e+17,1.24321e+19,3.7612e+21
3.63e-09,6.41857e+14,8.01821e+11,1.64212e+12,1.40172e+17,1.24562e+19,3.72929e+21
3.66e-09,6.45043e+14,8.05909e+11,1.65046e+12,1.40793e+17,1.24803e+19,3.69738e+21
3.69e-09,6.48229e+14,8.09996e+11,1.6588e+12,1.41414e+17,1.25044e+19,3.66546e+21
3.72e-09,6.51415e+14,8.14083e+11,1.66713e+12,1.42035e+17,1.25285e+19,3.63355e+21
3.75e-09,6.54601e+14,8.18171e+11,1.67547e+12,1.42657e+17,1.25526e+19,3.60164e+21
3.78e-09,6.57787e+14,8.22258e+11,1.6838e+12,1.43278e+17,1.25767e+19,3.56973e+21
3.81e-09,6.60973e+14,8.26345e+11,1.69214e+12,1.43899e+17,1.26008e+19,3.53781e+21
3.84e-09,6.64159e+14,8.30433e+11,1.70048e+12,1.4452e+17,1.26249e+19,3.5059e+21
3.87e-09,6.67345e+14,8.3452e+11,1.70881e+12,1.45141e+17,1.2649e+19,3.47399e+21
3.9e-09,6.7053e+14,8.38608e+11,1.71715e+12,1.45763e+17,1.26731e+19,3.44207e+21
3.93e-09,6.73716e+14,8.42695e+11,1.72548e+12,1.46384e+17,1.26972e+19,3.41016e+21
3.96e-09,6.76902e+14,8.46782e+11,1.73382e+12,1.47005e+17,1.27213e+19,3.37825e+21
3.99e-09,6.80088e+14,8.5087e+11,1.74215e+12,1.47626e+17,1.27454e+19,3.34634e+21
4.02e-09,6.83274e+14,8.54957e+11,1.75049e+12,1.48248e+17,1.27695e+19,3.31442e+21
4.05e-09,6.8646e+14,8.59045e+11,1.75883e+12,1.48869e+17,1.27936e+19,3.28251e+21
4.08e-09,6.89646e+14,8.63132e+11,1.76716e+12,1.4949e+17,1.28177e+19,3.2506e+21
4.11e-09,6.92832e+14,8.67219e+11,1.7755e+12,1.50111e+17,1.28418e+19,3.21868e+21
4.14e-09,6.96018e+14,8.71307e+11,1.78383e+12,1.50732e+17,1.28659e+19,3.18677e+21
4.17e-09,6.99204e+14,8.75394e+11,1.79217e+12,1.51354e+17,1.289e+19,3.15486e+21
4.2e-09,7.0239e+14,8.79481e+11,1.80051e+12,1.51975e+17,1.29141e+19,3.12295e+21
4.23e-09,7.04935e+14,8.82782e+11,1.80723e+12,1.5245e+17,1.29258e+19,3.09579e+21
4.26e-09,7.07481e+14,8.86083e+11,1.81394e+12,1.52926e+17,1.29374e+19,3.06863e+21
4.29e-09,7.10026e+14,8.89384e+11,1.82066e+12,1.53401e+17,1.29491e+19,3.04147e+21
4.32e-09,7.12572e+14,8.92684e+11,1.82738e+12,1.53877e+17,1.29607e+19,3.01431e+21
4.35e-09,7.15117e+14,8.95985e+11,1.8341e+12,1.54352e+17,1.29724e+19,2.98716e+21
4.38e-09,7.17663e+14,8.99286e+11,1.84082e+12,1.54828e+17,1.29841e+19,2.96e+21
4.41e-09,7.20208e+14,9.02586e+11,1.84754e+12,1.55303e+17,1.29957e+19,2.93284e+21
4.44e-09,7.22754e+14,9.05887e+11,1.85426e+12,1.55779e+17,1.30074e+19,2.90568e+21
4.47e-09,7.25299e+14,9.09188e+11,1.86098e+12,1.56254e+17,1.3019e+19,2.87853e+21
4.5e-09,7.27845e+14,9.12489e+11,1.8677e+12,1.5673e+17,1.30307e+19,2.85137e+21
4.53e-09,7.3039e+14,9.15789e+11,1.87442e+12,1.57205e+17,1.30423e+19,2.82421e+21
4.56e-09,7.32936e+14,9.1909e+11,1.88114e+12,1.57681e+17,1.3054e+19,2.79705e+21
4.59e-09,7.35482e+14,9.22391e+11,1.88786e+12,1.58156e+17,1.30657e+19,2.7699e+21
4.62e-09,7.38027e+14,9.25691e+11,1.89458e+12,1.58632e+17,1.30773e+19,2.74274e+21
4.65e-09,7.40573e+14,9.28992e+11,1.9013e+12,1.59107e+17,1.3089e+19,2.71558e+21
4.68e-09,7.43118e+14,9.32293e+11,1.90802e+12,1.59583e+17,1.31006e+19,2.68842e+21
4.71e-09,7.45664e+14,9.35594e+11,1.91474e+12,1.60058e+17,1.31123e+19,2.66126e+21
4.74e-09,7.48209e+14,9.38894e+11,1.92146e+12,1.60534e+17,1.3124e+19,2.63411e+21
4.77e-09,7.50755e+14,9.42195e+11,1.92818e+12,1.61009e+17,1.31356e+19,2.60695e+21
4.8e-09,7.533e+14,9.45496e+11,1.9349e+12,1.61485e+17,1.31473e+19,2.57979e+21
4.83e-09,7.55282e+14,9.48096e+11,1.94019e+12,1.61837e+17,1.31504e+19,2.55765e+21
4.86e-09,7.57264e+14,9.50697e+11,1.94547e+12,1.6219e+17,1.31536e+19,2.5355e+21
4.89e-09,7.59246e+14,9.53298e+11,1.95076e+12,1.62543e+17,1.31567e+19,2.51336e+21
4.92e-09,7.61228e+14,9.55899e+11,1.95604e+12,1.62895e+17,1.31599e+19,2.49121e+21
4.95e-09,7.6321e+14,9.58499e+11,1.96133e+12,1.63248e+17,1.3163e+19,2.46907e+21
4.98e-09,7.65192e+14,9.611e+11,1.96661e+12,1.636e+17,1.31662e+19,2.44692e+21
5.01e-09,7.67174e+14,9.63701e+11,1.97189e+12,1.63953e+17,1.31693e+19,2.42478e+21
5.04e-09,7.69156e+14,9.66301e+11,1.97718e+12,1.64306e+17,1.31725e+19,2.40263e+21
5.07e-09,7.71138e+14,9.68902e+11,1.98246e+12,1.64658e+17,1.31756e+19,2.38049e+21
5.1e-09,7.7312e+14,9.71503e+11,1.98775e+12,1.65011e+17,1.31788e+19,2.35834e+21
5.13e-09,7.75102e+14,9.74104e+11,1.99303e+12,1.65364e+17,1.31819e+19,2.3362e+21
5.16e-09,7.77084e+14,9.76704e+11,1.99832e+12,1.65716e+17,1.31851e+19,2.31405e+21
5.19e-09,7.79066e+14,9.79305e+11,2.0036e+12,1.66069e+17,1.31882e+19,2.29191e+21
5.22e-09,7.81048e+14,9.81906e+11,2.00889e+12,1.66421e+17,1.31914e+19,2.26976e+21
5.25e-09,7.8303e+14,9.84507e+11,2.01417e+12,1.66774e+17,1.31945e+19,2.24762e+21
5.28e-09,7.85012e+14,9.87107e+11,2.01946e+12,1.67127e+17,1.31977e+19,2.22547e+21
5.31e-09,7.86993e+14,9.89708e+11,2.02474e+12,1.67479e+17,1.32008e+19,2.20333e+21
5.34e-09,7.88975e+14,9.92309e+11,2.03002e+12,1.67832e+17,1.3204e+19,2.18118e+21
5.37e-09,7.90957e+14,9.94909e+11,2.03531e+12,1.68185e+17,1.32071e+19,2.15904e+21
5.4e-09,7.92939e+14,9.9751e+11,2.04059e+12,1.68537e+17,1.32103e+19,2.13689e+21
5.43e-09,7.94433e+14,9.99499e+11,2.04463e+12,1.68787e+17,1.32076e+19,2.11902e+21
5.46e-09,7.95928e+14,1.00149e+12,2.04866e+12,1.69038e+17,1.32049e+19,2.10114e+21
5.49e-09,7.97422e+14,1.00348e+12,2.05269e+12,1.69288e+17,1.32022e+19,2.08327e+21
5.52e-09,7.98916e+14,1.00546e+12,2.05672e+12,1.69538e+17,1.31995e+19,2.06539e+21
5.55e-09,8.0041e+14,1.00745e+12,2.06075e+12,1.69789e+17,1.31968e+19,2.04752e+21
5.58e-09,8.01904e+14,1.00944e+12,2.06478e+12,1.70039e+17,1.31941e+19,2.02964e+21
5.61e-09,8.03398e+14,1.01143e+12,2.06881e+12,1.70289e+17,1.31915e+19,2.01177e+21
5.64e-09,8.04893e+14,1.01342e+12,2.07285e+12,1.70539e+17,1.31888e+19,1.9939e+21
5.67e-09,8.06387e+14,1.01541e+12,2.07688e+12,1.7079e+17,1.31861e+19,1.97602e+21
5.7e-09,8.07881e+14,1.0174e+12,2.08091e+12,1.7104e+17,1.31834e+19,1.95815e+21
5.73e-09,8.09375e+14,1.01939e+12,2.08494e+12,1.7129e+17,1.31807e+19,1.94027e+21
5.76e-09,8.10869e+14,1.02137e+12,2.08897e+12,1.71541e+17,1.3178e+19,1.9224e+21
5.79e-09,8.12363e+14,1.02336e+12,2.093e+12,1.71791e+17,1.31753e+19,1.90452e+21
5.82e-09,8.13857e+14,1.02535e+12,2.09704e+12,1.72041e+17,1.31727e+19,1.88665e+21
5.85e-09,8.15352e+14,1.02734e+12,2.10107e+12,1.72291e+17,1.317e+19,1.86877e+21
5.88e-09,8.16846e+14,1.02933e+12,2.1051e+12,1.72542e+17,1.31673e+19,1.8509e+21
5.91e-09,8.1834e+14,1.03132e+12,2.10913e+12,1.72792e+17,1.31646e+19,1.83303e+21
5.94e-09,8.19834e+14,1.03331e+12,2.11316e+12,1.73042e+17,1.31619e+19,1.81515e+21
5.97e-09,8.21328e+14,1.0353e+12,2.11719e+12,1.73293e+17,1.31592e+19,1.79728e+21
6e-09,8.22822e+14,1.03728e+12,2.12122e+12,1.73543e+17,1.31565e+19,1.7794e+21
6.03e-09,8.23898e+14,1.03874e+12,2.12417e+12,1.73708e+17,1.31498e+19,1.76497e+21
6.06e-09,8.24974e+14,1.0402e+12,2.12712e+12,1.73874e+17,1.31431e+19,1.75054e+21
6.09e-09,8.26049e+14,1.04166e+12,2.13007e+12,1.74039e+17,1.31364e+19,1.73612e+21
6.12e-09,8.27125e+14,1.04312e+12,2.13302e+12,1.74205e+17,1.31296e+19,1.72169e+21
6.15e-09,8.28201e+14,1.04458e+12,2.13597e+12,1.7437e+17,1.31229e+19,1.70726e+21
6.18e-09,8.29277e+14,1.04604e+12,2.13891e+12,1.74535e+17,1.31162e+19,1.69283e+21
6.21e-09,8.30352e+14,1.0475e+12,2.14186e+12,1.74701e+17,1.31094e+19,1.6784e+21
6.24e-09,8.31428e+14,1.04895e+12,2.14481e+12,1.74866e+17,1.31027e+19,1.66397e+21
6.27e-09,8.32504e+14,1.05041e+12,2.14776e+12,1.75032e+17,1.3096e+19,1.64954e+21
6.3e-09,8.33579e+14,1.05187e+12,2.15071e+12,1.75197e+17,1.30893e+19,1.63511e+21
6.33e-09,8.34655e+14,1.05333e+12,2.15366e+12,1.75362e+17,1.30825e+19,1.62068e+21
6.36e-09,8.35731e+14,1.05479e+12,2.1566e+12,1.75528e+17,1.30758e+19,1.60625e+21
6.39e-09,8.36806e+14,1.05625e+12,2.15955e+12,1.75693e+17,1.30691e+19,1.59183e+21
6.42e-09,8.37882e+14,1.05771e+12,2.1625e+12,1.75859e+17,1.30624e+19,1.5774e+21
6.45e-09,8.38958e+14,1.05917e+12,2.16545e+12,1.76024e+17,1.30556e+19,1.56297e+21
6.48e-09,8.40033e+14,1.06062e+12,2.1684e+12,1.76189e+17,1.30489e+19,1.54854e+21
6.51e-09,8.41109e+14,1.06208e+12,2.17135e+12,1.76355e+17,1.30422e+19,1.53411e+21
6.54e-09,8.42185e+14,1.06354e+12,2.17429e+12,1.7652e+17,1.30354e+19,1.51968e+21
6.57e-09,8.4326e+14,1.065e+12,2.17724e+12,1.76686e+17,1.30287e+19,1.50525e+21
6.6e-09,8.44336e+14,1.06646e+12,2.18019e+12,1.76851e+17,1.3022e+19,1.49082e+21
6.63e-09,8.45054e+14,1.06746e+12,2.18221e+12,1.76946e+17,1.30124e+19,1.47914e+21
6.66e-09,8.45773e+14,1.06846e+12,2.18422e+12,1.77041e+17,1.30029e+19,1.46746e+21
6.69e-09,8.46491e+14,1.06947e+12,2.18624e+12,1.77136e+17,1.29933e+19,1.45578e+21
6.72e-09,8.47209e+14,1.07047e+12,2.18826e+12,1.77231e+17,1.29838e+19,1.44409e+21
6.75e-09,8.47928e+14,1.07147e+12,2.19027e+12,1.77326e+17,1.29742e+19,1.43241e+21
6.78e-09,8.48646e+14,1.07247e+12,2.19229e+12,1.77421e+17,1.29647e+19,1.42073e+21
6.81e-09,8.49364e+14,1.07348e+12,2.19431e+12,1.77516e+17,1.29551e+19,1.40905e+21
6.84e-09,8.50082e+14,1.07448e+12,2.19632e+12,1.77611e+17,1.29455e+19,1.39736e+21
6.87e-09,8.50801e+14,1.07548e+12,2.19834e+12,1.77706e+17,1.2936e+19,1.38568e+21
6.9e-09,8.51519e+14,1.07648e+12,2.20036e+12,1.77801e+17,1.29264e+19,1.374e+21
6.93e-09,8.52237e+14,1.07748e+12,2.20237e+12,1.77896e+17,1.29169e+19,1.36232e+21
6.96e-09,8.52956e+14,1.07849e+12,2.20439e+12,1.77992e+17,1.29073e+19,1.35064e+21
6.99e-09,8.53674e+14,1.07949e+12,2.20641e+12,1.78087e+17,1.28977e+19,1.33895e+21
7.02e-09,8.54392e+14,1.08049e+12,2.20842e+12,1.78182e+17,1.28882e+19,1.32727e+21
7.05e-09,8.55111e+14,1.08149e+12,2.21044e+12,1.78277e+17,1.28786e+19,1.31559e+21
7.08e-09,8.55829e+14,1.0825e+12,2.21246e+12,1.78372e+17,1.28691e+19,1.30391e+21
7.11e-09,8.56547e+14,1.0835e+12,2.21447e+12,1.78467e+17,1.28595e+19,1.29223e+21
7.14e-09,8.57265e+14,1.0845e+12,2.21649e+12,1.78562e+17,1.285e+19,1.28054e+21
7.17e-09,8.57984e+14,1.0855e+12,2.21851e+12,1.78657e+17,1.28404e+19,1.26886e+21
7.2e-09,8.58702e+14,1.08651e+12,2.22052e+12,1.78752e+17,1.28308e+19,1.25718e+21
7.23e-09,8.59116e+14,1.08712e+12,2.22174e+12,1.78788e+17,1.28193e+19,1.24768e+21
7.26e-09,8.59529e+14,1.08773e+12,2.22296e+12,1.78825e+17,1.28077e+19,1.23819e+21
7.29e-09,8.59943e+14,1.08834e+12,2.22418e+12,1.78862e+17,1.27961e+19,1.22869e+21
7.32e-09,8.60357e+14,1.08895e+12,2.22539e+12,1.78898e+17,1.27846e+19,1.2192e+21
7.35e-09,8.6077e+14,1.08956e+12,2.22661e+12,1.78935e+17,1.2773e+19,1.2097e+21
7.38e-09,8.61184e+14,1.09017e+12,2.22783e+12,1.78971e+17,1.27614e+19,1.2002e+21
7.41e-09,8.61598e+14,1.09078e+12,2.22905e+12,1.79008e+17,1.27499e+19,1.19071e+21
7.44e-09,8.62011e+14,1.09139e+12,2.23026e+12,1.79045e+17,1.27383e+19,1.18121e+21
7.47e-09,8.62425e+14,1.092e+12,2.23148e+12,1.79081e+17,1.27267e+19,1.17172e+21
7.5e-09,8.62839e+14,1.09261e+12,2.2327e+12,1.79118e+17,1.27152e+19,1.16222e+21
7.53e-09,8.63252e+14,1.09322e+12,2.23392e+12,1.79154e+17,1.27036e+19,1.15272e+21
7.56e-09,8.63666e+14,1.09383e+12,2.23514e+12,1.79191e+17,1.2692e+19,1.14323e+21
7.59e-09,8.6408e+14,1.09444e+12,2.23635e+12,1.79227e+17,1.26805e+19,1.13373e+21
7.62e-09,8.64493e+14,1.09505e+12,2.23757e+12,1.79264e+17,1.26689e+19,1.12424e+21
7.65e-09,8.64907e+14,1.09566e+12,2.23879e+12,1.79301e+17,1.26573e+19,1.11474e+21
7.68e-09,8.65321e+14,1.09627e+12,2.24001e+12,1.79337e+17,1.26458e+19,1.10525e+21
7.71e-09,8.65734e+14,1.09688e+12,2.24122e+12,1.79374e+17,1.26342e+19,1.09575e+21
7.74e-09,8.66148e+14,1.09749e+12,2.24244e+12,1.7941e+17,1.26226e+19,1.08625e+21
7.77e-09,8.66562e+14,1.0981e+12,2.24366e+12,1.79447e+17,1.26111e+19,1.07676e+21
7.8e-09,8.66975e+14,1.09871e+12,2.24488e+12,1.79484e+17,1.25995e+19,1.06726e+21
7.83e-09,8.67129e+14,1.09899e+12,2.24541e+12,1.79471e+17,1.25865e+19,1.05951e+21
7.86e-09,8.67283e+14,1.09926e+12,2.24594e+12,1.79459e+17,1.25735e+19,1.05176e+21
7.89e-09,8.67437e+14,1.09954e+12,2.24647e+12,1.79447e+17,1.25605e+19,1.044e+21
7.92e-09,8.67591e+14,1.09981e+12,2.24701e+12,1.79435e+17,1.25475e+19,1.03625e+21
7.95e-09,8.67745e+14,1.10008e+12,2.24754e+12,1.79423e+17,1.25345e+19,1.0285e+21
7.98e-09,8.67899e+14,1.10036e+12,2.24807e+12,1.79411e+17,1.25214e+19,1.02074e+21
8.01e-09,8.68053e+14,1.10063e+12,2.24861e+12,1.79399e+17,1.25084e+19,1.01299e+21
8.04e-09,8.68207e+14,1.10091e+12,2.24914e+12,1.79387e+17,1.24954e+19,1.00524e+21
8.07e-09,8.68361e+14,1.10118e+12,2.24967e+12,1.79374e+17,1.24824e+19,9.97484e+20
8.1e-09,8.68515e+14,1.10145e+12,2.2502e+12,1.79362e+17,1.24694e+19,9.8973e+20
8.13e-09,8.68669e+14,1.10173e+12,2.25074e+12,1.7935e+17,1.24564e+19,9.81977e+20
8.16e-09,8.68823e+14,1.102e+12,2.25127e+12,1.79338e+17,1.24434e+19,9.74224e+20
8.19e-09,8.68977e+14,1.10228e+12,2.2518e+12,1.79326e+17,1.24304e+19,9.66471e+20
8.22e-09,8.69131e+14,1.10255e+12,2.25233e+12,1.79314e+17,1.24174e+19,9.58717e+20
8.25e-09,8.69285e+14,1.10282e+12,2.25287e+12,1.79302e+17,1.24043e+19,9.50964e+20
8.28e-09,8.69439e+14,1.1031e+12,2.2534e+12,1.7929e+17,1.23913e+19,9.43211e+20
8.31e-09,8.69593e+14,1.10337e+12,2.25393e+12,1.79278e+17,1.23783e+19,9.35458e+20
8.34e-09,8.69747e+14,1.10365e+12,2.25446e+12,1.79265e+17,1.23653e+19,9.27704e+20
8.37e-09,8.69901e+14,1.10392e+12,2.255e+12,1.79253e+17,1.23523e+19,9.19951e+20
8.4e-09,8.70055e+14,1.10419e+12,2.25553e+12,1.79241e+17,1.23393e+19,9.12198e+20
8.43e-09,8.69987e+14,1.10418e+12,2.25548e+12,1.79188e+17,1.23252e+19,9.05837e+20
8.46e-09,8.6992e+14,1.10416e+12,2.25542e+12,1.79135e+17,1.23112e+19,8.99476e+20
8.49e-09,8.69852e+14,1.10415e+12,2.25537e+12,1.79083e+17,1.22971e+19,8.93115e+20
8.52e-09,8.69785e+14,1.10414e+12,2.25531e+12,1.7903e+17,1.2283e+19,8.86754e+20
8.55e-09,8.69717e+14,1.10412e+12,2.25526e+12,1.78977e+17,1.2269e+19,8.80393e+20
8.58e-09,8.69649e+14,1.10411e+12,2.2552e+12,1.78924e+17,1.22549e+19,8.74032e+20
8.61e-09,8.69582e+14,1.10409e+12,2.25515e+12,1.78871e+17,1.22408e+19,8.67671e+20
8.64e-09,8.69514e+14,1.10408e+12,2.25509e+12,1.78818e+17,1.22268e+19,8.6131e+20
8.67e-09,8.69446e+14,1.10406e+12,2.25504e+12,1.78765e+17,1.22127e+19,8.54949e+20
8.7e-09,8.69379e+14,1.10405e+12,2.25498e+12,1.78712e+17,1.21986e+19,8.48588e+20
8.73e-09,8.69311e+14,1.10403e+12,2.25493e+12,1.7866e+17,1.21846e+19,8.42227e+20
8.76e-09,8.69244e+14,1.10402e+12,2.25487e+12,1.78607e+17,1.21705e+19,8.35866e+20
8.79e-09,8.69176e+14,1.104e+12,2.25482e+12,1.78554e+17,1.21564e+19,8.29505e+20
8.82e-09,8.69108e+14,1.10399e+12,2.25476e+12,1.78501e+17,1.21424e+19,8.23144e+20
8.85e-09,8.69041e+14,1.10397e+12,2.25471e+12,1.78448e+17,1.21283e+19,8.16783e+20
8.88e-09,8.68973e+14,1.10396e+12,2.25465e+12,1.78395e+17,1.21143e+19,8.10422e+20
8.91e-09,8.68905e+14,1.10394e+12,2.2546e+12,1.78342e+17,1.21002e+19,8.04061e+20
8.94e-09,8.68838e+14,1.10393e+12,2.25454e+12,1.7829e+17,1.20861e+19,7.977e+20
8.97e-09,8.6877e+14,1.10391e+12,2.25449e+12,1.78237e+17,1.20721e+19,7.91339e+20
9e-09,8.68703e+14,1.1039e+12,2.25443e+12,1.78184e+17,1.2058e+19,7.84978e+20
9.03e-09,8.68445e+14,1.10364e+12,2.25388e+12,1.78097e+17,1.20431e+19,7.79733e+20
9.06e-09,8.68188e+14,1.10337e+12,2.25332e+12,1.7801e+17,1.20283e+19,7.74488e+20
9.09e-09,8.67931e+14,1.10311e+12,2.25276e+12,1.77922e+17,1.20135e+19,7.69243e+20
9.12e-09,8.67674e+14,1.10285e+12,2.2522e+12,1.77835e+17,1.19986e+19,7.63998e+20
9.15e-09,8.67417e+14,1.10258e+12,2.25164e+12,1.77748e+17,1.19838e+19,7.58753e+20
9.18e-09,8.67159e+14,1.10232e+12,2.25108e+12,1.77661e+17,1.19689e+19,7.53508e+20
9.21e-09,8.66902e+14,1.10206e+12,2.25052e+12,1.77574e+17,1.19541e+19,7.48263e+20
9.24e-09,8.66645e+14,1.10179e+12,2.24996e+12,1.77487e+17,1.19392e+19,7.43018e+20
9.27e-09,8.66388e+14,1.10153e+12,2.2494e+12,1.774e+17,1.19244e+19,7.37773e+20
9.3e-09,8.66131e+14,1.10127e+12,2.24884e+12,1.77313e+17,1.19096e+19,7.32528e+20
9.33e-09,8.65873e+14,1.10101e+12,2.24828e+12,1.77225e+17,1.18947e+19,7.27283e+20
9.36e-09,8.65616e+14,1.10074e+12,2.24772e+12,1.77138e+17,1.18799e+19,7.22038e+20
9.39e-09,8.65359e+14,1.10048e+12,2.24716e+12,1.77051e+17,1.1865e+19,7.16793e+20
9.42e-09,8.65102e+14,1.10022e+12,2.2466e+12,1.76964e+17,1.18502e+19,7.11548e+20
9.45e-09,8.64845e+14,1.09995e+12,2.24604e+12,1.76877e+17,1.18353e+19,7.06303e+20
9.48e-09,8.64588e+14,1.09969e+12,2.24548e+12,1.7679e+17,1.18205e+19,7.01058e+20
9.51e-09,8.6433e+14,1.09943e+12,2.24492e+12,1.76703e+17,1.18057e+19,6.95813e+20
9.54e-09,8.64073e+14,1.09916e+12,2.24437e+12,1.76616e+17,1.17908e+19,6.90568e+20
9.57e-09,8.63816e+14,1.0989e+12,2.24381e+12,1.76529e+17,1.1776e+19,6.85323e+20
9.6e-09,8.63559e+14,1.09864e+12,2.24325e+12,1.76441e+17,1.17611e+19,6.80078e+20
9.63e-09,8.63139e+14,1.09816e+12,2.24225e+12,1.76325e+17,1.17457e+19,6.75731e+20
9.66e-09,8.62719e+14,1.09768e+12,2.24126e+12,1.76209e+17,1.17303e+19,6.71384e+20
9.69e-09,8.623e+14,1.09721e+12,2.24026e+12,1.76093e+17,1.17149e+19,6.67036e+20
9.72e-09,8.6188e+14,1.09673e+12,2.23927e+12,1.75977e+17,1.16994e+19,6.62689e+20
9.75e-09,8.6146e+14,1.09625e+12,2.23828e+12,1.75861e+17,1.1684e+19,6.58342e+20
9.78e-09,8.6104e+14,1.09578e+12,2.23728e+12,1.75745e+17,1.16686e+19,6.53995e+20
9.81e-09,8.6062e+14,1.0953e+12,2.23629e+12,1.75629e+17,1.16532e+19,6.49648e+20
9.84e-09,8.60201e+14,1.09482e+12,2.23529e+12,1.75513e+17,1.16377e+19,6.45301e+20
9.87e-09,8.59781e+14,1.09434e+12,2.2343e+12,1.75397e+17,1.16223e+19,6.40953e+20
9.9e-09,8.59361e+14,1.09387e+12,2.23331e+12,1.75281e+17,1.16069e+19,6.36606e+20
9.93e-09,8.58941e+14,1.09339e+12,2.23231e+12,1.75165e+17,1.15915e+19,6.32259e+20
9.96e-09,8.58521e+14,1.09291e+12,2.23132e+12,1.75049e+17,1.1576e+19,6.27912e+20
9.99e-09,8.58102e+14,1.09244e+12,2.23032e+12,1.74933e+17,1.15606e+19,6.23565e+20
1.002e-08,8.57682e+14,1.09196e+12,2.22933e+12,1.74817e+17,1.15452e+19,6.19218e+20
1.005e-08,8.57262e+14,1.09148e+12,2.22834e+12,1.74701e+17,1.15298e+19,6.14871e+20
1.008e-08,8.56842e+14,1.091e+12,2.22734e+12,1.74585e+17,1.15143e+19,6.10523e+20
1.011e-08,8.56423e+14,1.09053e+12,2.22635e+12,1.74469e+17,1.14989e+19,6.06176e+20
1.014e-08,8.56003e+14,1.09005e+12,2.22535e+12,1.74353e+17,1.14835e+19,6.01829e+20
1.017e-08,8.55583e+14,1.08957e+12,2.22436e+12,1.74236e+17,1.14681e+19,5.97482e+20
1.02e-08,8.55163e+14,1.0891e+12,2.22337e+12,1.7412e+17,1.14526e+19,5.93135e+20
1.023e-08,8.54604e+14,1.08843e+12,2.222e+12,1.7398e+17,1.14368e+19,5.89513e+20
1.026e-08,8.54044e+14,1.08777e+12,2.22063e+12,1.73839e+17,1.14209e+19,5.85891e+20
1.029e-08,8.53484e+14,1.08711e+12,2.21926e+12,1.73699e+17,1.1405e+19,5.82269e+20
1.032e-08,8.52925e+14,1.08645e+12,2.21789e+12,1.73558e+17,1.13892e+19,5.78647e+20
1.035e-08,8.52365e+14,1.08579e+12,2.21652e+12,1.73417e+17,1.13733e+19,5.75025e+20
1.038e-08,8.51805e+14,1.08512e+12,2.21515e+12,1.73277e+17,1.13574e+19,5.71403e+20
1.041e-08,8.51245e+14,1.08446e+12,2.21378e+12,1.73136e+17,1.13416e+19,5.67782e+20
1.044e-08,8.50686e+14,1.0838e+12,2.21241e+12,1.72996e+17,1.13257e+19,5.6416e+20
1.047e-08,8.50126e+14,1.08314e+12,2.21104e+12,1.72855e+17,1.13098e+19,5.60538e+20
1.05e-08,8.49566e+14,1.08248e+12,2.20967e+12,1.72714e+17,1.12939e+19,5.56916e+20
1.053e-08,8.49007e+14,1.08181e+12,2.2083e+12,1.72574e+17,1.12781e+19,5.53294e+20
1.056e-08,8.48447e+14,1.08115e+12,2.20694e+12,1.72433e+17,1.12622e+19,5.49672e+20
1.059e-08,8.47887e+14,1.08049e+12,2.20557e+12,1.72293e+17,1.12463e+19,5.4605e+20
1.062e-08,8.47328e+14,1.07983e+12,2.2042e+12,1.72152e+17,1.12305e+19,5.42428e+20
1.065e-08,8.46768e+14,1.07917e+12,2.20283e+12,1.72011e+17,1.12146e+19,5.38807e+20
1.068e-08,8.46208e+14,1.0785e+12,2.20146e+12,1.71871e+17,1.11987e+19,5.35185e+20
1.071e-08,8.45649e+14,1.07784e+12,2.20009e+12,1.7173e+17,1.11829e+19,5.31563e+20
1.074e-08,8.45089e+14,1.07718e+12,2.19872e+12,1.71589e+17,1.1167e+19,5.27941e+20
1.077e-08,8.44529e+14,1.07652e+12,2.19735e+12,1.71449e+17,1.11511e+19,5.24319e+20
1.08e-08,8.4397e+14,1.07586e+12,2.19598e+12,1.71308e+17,1.11353e+19,5.20697e+20
1.083e-08,8.43289e+14,1.07503e+12,2.19429e+12,1.71147e+17,1.11191e+19,5.17664e+20
1.086e-08,8.42609e+14,1.07421e+12,2.19259e+12,1.70985e+17,1.11029e+19,5.1463e+20
1.089e-08,8.41928e+14,1.07339e+12,2.1909e+12,1.70824e+17,1.10866e+19,5.11596e+20
1.092e-08,8.41248e+14,1.07257e+12,2.1892e+12,1.70662e+17,1.10704e+19,5.08563e+20
1.095e-08,8.40567e+14,1.07174e+12,2.18751e+12,1.705e+17,1.10542e+19,5.05529e+20
1.098e-08,8.39887e+14,1.07092e+12,2.18581e+12,1.70339e+17,1.1038e+19,5.02495e+20
1.101e-08,8.39206e+14,1.0701e+12,2.18412e+12,1.70177e+17,1.10218e+19,4.99462e+20
1.104e-08,8.38526e+14,1.06928e+12,2.18243e+12,1.70016e+17,1.10056e+19,4.96428e+20
1.107e-08,8.37845e+14,1.06846e+12,2.18073e+12,1.69854e+17,1.09894e+19,4.93395e+20
1.11e-08,8.37165e+14,1.06763e+12,2.17904e+12,1.69693e+17,1.09732e+19,4.90361e+20
1.113e-08,8.36484e+14,1.06681e+12,2.17734e+12,1.69531e+17,1.0957e+19,4.87327e+20
1.116e-08,8.35804e+14,1.06599e+12,2.17565e+12,1.6937e+17,1.09408e+19,4.84294e+20
1.119e-08,8.35123e+14,1.06517e+12,2.17395e+12,1.69208e+17,1.09246e+19,4.8126e+20
1.122e-08,8.34443e+14,1.06434e+12,2.17226e+12,1.69046e+17,1.09084e+19,4.78227e+20
1.125e-08,8.33762e+14,1.06352e+12,2.17057e+12,1.68885e+17,1.08921e+19,4.75193e+20
1.128e-08,8.33082e+14,1.0627e+12,2.16887e+12,1.68723e+17,1.08759e+19,4.72159e+20
1.131e-08,8.32401e+14,1.06188e+12,2.16718e+12,1.68562e+17,1.08597e+19,4.69126e+20
1.134e-08,8.31721e+14,1.06105e+12,2.16548e+12,1.684e+17,1.08435e+19,4.66092e+20
1.137e-08,8.3104e+14,1.06023e+12,2.16379e+12,1.68239e+17,1.08273e+19,4.63059e+20
1.14e-08,8.3036e+14,1.05941e+12,2.16209e+12,1.68077e+17,1.08111e+19,4.60025e+20
1.143e-08,8.29574e+14,1.05845e+12,2.16012e+12,1.67898e+17,1.07946e+19,4.5747e+20
1.146e-08,8.28789e+14,1.05749e+12,2.15814e+12,1.67718e+17,1.07782e+19,4.54916e+20
1.149e-08,8.28004e+14,1.05652e+12,2.15616e+12,1.67539e+17,1.07617e+19,4.52361e+20
1.152e-08,8.27219e+14,1.05556e+12,2.15419e+12,1.67359e+17,1.07452e+19,4.49807e+20
1.155e-08,8.26434e+14,1.0546e+12,2.15221e+12,1.67179e+17,1.07287e+19,4.47252e+20
1.158e-08,8.25648e+14,1.05364e+12,2.15023e+12,1.67e+17,1.07123e+19,4.44698e+20
1.161e-08,8.24863e+14,1.05268e+12,2.14826e+12,1.6682e+17,1.06958e+19,4.42143e+20
1.164e-08,8.24078e+14,1.05172e+12,2.14628e+12,1.66641e+17,1.06793e+19,4.39589e+20
1.167e-08,8.23293e+14,1.05075e+12,2.1443e+12,1.66461e+17,1.06629e+19,4.37034e+20
1.17e-08,8.22508e+14,1.04979e+12,2.14233e+12,1.66282e+17,1.06464e+19,4.3448e+20
1.173e-08,8.21722e+14,1.04883e+12,2.14035e+12,1.66102e+17,1.06299e+19,4.31925e+20
1.176e-08,8.20937e+14,1.04787e+12,2.13837e+12,1.65923e+17,1.06134e+19,4.29371e+20
1.179e-08,8.20152e+14,1.04691e+12,2.13639e+12,1.65743e+17,1.0597e+19,4.26816e+20
1.182e-08,8.19367e+14,1.04595e+12,2.13442e+12,1.65564e+17,1.05805e+19,4.24262e+20
1.185e-08,8.18582e+14,1.04498e+12,2.13244e+12,1.65384e+17,1.0564e+19,4.21707e+20
1.188e-08,8.17796e+14,1.04402e+12,2.13046e+12,1.65205e+17,1.05475e+19,4.19153e+20
1.191e-08,8.17011e+14,1.04306e+12,2.12849e+12,1.65025e+17,1.05311e+19,4.16598e+20
1.194e-08,8.16226e+14,1.0421e+12,2.12651e+12,1.64846e+17,1.05146e+19,4.14044e+20
1.197e-08,8.15441e+14,1.04114e+12,2.12453e+12,1.64666e+17,1.04981e+19,4.11489e+20
1.2e-08,8.14656e+14,1.04018e+12,2.12256e+12,1.64487e+17,1.04817e+19,4.08935e+20
1.203e-08,8.13779e+14,1.03909e+12,2.12033e+12,1.64292e+17,1.0465e+19,4.06772e+20
1.206e-08,8.12903e+14,1.03801e+12,2.11811e+12,1.64097e+17,1.04483e+19,4.04609e+20
1.209e-08,8.12027e+14,1.03693e+12,2.11589e+12,1.63902e+17,1.04316e+19,4.02446e+20
1.212e-08,8.11151e+14,1.03584e+12,2.11366e+12,1.63707e+17,1.04149e+19,4.00283e+20
1.215e-08,8.10274e+14,1.03476e+12,2.11144e+12,1.63512e+17,1.03982e+19,3.9812e+20
1.218e-08,8.09398e+14,1.03368e+12,2.10922e+12,1.63317e+17,1.03816e+19,3.95958e+20
1.221e-08,8.08522e+14,1.03259e+12,2.10699e+12,1.63122e+17,1.03649e+19,3.93795e+20
1.224e-08,8.07646e+14,1.03151e+12,2.10477e+12,1.62927e+17,1.03482e+19,3.91632e+20
1.227e-08,8.06769e+14,1.03042e+12,2.10255e+12,1.62732e+17,1.03315e+19,3.89469e+20
1.23e-08,8.05893e+14,1.02934e+12,2.10032e+12,1.62537e+17,1.03148e+19,3.87306e+20
1.233e-08,8.05017e+14,1.02826e+12,2.0981e+12,1.62342e+17,1.02982e+19,3.85143e+20
1.236e-08,8.04141e+14,1.02717e+12,2.09588e+12,1.62147e+17,1.02815e+19,3.82981e+20
1.239e-08,8.03264e+14,1.02609e+12,2.09366e+12,1.61952e+17,1.02648e+19,3.80818e+20
1.242e-08,8.02388e+14,1.02501e+12,2.09143e+12,1.61757e+17,1.02481e+19,3.78655e+20
1.245e-08,8.01512e+14,1.02392e+12,2.08921e+12,1.61562e+17,1.02314e+19,3.76492e+20
1.248e-08,8.00636e+14,1.02284e+12,2.08699e+12,1.61367e+17,1.02147e+19,3.74329e+20
1.251e-08,7.99759e+14,1.02176e+12,2.08476e+12,1.61172e+17,1.01981e+19,3.72166e+20
1.254e-08,7.98883e+14,1.02067e+12,2.08254e+12,1.60977e+17,1.01814e+19,3.70004e+20
1.257e-08,7.98007e+14,1.01959e+12,2.08032e+12,1.60782e+17,1.01647e+19,3.67841e+20
1.26e-08,7.9713e+14,1.01851e+12,2.07809e+12,1.60587e+17,1.0148e+19,3.65678e+20
1.263e-08,7.96175e+14,1.01732e+12,2.07565e+12,1.60378e+17,1.01312e+19,3.63836e+20
1.266e-08,7.95219e+14,1.01613e+12,2.07322e+12,1.6017e+17,1.01143e+19,3.61995e+20
1.269e-08,7.94263e+14,1.01494e+12,2.07078e+12,1.59962e+17,1.00975e+19,3.60154e+20
1.272e-08,7.93308e+14,1.01375e+12,2.06834e+12,1.59753e+17,1.00806e+19,3.58312e+20
1.275e-08,7.92352e+14,1.01256e+12,2.0659e+12,1.59545e+17,1.00638e+19,3.56471e+20
1.278e-08,7.91396e+14,1.01137e+12,2.06346e+12,1.59336e+17,1.00469e+19,3.54629e+20
1.281e-08,7.9044e+14,1.01018e+12,2.06102e+12,1.59128e+17,1.00301e+19,3.52788e+20
1.284e-08,7.89485e+14,1.00899e+12,2.05858e+12,1.5892e+17,1.00132e+19,3.50946e+20
1.287e-08,7.88529e+14,1.0078e+12,2.05614e+12,1.58711e+17,9.99639e+18,3.49105e+20
1.29e-08,7.87573e+14,1.00661e+12,2.05371e+12,1.58503e+17,9.97954e+18,3.47264e+20
1.293e-08,7.86617e+14,1.00542e+12,2.05127e+12,1.58294e+17,9.96269e+18,3.45422e+20
1.296e-08,7.85662e+14,1.00423e+12,2.04883e+12,1.58086e+17,9.94584e+18,3.43581e+20
1.299e-08,7.84706e+14,1.00304e+12,2.04639e+12,1.57878e+17,9.929e+18,3.41739e+20
1.302e-08,7.8375e+14,1.00185e+12,2.04395e+12,1.57669e+17,9.91215e+18,3.39898e+20
1.305e-08,7.82794e+14,1.00066e+12,2.04151e+12,1.57461e+17,9.8953e+18,3.38056e+20
1.308e-08,7.81839e+14,9.99471e+11,2.03907e+12,1.57252e+17,9.87845e+18,3.36215e+20
1.311e-08,7.80883e+14,9.98281e+11,2.03664e+12,1.57044e+17,9.8616e+18,3.34374e+20
1.314e-08,7.79927e+14,9.97092e+11,2.0342e+12,1.56836e+17,9.84476e+18,3.32532e+20
1.317e-08,7.78971e+14,9.95902e+11,2.03176e+12,1.56627e+17,9.82791e+18,3.30691e+20
1.32e-08,7.78016e+14,9.94712e+11,2.02932e+12,1.56419e+17,9.81106e+18,3.28849e+20
1.323e-08,7.7699e+14,9.93429e+11,2.02669e+12,1.56199e+17,9.79408e+18,3.27273e+20
1.326e-08,7.75965e+14,9.92146e+11,2.02406e+12,1.55979e+17,9.77709e+18,3.25696e+20
1.329e-08,7.7494e+14,9.90862e+11,2.02144e+12,1.55759e+17,9.76011e+18,3.24119e+20
1.332e-08,7.73914e+14,9.89579e+11,2.01881e+12,1.55539e+17,9.74313e+18,3.22542e+20
1.335e-08,7.72889e+14,9.88296e+11,2.01618e+12,1.55319e+17,9.72615e+18,3.20965e+20
1.338e-08,7.71864e+14,9.87012e+11,2.01355e+12,1.55099e+17,9.70916e+18,3.19388e+20
1.341e-08,7.70838e+14,9.85729e+11,2.01092e+12,1.54879e+17,9.69218e+18,3.17811e+20
1.344e-08,7.69813e+14,9.84446e+11,2.0083e+12,1.54659e+17,9.6752e+18,3.16235e+20
1.347e-08,7.68787e+14,9.83163e+11,2.00567e+12,1.54439e+17,9.65822e+18,3.14658e+20
1.35e-08,7.67762e+14,9.81879e+11,2.00304e+12,1.54218e+17,9.64123e+18,3.13081e+20
1.353e-08,7.66737e+14,9.80596e+11,2.00041e+12,1.53998e+17,9.62425e+18,3.11504e+20
1.356e-08,7.65711e+14,9.79313e+11,1.99779e+12,1.53778e+17,9.60727e+18,3.09927e+20
1.359e-08,7.64686e+14,9.7803e+11,1.99516e+12,1.53558e+17,9.59029e+18,3.0835e+20
1.362e-08,7.63661e+14,9.76746e+11,1.99253e+12,1.53338e+17,9.5733e+18,3.06773e+20
1.365e-08,7.62635e+14,9.75463e+11,1.9899e+12,1.53118e+17,9.55632e+18,3.05197e+20
1.368e-08,7.6161e+14,9.7418e+11,1.98727e+12,1.52898e+17,9.53934e+18,3.0362e+20
1.371e-08,7.60585e+14,9.72897e+11,1.98465e+12,1.52678e+17,9.52235e+18,3.02043e+20
1.374e-08,7.59559e+14,9.71613e+11,1.98202e+12,1.52458e+17,9.50537e+18,3.00466e+20
1.377e-08,7.58534e+14,9.7033e+11,1.97939e+12,1.52238e+17,9.48839e+18,2.98889e+20
1.38e-08,7.57509e+14,9.69047e+11,1.97676e+12,1.52018e+17,9.47141e+18,2.97312e+20
1.383e-08,7.56422e+14,9.67681e+11,1.97397e+12,1.51788e+17,9.45431e+18,2.95954e+20
1.386e-08,7.55336e+14,9.66316e+11,1.97117e+12,1.51558e+17,9.43722e+18,2.94595e+20
1.389e-08,7.54249e+14,9.6495e+11,1.96838e+12,1.51328e+17,9.42013e+18,2.93237e+20
1.392e-08,7.53163e+14,9.63585e+11,1.96559e+12,1.51097e+17,9.40304e+18,2.91879e+20
1.395e-08,7.52076e+14,9.62219e+11,1.96279e+12,1.50867e+17,9.38594e+18,2.9052e+20
1.398e-08,7.5099e+14,9.60854e+11,1.96e+12,1.50637e+17,9.36885e+18,2.89162e+20
1.401e-08,7.49903e+14,9.59488e+11,1.9572e+12,1.50407e+17,9.35176e+18,2.87803e+20
1.404e-08,7.48817e+14,9.58122e+11,1.95441e+12,1.50177e+17,9.33467e+18,2.86445e+20
1.407e-08,7.4773e+14,9.56757e+11,1.95162e+12,1.49946e+17,9.31758e+18,2.85086e+20
1.41e-08,7.46644e+14,9.55391e+11,1.94882e+12,1.49716e+17,9.30048e+18,2.83728e+20
1.413e-08,7.45557e+14,9.54026e+11,1.94603e+12,1.49486e+17,9.28339e+18,2.8237e+20
1.416e-08,7.44471e+14,9.5266e+11,1.94323e+12,1.49256e+17,9.2663e+18,2.81011e+20
1.419e-08,7.43384e+14,9.51295e+11,1.94044e+12,1.49026e+17,9.24921e+18,2.79653e+20
1.422e-08,7.42298e+14,9.49929e+11,1.93764e+12,1.48795e+17,9.23211e+18,2.78294e+20
1.425e-08,7.41211e+14,9.48564e+11,1.93485e+12,1.48565e+17,9.21502e+18,2.76936e+20
1.428e-08,7.40125e+14,9.47198e+11,1.93206e+12,1.48335e+17,9.19793e+18,2.75577e+20
1.431e-08,7.39038e+14,9.45833e+11,1.92926e+12,1.48105e+17,9.18084e+18,2.74219e+20
1.434e-08,7.37952e+14,9.44467e+11,1.92647e+12,1.47875e+17,9.16374e+18,2.7286e+20
1.437e-08,7.36865e+14,9.43101e+11,1.92367e+12,1.47645e+17,9.14665e+18,2.71502e+20
1.44e-08,7.35779e+14,9.41736e+11,1.92088e+12,1.47414e+17,9.12956e+18,2.70144e+20
1.443e-08,7.34638e+14,9.40298e+11,1.91794e+12,1.47175e+17,9.11238e+18,2.68966e+20
1.446e-08,7.33498e+14,9.3886e+11,1.915e+12,1.46936e+17,9.09519e+18,2.67788e+20
1.449e-08,7.32357e+14,9.37421e+11,1.91206e+12,1.46697e+17,9.07801e+18,2.6661e+20
1.452e-08,7.31217e+14,9.35983e+11,1.90911e+12,1.46458e+17,9.06083e+18,2.65433e+20
1.455e-08,7.30077e+14,9.34545e+11,1.90617e+12,1.46219e+17,9.04365e+18,2.64255e+20
1.458e-08,7.28936e+14,9.33107e+11,1.90323e+12,1.4598e+17,9.02646e+18,2.63077e+20
1.461e-08,7.27796e+14,9.31669e+11,1.90029e+12,1.45741e+17,9.00928e+18,2.61899e+20
1.464e-08,7.26656e+14,9.3023e+11,1.89735e+12,1.45502e+17,8.9921e+18,2.60722e+20
1.467e-08,7.25515e+14,9.28792e+11,1.89441e+12,1.45263e+17,8.97491e+18,2.59544e+20
1.47e-08,7.24375e+14,9.27354e+11,1.89147e+12,1.45024e+17,8.95773e+18,2.58366e+20
1.473e-08,7.23235e+14,9.25916e+11,1.88853e+12,1.44784e+17,8.94055e+18,2.57188e+20
1.476e-08,7.22094e+14,9.24478e+11,1.88559e+12,1.44545e+17,8.92337e+18,2.5601e+20
1.479e-08,7.20954e+14,9.2304e+11,1.88264e+12,1.44306e+17,8.90618e+18,2.54833e+20
1.482e-08,7.19813e+14,9.21601e+11,1.8797e+12,1.44067e+17,8.889e+18,2.53655e+20
1.485e-08,7.18673e+14,9.20163e+11,1.87676e+12,1.43828e+17,8.87182e+18,2.52477e+20
1.488e-08,7.17533e+14,9.18725e+11,1.87382e+12,1.43589e+17,8.85464e+18,2.51299e+20
1.491e-08,7.16392e+14,9.17287e+11,1.87088e+12,1.4335e+17,8.83745e+18,2.50122e+20
1.494e-08,7.15252e+14,9.15849e+11,1.86794e+12,1.43111e+17,8.82027e+18,2.48944e+20
1.497e-08,7.14112e+14,9.1441e+11,1.865e+12,1.42872e+17,8.80309e+18,2.47766e+20
1.5e-08,7.12971e+14,9.12972e+11,1.86206e+12,1.42633e+17,8.7859e+18,2.46588e+20
1.503e-08,7.11783e+14,9.1147e+11,1.85899e+12,1.42386e+17,8.76865e+18,2.4556e+20
1.506e-08,7.10595e+14,9.09967e+11,1.85592e+12,1.42139e+17,8.75139e+18,2.44532e+20
1.509e-08,7.09407e+14,9.08465e+11,1.85284e+12,1.41892e+17,8.73413e+18,2.43504e+20
1.512e-08,7.0822e+14,9.06962e+11,1.84977e+12,1.41645e+17,8.71687e+18,2.42476e+20
1.515e-08,7.07032e+14,9.0546e+11,1.8467e+12,1.41398e+17,8.69962e+18,2.41448e+20
1.518e-08,7.05844e+14,9.03958e+11,1.84363e+12,1.41151e+17,8.68236e+18,2.4042e+20
1.521e-08,7.04656e+14,9.02455e+11,1.84056e+12,1.40904e+17,8.6651e+18,2.39392e+20
1.524e-08,7.03468e+14,9.00953e+11,1.83749e+12,1.40658e+17,8.64784e+18,2.38364e+20
1.527e-08,7.0228e+14,8.9945e+11,1.83442e+12,1.40411e+17,8.63058e+18,2.37336e+20
1.53e-08,7.01092e+14,8.97948e+11,1.83135e+12,1.40164e+17,8.61333e+18,2.36308e+20
1.533e-08,6.99904e+14,8.96445e+11,1.82828e+12,1.39917e+17,8.59607e+18,2.3528e+20
1.536e-08,6.98716e+14,8.94943e+11,1.82521e+12,1.3967e+17,8.57881e+18,2.34252e+20
1.539e-08,6.97528e+14,8.93441e+11,1.82213e+12,1.39423e+17,8.56155e+18,2.33224e+20
1.542e-08,6.9634e+14,8.91938e+11,1.81906e+12,1.39176e+17,8.54429e+18,2.32196e+20
1.545e-08,6.95152e+14,8.90436e+11,1.81599e+12,1.38929e+17,8.52704e+18,2.31168e+20
1.548e-08,6.93964e+14,8.88933e+11,1.81292e+12,1.38682e+17,8.50978e+18,2.3014e+20
1.551e-08,6.92776e+14,8.87431e+11,1.80985e+12,1.38436e+17,8.49252e+18,2.29112e+20
1.554e-08,6.91588e+14,8.85928e+11,1.80678e+12,1.38189e+17,8.47526e+18,2.28084e+20
1.557e-08,6.904e+14,8.84426e+11,1.80371e+12,1.37942e+17,8.45801e+18,2.27056e+20
1.56e-08,6.89213e+14,8.82923e+11,1.80064e+12,1.37695e+17,8.44075e+18,2.26028e+20
1.563e-08,6.87983e+14,8.81364e+11,1.79745e+12,1.37441e+17,8.42343e+18,2.25124e+20
1.566e-08,6.86753e+14,8.79805e+11,1.79427e+12,1.37187e+17,8.40611e+18,2.2422e+20
1.569e-08,6.85522e+14,8.78245e+11,1.79108e+12,1.36934e+17,8.38878e+18,2.23316e+20
1.572e-08,6.84292e+14,8.76686e+11,1.78789e+12,1.3668e+17,8.37146e+18,2.22412e+20
1.575e-08,6.83062e+14,8.75127e+11,1.78471e+12,1.36426e+17,8.35414e+18,2.21508e+20
1.578e-08,6.81832e+14,8.73567e+11,1.78152e+12,1.36172e+17,8.33682e+18,2.20604e+20
1.581e-08,6.80602e+14,8.72008e+11,1.77834e+12,1.35918e+17,8.3195e+18,2.197e+20
1.584e-08,6.79372e+14,8.70448e+11,1.77515e+12,1.35665e+17,8.30218e+18,2.18796e+20
1.587e-08,6.78142e+14,8.68889e+11,1.77196e+12,1.35411e+17,8.28486e+18,2.17892e+20
1.59e-08,6.76912e+14,8.6733e+11,1.76878e+12,1.35157e+17,8.26754e+18,2.16988e+20
1.593e-08,6.75682e+14,8.6577e+11,1.76559e+12,1.34903e+17,8.25022e+18,2.16085e+20
1.596e-08,6.74452e+14,8.64211e+11,1.76241e+12,1.3465e+17,8.2329e+18,2.15181e+20
1.599e-08,6.73222e+14,8.62652e+11,1.75922e+12,1.34396e+17,8.21558e+18,2.14277e+20
1.602e-08,6.71992e+14,8.61092e+11,1.75603e+12,1.34142e+17,8.19825e+18,2.13373e+20
1.605e-08,6.70762e+14,8.59533e+11,1.75285e+12,1.33888e+17,8.18093e+18,2.12469e+20
1.608e-08,6.69532e+14,8.57973e+11,1.74966e+12,1.33635e+17,8.16361e+18,2.11565e+20
1.611e-08,6.68302e+14,8.56414e+11,1.74648e+12,1.33381e+17,8.14629e+18,2.10661e+20
1.614e-08,6.67072e+14,8.54855e+11,1.74329e+12,1.33127e+17,8.12897e+18,2.09757e+20
1.617e-08,6.65842e+14,8.53295e+11,1.7401e+12,1.32873e+17,8.11165e+18,2.08853e+20
1.62e-08,6.64612e+14,8.51736e+11,1.73692e+12,1.32619e+17,8.09433e+18,2.07949e+20
1.623e-08,6.63345e+14,8.50126e+11,1.73363e+12,1.3236e+17,8.07695e+18,2.07148e+20
1.626e-08,6.62077e+14,8.48516e+11,1.73034e+12,1.321e+17,8.05958e+18,2.06347e+20
1.629e-08,6.6081e+14,8.46906e+11,1.72705e+12,1.3184e+17,8.04221e+18,2.05546e+20
1.632e-08,6.59543e+14,8.45296e+11,1.72376e+12,1.3158e+17,8.02483e+18,2.04745e+20
1.635e-08,6.58276e+14,8.43686e+11,1.72048e+12,1.3132e+17,8.00746e+18,2.03944e+20
1.638e-08,6.57008e+14,8.42076e+11,1.71719e+12,1.3106e+17,7.99008e+18,2.03143e+20
1.641e-08,6.55741e+14,8.40467e+11,1.7139e+12,1.30801e+17,7.97271e+18,2.02342e+20
1.644e-08,6.54474e+14,8.38857e+11,1.71061e+12,1.30541e+17,7.95533e+18,2.01541e+20
1.647e-08,6.53206e+14,8.37247e+11,1.70732e+12,1.30281e+17,7.93796e+18,2.0074e+20
1.65e-08,6.51939e+14,8.35637e+11,1.70404e+12,1.30021e+17,7.92059e+18,1.99939e+20
1.653e-08,6.50672e+14,8.34027e+11,1.70075e+12,1.29761e+17,7.90321e+18,1.99138e+20
1.656e-08,6.49404e+14,8.32417e+11,1.69746e+12,1.29501e+17,7.88584e+18,1.98337e+20
1.659e-08,6.48137e+14,8.30807e+11,1.69417e+12,1.29242e+17,7.86846e+18,1.97536e+20
1.662e-08,6.4687e+14,8.29197e+11,1.69088e+12,1.28982e+17,7.85109e+18,1.96735e+20
1.665e-08,6.45603e+14,8.27587e+11,1.6876e+12,1.28722e+17,7.83372e+18,1.95935e+20
1.668e-08,6.44335e+14,8.25977e+11,1.68431e+12,1.28462e+17,7.81634e+18,1.95133e+20
1.671e-08,6.43068e+14,8.24367e+11,1.68102e+12,1.28202e+17,7.79897e+18,1.94333e+20
1.674e-08,6.41801e+14,8.22758e+11,1.67773e+12,1.27942e+17,7.78159e+18,1.93532e+20
1.677e-08,6.40533e+14,8.21148e+11,1.67444e+12,1.27683e+17,7.76422e+18,1.92731e+20
1.68e-08,6.39266e+14,8.19538e+11,1.67116e+12,1.27423e+17,7.74684e+18,1.9193e+20
1.683e-08,6.37966e+14,8.17883e+11,1.66778e+12,1.27158e+17,7.72942e+18,1.91214e+20
1.686e-08,6.36665e+14,8.16228e+11,1.6644e+12,1.26892e+17,7.712e+18,1.90498e+20
1.689e-08,6.35365e+14,8.14573e+11,1.66102e+12,1.26627e+17,7.69459e+18,1.89782e+20
1.692e-08,6.34065e+14,8.12919e+11,1.65764e+12,1.26362e+17,7.67717e+18,1.89067e+20
1.695e-08,6.32764e+14,8.11264e+11,1.65426e+12,1.26097e+17,7.65975e+18,1.88351e+20
1.698e-08,6.31464e+14,8.09609e+11,1.65088e+12,1.25832e+17,7.64233e+18,1.87635e+20
1.701e-08,6.30164e+14,8.07954e+11,1.6475e+12,1.25566e+17,7.62491e+18,1.86919e+20
1.704e-08,6.28863e+14,8.063e+11,1.64413e+12,1.25301e+17,7.60749e+18,1.86204e+20
1.707e-08,6.27563e+14,8.04645e+11,1.64075e+12,1.25036e+17,7.59007e+18,1.85488e+20
1.71e-08,6.26262e+14,8.0299e+11,1.63737e+12,1.24771e+17,7.57265e+18,1.84772e+20
1.713e-08,6.24962e+14,8.01335e+11,1.63399e+12,1.24506e+17,7.55523e+18,1.84056e+20
1.716e-08,6.23662e+14,7.99681e+11,1.63061e+12,1.24241e+17,7.53781e+18,1.83341e+20
1.719e-08,6.22361e+14,7.98026e+11,1.62723e+12,1.23975e+17,7.52039e+18,1.82625e+20
1.722e-08,6.21061e+14,7.96371e+11,1.62385e+12,1.2371e+17,7.50297e+18,1.81909e+20
1.725e-08,6.19761e+14,7.94716e+11,1.62047e+12,1.23445e+17,7.48555e+18,1.81193e+20
1.728e-08,6.1846e+14,7.93061e+11,1.6171e+12,1.2318e+17,7.46813e+18,1.80478e+20
1.731e-08,6.1716e+14,7.91407e+11,1.61372e+12,1.22915e+17,7.45071e+18,1.79762e+20
1.734e-08,6.15859e+14,7.89752e+11,1.61034e+12,1.22649e+17,7.43329e+18,1.79046e+20
1.737e-08,6.14559e+14,7.88097e+11,1.60696e+12,1.22384e+17,7.41587e+18,1.7833e+20
1.74e-08,6.13259e+14,7.86442e+11,1.60358e+12,1.22119e+17,7.39845e+18,1.77615e+20
1.743e-08,6.11929e+14,7.84748e+11,1.60012e+12,1.21849e+17,7.381e+18,1.76969e+20
1.746e-08,6.10599e+14,7.83053e+11,1.59666e+12,1.21579e+17,7.36354e+18,1.76324e+20
1.749e-08,6.0927e+14,7.81359e+11,1.5932e+12,1.21309e+17,7.34608e+18,1.75679e+20
1.752e-08,6.0794e+14,7.79664e+11,1.58974e+12,1.21039e+17,7.32862e+18,1.75033e+20
1.755e-08,6.0661e+14,7.77969e+11,1.58629e+12,1.20769e+17,7.31116e+18,1.74388e+20
1.758e-08,6.05281e+14,7.76275e+11,1.58283e+12,1.205e+17,7.2937e+18,1.73743e+20
1.761e-08,6.03951e+14,7.7458e+11,1.57937e+12,1.2023e+17,7.27625e+18,1.73098e+20
1.764e-08,6.02621e+14,7.72886e+11,1.57591e+12,1.1996e+17,7.25879e+18,1.72452e+20
1.767e-08,6.01292e+14,7.71191e+11,1.57245e+12,1.1969e+17,7.24133e+18,1.71807e+20
1.77e-08,5.99962e+14,7.69496e+11,1.56899e+12,1.1942e+17,7.22387e+18,1.71162e+20
1.773e-08,5.98632e+14,7.67802e+11,1.56553e+12,1.1915e+17,7.20641e+18,1.70516e+20
1.776e-08,5.97303e+14,7.66107e+11,1.56207e+12,1.1888e+17,7.18895e+18,1.69871e+20
1.779e-08,5.95973e+14,7.64413e+11,1.55861e+12,1.1861e+17,7.1715e+18,1.69226e+20
1.782e-08,5.94643e+14,7.62718e+11,1.55515e+12,1.1834e+17,7.15404e+18,1.68581e+20
1.785e-08,5.93314e+14,7.61023e+11,1.55169e+12,1.1807e+17,7.13658e+18,1.67935e+20
1.788e-08,5.91984e+14,7.59329e+11,1.54824e+12,1.178e+17,7.11912e+18,1.6729e+20
1.791e-08,5.90654e+14,7.57634e+11,1.54478e+12,1.1753e+17,7.10166e+18,1.66645e+20
1.794e-08,5.89325e+14,7.5594e+11,1.54132e+12,1.1726e+17,7.0842e+18,1.65999e+20
1.797e-08,5.87995e+14,7.54245e+11,1.53786e+12,1.16991e+17,7.06675e+18,1.65354e+20
1.8e-08,5.86665e+14,7.5255e+11,1.5344e+12,1.16721e+17,7.04929e+18,1.64709e+20
1.803e-08,5.8531e+14,7.50821e+11,1.53087e+12,1.16447e+17,7.0318e+18,1.64122e+20
1.806e-08,5.83954e+14,7.49091e+11,1.52734e+12,1.16172e+17,7.0143e+18,1.63534e+20
1.809e-08,5.82598e+14,7.47361e+11,1.52381e+12,1.15898e+17,6.99681e+18,1.62947e+20
1.812e-08,5.81242e+14,7.45631e+11,1.52028e+12,1.15624e+17,6.97932e+18,1.6236e+20
1.815e-08,5.79887e+14,7.43901e+11,1.51675e+12,1.1535e+17,6.96183e+18,1.61773e+20
1.818e-08,5.78531e+14,7.42171e+11,1.51322e+12,1.15076e+17,6.94434e+18,1.61185e+20
1.821e-08,5.77176e+14,7.40441e+11,1.50969e+12,1.14802e+17,6.92685e+18,1.60598e+20
1.824e-08,5.7582e+14,7.38711e+11,1.50616e+12,1.14528e+17,6.90935e+18,1.60011e+20
1.827e-08,5.74464e+14,7.36981e+11,1.50262e+12,1.14254e+17,6.89186e+18,1.59424e+20
1.83e-08,5.73108e+14,7.35251e+11,1.49909e+12,1.1398e+17,6.87437e+18,1.58836e+20
1.833e-08,5.71753e+14,7.33521e+11,1.49556e+12,1.13706e+17,6.85688e+18,1.58249e+20
1.836e-08,5.70397e+14,7.31791e+11,1.49203e+12,1.13431e+17,6.83939e+18,1.57662e+20
1.839e-08,5.69042e+14,7.30061e+11,1.4885e+12,1.13157e+17,6.8219e+18,1.57075e+20
1.842e-08,5.67686e+14,7.28331e+11,1.48497e+12,1.12883e+17,6.8044e+18,1.56487e+20
1.845e-08,5.6633e+14,7.26602e+11,1.48144e+12,1.12609e+17,6.78691e+18,1.559e+20
1.848e-08,5.64975e+14,7.24872e+11,1.47791e+12,1.12335e+17,6.76942e+18,1.55313e+20
1.851e-08,5.63619e+14,7.23142e+11,1.47438e+12,1.12061e+17,6.75193e+18,1.54726e+20
1.854e-08,5.62263e+14,7.21412e+11,1.47085e+12,1.11787e+17,6.73444e+18,1.54138e+20
1.857e-08,5.60908e+14,7.19682e+11,1.46732e+12,1.11513e+17,6.71695e+18,1.53551e+20
1.86e-08,5.59552e+14,7.17952e+11,1.46379e+12,1.11239e+17,6.69946e+18,1.52964e+20
1.863e-08,5.58173e+14,7.16191e+11,1.4602e+12,1.10961e+17,6.68194e+18,1.52424e+20
1.866e-08,5.56795e+14,7.14429e+11,1.4566e+12,1.10683e+17,6.66441e+18,1.51884e+20
1.869e-08,5.55416e+14,7.12668e+11,1.45301e+12,1.10405e+17,6.64689e+18,1.51345e+20
1.872e-08,5.54037e+14,7.10907e+11,1.44942e+12,1.10127e+17,6.62937e+18,1.50805e+20
1.875e-08,5.52659e+14,7.09146e+11,1.44582e+12,1.0985e+17,6.61185e+18,1.50266e+20
1.878e-08,5.5128e+14,7.07384e+11,1.44223e+12,1.09572e+17,6.59433e+18,1.49726e+20
1.881e-08,5.49901e+14,7.05623e+11,1.43863e+12,1.09294e+17,6.57681e+18,1.49186e+20
1.884e-08,5.48523e+14,7.03862e+11,1.43504e+12,1.09016e+17,6.55929e+18,1.48647e+20
1.887e-08,5.47144e+14,7.02101e+11,1.43145e+12,1.08738e+17,6.54177e+18,1.48107e+20
1.89e-08,5.45765e+14,7.0034e+11,1.42785e+12,1.08461e+17,6.52425e+18,1.47567e+20
1.893e-08,5.44387e+14,6.98578e+11,1.42426e+12,1.08183e+17,6.50673e+18,1.47028e+20
1.896e-08,5.43008e+14,6.96817e+11,1.42067e+12,1.07905e+17,6.48921e+18,1.46488e+20
1.899e-08,5.41629e+14,6.95056e+11,1.41707e+12,1.07627e+17,6.47169e+18,1.45948e+20
1.902e-08,5.40251e+14,6.93295e+11,1.41348e+12,1.0735e+17,6.45417e+18,1.45409e+20
1.905e-08,5.38872e+14,6.91533e+11,1.40989e+12,1.07072e+17,6.43665e+18,1.44869e+20
1.908e-08,5.37493e+14,6.89772e+11,1.40629e+12,1.06794e+17,6.41913e+18,1.44329e+20
1.911e-08,5.36115e+14,6.88011e+11,1.4027e+12,1.06516e+17,6.40161e+18,1.4379e+20
1.914e-08,5.34736e+14,6.8625e+11,1.3991e+12,1.06238e+17,6.38409e+18,1.4325e+20
1.917e-08,5.33357e+14,6.84488e+11,1.39551e+12,1.05961e+17,6.36657e+18,1.4271e+20
1.92e-08,5.31979e+14,6.82727e+11,1.39192e+12,1.05683e+17,6.34905e+18,1.42171e+20
1.923e-08,5.3058e+14,6.80938e+11,1.38827e+12,1.05402e+17,6.33151e+18,1.4167e+20
1.926e-08,5.29181e+14,6.79149e+11,1.38462e+12,1.05121e+17,6.31396e+18,1.41169e+20
1.929e-08,5.27782e+14,6.77361e+11,1.38097e+12,1.0484e+17,6.29642e+18,1.40668e+20
1.932e-08,5.26383e+14,6.75572e+11,1.37732e+12,1.04559e+17,6.27887e+18,1.40167e+20
1.935e-08,5.24984e+14,6.73783e+11,1.37367e+12,1.04278e+17,6.26133e+18,1.39667e+20
1.938e-08,5.23585e+14,6.71994e+11,1.37002e+12,1.03997e+17,6.24378e+18,1.39166e+20
1.941e-08,5.22186e+14,6.70205e+11,1.36637e+12,1.03715e+17,6.22624e+18,1.38665e+20
1.944e-08,5.20787e+14,6.68416e+11,1.36272e+12,1.03434e+17,6.20869e+18,1.38164e+20
1.947e-08,5.19388e+14,6.66627e+11,1.35907e+12,1.03153e+17,6.19115e+18,1.37663e+20
1.95e-08,5.17989e+14,6.64838e+11,1.35542e+12,1.02872e+17,6.1736e+18,1.37162e+20
1.953e-08,5.1659e+14,6.63049e+11,1.35177e+12,1.02591e+17,6.15606e+18,1.36661e+20
1.956e-08,5.15191e+14,6.6126e+11,1.34812e+12,1.0231e+17,6.13851e+18,1.36161e+20
1.959e-08,5.13792e+14,6.59472e+11,1.34447e+12,1.02029e+17,6.12097e+18,1.3566e+20
1.962e-08,5.12393e+14,6.57683e+11,1.34083e+12,1.01748e+17,6.10342e+18,1.35159e+20
1.965e-08,5.10995e+14,6.55894e+11,1.33718e+12,1.01467e+17,6.08588e+18,1.34658e+20
1.968e-08,5.09596e+14,6.54105e+11,1.33353e+12,1.01186e+17,6.06833e+18,1.34157e+20
1.971e-08,5.08197e+14,6.52316e+11,1.32988e+12,1.00905e+17,6.05079e+18,1.33656e+20
1.974e-08,5.06798e+14,6.50527e+11,1.32623e+12,1.00624e+17,6.03324e+18,1.33156e+20
1.977e-08,5.05399e+14,6.48738e+11,1.32258e+12,1.00343e+17,6.0157e+18,1.32655e+20
1.98e-08,5.04e+14,6.46949e+11,1.31893e+12,1.00062e+17,5.99815e+18,1.32154e+20
1.983e-08,5.02583e+14,6.45136e+11,1.31523e+12,9.97781e+16,5.98058e+18,1.31684e+20
1.986e-08,5.01166e+14,6.43323e+11,1.31153e+12,9.94942e+16,5.96302e+18,1.31215e+20
1.989e-08,4.99749e+14,6.41509e+11,1.30783e+12,9.92103e+16,5.94545e+18,1.30746e+20
1.992e-08,4.98332e+14,6.39696e+11,1.30413e+12,9.89264e+16,5.92788e+18,1.30276e+20
1.995e-08,4.96916e+14,6.37883e+11,1.30044e+12,9.86425e+16,5.91032e+18,1.29807e+20
1.998e-08,4.95499e+14,6.3607e+11,1.29674e+12,9.83586e+16,5.89275e+18,1.29337e+20
2.001e-08,4.94082e+14,6.34256e+11,1.29304e+12,9.80747e+16,5.87519e+18,1.28868e+20
2.004e-08,4.92665e+14,6.32443e+11,1.28934e+12,9.77908e+16,5.85762e+18,1.28398e+20
2.007e-08,4.91248e+14,6.3063e+11,1.28564e+12,9.75069e+16,5.84005e+18,1.27929e+20
2.01e-08,4.89831e+14,6.28817e+11,1.28194e+12,9.7223e+16,5.82249e+18,1.27459e+20
2.013e-08,4.88415e+14,6.27003e+11,1.27824e+12,9.69391e+16,5.80492e+18,1.2699e+20
2.016e-08,4.86998e+14,6.2519e+11,1.27454e+12,9.66552e+16,5.78735e+18,1.2652e+20
2.019e-08,4.85581e+14,6.23377e+11,1.27085e+12,9.63713e+16,5.76979e+18,1.26051e+20
2.022e-08,4.84164e+14,6.21564e+11,1.26715e+12,9.60874e+16,5.75222e+18,1.25582e+20
2.025e-08,4.82747e+14,6.1975e+11,1.26345e+12,9.58035e+16,5.73465e+18,1.25112e+20
2.028e-08,4.81331e+14,6.17937e+11,1.25975e+12,9.55196e+16,5.71709e+18,1.24643e+20
2.031e-08,4.79914e+14,6.16124e+11,1.25605e+12,9.52358e+16,5.69952e+18,1.24173e+20
2.034e-08,4.78497e+14,6.14311e+11,1.25235e+12,9.49519e+16,5.68195e+18,1.23704e+20
2.037e-08,4.7708e+14,6.12497e+11,1.24865e+12,9.4668e+16,5.66439e+18,1.23234e+20
2.04e-08,4.75663e+14,6.10684e+11,1.24496e+12,9.43841e+16,5.64682e+18,1.22765e+20
2.043e-08,4.74231e+14,6.08849e+11,1.24121e+12,9.40977e+16,5.62924e+18,1.22321e+20
2.046e-08,4.72798e+14,6.07015e+11,1.23747e+12,9.38113e+16,5.61165e+18,1.21876e+20
2.049e-08,4.71366e+14,6.0518e+11,1.23373e+12,9.35249e+16,5.59407e+18,1.21432e+20
2.052e-08,4.69933e+14,6.03346e+11,1.22999e+12,9.32385e+16,5.57648e+18,1.20988e+20
2.055e-08,4.68501e+14,6.01511e+11,1.22625e+12,9.29521e+16,5.5589e+18,1.20544e+20
2.058e-08,4.67068e+14,5.99676e+11,1.22251e+12,9.26657e+16,5.54131e+18,1.20099e+20
2.061e-08,4.65636e+14,5.97842e+11,1.21876e+12,9.23794e+16,5.52373e+18,1.19655e+20
2.064e-08,4.64203e+14,5.96007e+11,1.21502e+12,9.2093e+16,5.50614e+18,1.19211e+20
2.067e-08,4.62771e+14,5.94173e+11,1.21128e+12,9.18066e+16,5.48856e+18,1.18767e+20
2.07e-08,4.61338e+14,5.92338e+11,1.20754e+12,9.15202e+16,5.47097e+18,1.18322e+20
2.073e-08,4.59906e+14,5.90503e+11,1.2038e+12,9.12338e+16,5.45339e+18,1.17878e+20
2.076e-08,4.58474e+14,5.88669e+11,1.20006e+12,9.09474e+16,5.4358e+18,1.17434e+20
2.079e-08,4.57041e+14,5.86834e+11,1.19631e+12,9.0661e+16,5.41822e+18,1.16989e+20
2.082e-08,4.55609e+14,5.84999e+11,1.19257e+12,9.03746e+16,5.40063e+18,1.16545e+20
2.085e-08,4.54176e+14,5.83165e+11,1.18883e+12,9.00882e+16,5.38305e+18,1.16101e+20
2.088e-08,4.52744e+14,5.8133e+11,1.18509e+12,8.98018e+16,5.36547e+18,1.15657e+20
2.091e-08,4.51311e+14,5.79496e+11,1.18135e+12,8.95155e+16,5.34788e+18,1.15212e+20
2.094e-08,4.49879e+14,5.77661e+11,1.17761e+12,8.92291e+16,5.3303e+18,1.14768e+20
2.097e-08,4.48446e+14,5.75826e+11,1.17386e+12,8.89427e+16,5.31271e+18,1.14324e+20
2.1e-08,4.47014e+14,5.73992e+11,1.17012e+12,8.86563e+16,5.29513e+18,1.1388e+20
2.103e-08,4.45568e+14,5.72138e+11,1.16634e+12,8.83677e+16,5.27753e+18,1.13455e+20
2.106e-08,4.44121e+14,5.70285e+11,1.16256e+12,8.80792e+16,5.25992e+18,1.13031e+20
2.109e-08,4.42675e+14,5.68432e+11,1.15878e+12,8.77906e+16,5.24232e+18,1.12607e+20
2.112e-08,4.41229e+14,5.66579e+11,1.155e+12,8.75021e+16,5.22472e+18,1.12182e+20
2.115e-08,4.39783e+14,5.64725e+11,1.15123e+12,8.72135e+16,5.20712e+18,1.11758e+20
2.118e-08,4.38337e+14,5.62872e+11,1.14745e+12,8.69249e+16,5.18952e+18,1.11334e+20
2.121e-08,4.36891e+14,5.61019e+11,1.14367e+12,8.66364e+16,5.17192e+18,1.10909e+20
2.124e-08,4.35445e+14,5.59166e+11,1.13989e+12,8.63478e+16,5.15432e+18,1.10485e+20
2.127e-08,4.33999e+14,5.57313e+11,1.13611e+12,8.60593e+16,5.13672e+18,1.10061e+20
2.13e-08,4.32553e+14,5.55459e+11,1.13233e+12,8.57707e+16,5.11912e+18,1.09636e+20
2.133e-08,4.31106e+14,5.53606e+11,1.12855e+12,8.54822e+16,5.10152e+18,1.09212e+20
2.136e-08,4.2966e+14,5.51753e+11,1.12477e+12,8.51936e+16,5.08392e+18,1.08788e+20
2.139e-08,4.28214e+14,5.499e+11,1.12099e+12,8.4905e+16,5.06632e+18,1.08363e+20
2.142e-08,4.26768e+14,5.48046e+11,1.11721e+12,8.46165e+16,5.04872e+18,1.07939e+20
2.145e-08,4.25322e+14,5.46193e+11,1.11343e+12,8.43279e+16,5.03112e+18,1.07515e+20
2.148e-08,4.23876e+14,5.4434e+11,1.10965e+12,8.40394e+16,5.01352e+18,1.07091e+20
2.151e-08,4.2243e+14,5.42487e+11,1.10587e+12,8.37508e+16,4.99591e+18,1.06666e+20
2.154e-08,4.20984e+14,5.40633e+11,1.10209e+12,8.34622e+16,4.97831e+18,1.06242e+20
2.157e-08,4.19538e+14,5.3878e+11,1.09832e+12,8.31737e+16,4.96071e+18,1.05818e+20
2.16e-08,4.18091e+14,5.36927e+11,1.09454e+12,8.28851e+16,4.94311e+18,1.05393e+20
2.163e-08,4.16634e+14,5.35057e+11,1.09072e+12,8.25947e+16,4.9255e+18,1.04985e+20
2.166e-08,4.15176e+14,5.33188e+11,1.08691e+12,8.23043e+16,4.90788e+18,1.04576e+20
2.169e-08,4.13718e+14,5.31319e+11,1.0831e+12,8.20138e+16,4.89027e+18,1.04167e+20
2.172e-08,4.1226e+14,5.29449e+11,1.07929e+12,8.17234e+16,4.87266e+18,1.03758e+20
2.175e-08,4.10802e+14,5.2758e+11,1.07548e+12,8.1433e+16,4.85504e+18,1.0335e+20
2.178e-08,4.09344e+14,5.25711e+11,1.07167e+12,8.11425e+16,4.83743e+18,1.02941e+20
2.181e-08,4.07886e+14,5.23841e+11,1.06785e+12,8.08521e+16,4.81981e+18,1.02532e+20
2.184e-08,4.06428e+14,5.21972e+11,1.06404e+12,8.05616e+16,4.8022e+18,1.02124e+20
2.187e-08,4.0497e+14,5.20103e+11,1.06023e+12,8.02712e+16,4.78458e+18,1.01715e+20
2.19e-08,4.03512e+14,5.18233e+11,1.05642e+12,7.99808e+16,4.76697e+18,1.01306e+20
2.193e-08,4.02054e+14,5.16364e+11,1.05261e+12,7.96904e+16,4.74936e+18,1.00898e+20
2.196e-08,4.00596e+14,5.14494e+11,1.04879e+12,7.93999e+16,4.73174e+18,1.00489e+20
2.199e-08,3.99138e+14,5.12625e+11,1.04498e+12,7.91095e+16,4.71413e+18,1.0008e+20
2.202e-08,3.97681e+14,5.10756e+11,1.04117e+12,7.8819e+16,4.69651e+18,9.96714e+19
2.205e-08,3.96223e+14,5.08886e+11,1.03736e+12,7.85286e+16,4.6789e+18,9.92627e+19
2.208e-08,3.94765e+14,5.07017e+11,1.03355e+12,7.82382e+16,4.66128e+18,9.8854e+19
2.211e-08,3.93307e+14,5.05148e+11,1.02974e+12,7.79478e+16,4.64367e+18,9.84453e+19
2.214e-08,3.91849e+14,5.03278e+11,1.02592e+12,7.76573e+16,4.62606e+18,9.80366e+19
2.217e-08,3.90391e+14,5.01409e+11,1.02211e+12,7.73669e+16,4.60844e+18,9.76279e+19
2.22e-08,3.88933e+14,4.99539e+11,1.0183e+12,7.70764e+16,4.59083e+18,9.72192e+19
2.223e-08,3.87465e+14,4.97656e+11,1.01446e+12,7.67844e+16,4.5732e+18,9.68225e+19
2.226e-08,3.85997e+14,4.95773e+11,1.01062e+12,7.64924e+16,4.55558e+18,9.64259e+19
2.229e-08,3.84529e+14,4.9389e+11,1.00678e+12,7.62003e+16,4.53795e+18,9.60292e+19
2.232e-08,3.83061e+14,4.92007e+11,1.00294e+12,7.59083e+16,4.52033e+18,9.56325e+19
2.235e-08,3.81593e+14,4.90123e+11,9.99102e+11,7.56163e+16,4.5027e+18,9.52358e+19
2.238e-08,3.80125e+14,4.8824e+11,9.95262e+11,7.53242e+16,4.48507e+18,9.48391e+19
2.241e-08,3.78657e+14,4.86357e+11,9.91423e+11,7.50322e+16,4.46745e+18,9.44424e+19
2.244e-08,3.77189e+14,4.84474e+11,9.87583e+11,7.47401e+16,4.44982e+18,9.40457e+19
2.247e-08,3.75721e+14,4.82591e+11,9.83743e+11,7.44481e+16,4.4322e+18,9.3649e+19
2.25e-08,3.74253e+14,4.80707e+11,9.79903e+11,7.4156e+16,4.41457e+18,9.32523e+19
2.253e-08,3.72785e+14,4.78824e+11,9.76064e+11,7.3864e+16,4.39695e+18,9.28557e+19
2.256e-08,3.71317e+14,4.76941e+11,9.72224e+11,7.3572e+16,4.37932e+18,9.2459e+19
2.259e-08,3.69849e+14,4.75058e+11,9.68384e+11,7.32799e+16,4.36169e+18,9.20623e+19
2.262e-08,3.68381e+14,4.73175e+11,9.64545e+11,7.29879e+16,4.34407e+18,9.16656e+19
2.265e-08,3.66912e+14,4.71291e+11,9.60705e+11,7.26959e+16,4.32644e+18,9.12689e+19
2.268e-08,3.65444e+14,4.69408e+11,9.56865e+11,7.24038e+16,4.30882e+18,9.08722e+19
2.271e-08,3.63976e+14,4.67525e+11,9.53026e+11,7.21118e+16,4.29119e+18,9.04755e+19
2.274e-08,3.62508e+14,4.65642e+11,9.49186e+11,7.18197e+16,4.27357e+18,9.00789e+19
2.277e-08,3.6104e+14,4.63759e+11,9.45346e+11,7.15277e+16,4.25594e+18,8.96822e+19
2.28e-08,3.59572e+14,4.61875e+11,9.41507e+11,7.12357e+16,4.23831e+18,8.92855e+19
2.283e-08,3.58096e+14,4.5998e+11,9.37643e+11,7.09423e+16,4.22068e+18,8.88979e+19
2.286e-08,3.56619e+14,4.58086e+11,9.3378e+11,7.06489e+16,4.20304e+18,8.85103e+19
2.289e-08,3.55142e+14,4.56191e+11,9.29916e+11,7.03555e+16,4.18541e+18,8.81226e+19
2.292e-08,3.53666e+14,4.54296e+11,9.26053e+11,7.00621e+16,4.16777e+18,8.7735e+19
2.295e-08,3.52189e+14,4.52401e+11,9.2219e+11,6.97686e+16,4.15014e+18,8.73474e+19
2.298e-08,3.50712e+14,4.50506e+11,9.18326e+11,6.94753e+16,4.1325e+18,8.69598e+19
2.301e-08,3.49236e+14,4.48611e+11,9.14463e+11,6.91818e+16,4.11487e+18,8.65722e+19
2.304e-08,3.47759e+14,4.46716e+11,9.10599e+11,6.88884e+16,4.09723e+18,8.61846e+19
2.307e-08,3.46283e+14,4.44821e+11,9.06736e+11,6.8595e+16,4.07959e+18,8.57969e+19
2.31e-08,3.44806e+14,4.42926e+11,9.02873e+11,6.83016e+16,4.06196e+18,8.54093e+19
2.313e-08,3.43329e+14,4.41031e+11,8.99009e+11,6.80082e+16,4.04432e+18,8.50217e+19
2.316e-08,3.41853e+14,4.39136e+11,8.95146e+11,6.77148e+16,4.02669e+18,8.46341e+19
2.319e-08,3.40376e+14,4.37241e+11,8.91282e+11,6.74214e+16,4.00905e+18,8.42465e+19
2.322e-08,3.38899e+14,4.35346e+11,8.87419e+11,6.7128e+16,3.99142e+18,8.38589e+19
2.325e-08,3.37423e+14,4.33451e+11,8.83556e+11,6.68346e+16,3.97378e+18,8.34712e+19
2.328e-08,3.35946e+14,4.31556e+11,8.79692e+11,6.65412e+16,3.95615e+18,8.30836e+19
2.331e-08,3.34469e+14,4.29661e+11,8.75829e+11,6.62478e+16,3.93851e+18,8.2696e+19
2.334e-08,3.32993e+14,4.27766e+11,8.71965e+11,6.59544e+16,3.92088e+18,8.23084e+19
2.337e-08,3.31516e+14,4.25871e+11,8.68102e+11,6.5661e+16,3.90324e+18,8.19207e+19
2.34e-08,3.3004e+14,4.23976e+11,8.64239e+11,6.53676e+16,3.8856e+18,8.15332e+19
2.343e-08,3.28556e+14,4.22072e+11,8.60355e+11,6.50731e+16,3.86796e+18,8.11522e+19
2.346e-08,3.27072e+14,4.20167e+11,8.56472e+11,6.47785e+16,3.85032e+18,8.07713e+19
2.349e-08,3.25588e+14,4.18262e+11,8.52589e+11,6.4484e+16,3.83267e+18,8.03904e+19
2.352e-08,3.24104e+14,4.16357e+11,8.48706e+11,6.41895e+16,3.81503e+18,8.00094e+19
2.355e-08,3.2262e+14,4.14452e+11,8.44822e+11,6.38949e+16,3.79739e+18,7.96285e+19
2.358e-08,3.21137e+14,4.12548e+11,8.40939e+11,6.36004e+16,3.77974e+18,7.92476e+19
2.361e-08,3.19653e+14,4.10643e+11,8.37056e+11,6.33058e+16,3.7621e+18,7.88666e+19
2.364e-08,3.18169e+14,4.08738e+11,8.33173e+11,6.30113e+16,3.74446e+18,7.84857e+19
2.367e-08,3.16685e+14,4.06833e+11,8.29289e+11,6.27167e+16,3.72681e+18,7.81048e+19
2.37e-08,3.15201e+14,4.04928e+11,8.25406e+11,6.24222e+16,3.70917e+18,7.77239e+19
2.373e-08,3.13717e+14,4.03024e+11,8.21523e+11,6.21277e+16,3.69152e+18,7.73429e+19
2.376e-08,3.12233e+14,4.01119e+11,8.1764e+11,6.18331e+16,3.67388e+18,7.6962e+19
2.379e-08,3.1075e+14,3.99214e+11,8.13756e+11,6.15386e+16,3.65624e+18,7.65811e+19
2.382e-08,3.09266e+14,3.97309e+11,8.09873e+11,6.1244e+16,3.63859e+18,7.62002e+19
2.385e-08,3.07782e+14,3.95404e+11,8.0599e+11,6.09495e+16,3.62095e+18,7.58192e+19
2.388e-08,3.06298e+14,3.935e+11,8.02106e+11,6.06549e+16,3.60331e+18,7.54383e+19
2.391e-08,3.04814e+14,3.91595e+11,7.98223e+11,6.03604e+16,3.58566e+18,7.50574e+19
2.394e-08,3.0333e+14,3.8969e+11,7.9434e+11,6.00659e+16,3.56802e+18,7.46765e+19
2.397e-08,3.01847e+14,3.87785e+11,7.90457e+11,5.97713e+16,3.55038e+18,7.42955e+19
2.4e-08,3.00363e+14,3.8588e+11,7.86573e+11,5.94768e+16,3.53273e+18,7.39146e+19
2.403e-08,2.98873e+14,3.83967e+11,7.82674e+11,5.91813e+16,3.51508e+18,7.35385e+19
2.406e-08,2.97383e+14,3.82054e+11,7.78774e+11,5.88858e+16,3.49743e+18,7.31624e+19
2.409e-08,2.95893e+14,3.80142e+11,7.74874e+11,5.85903e+16,3.47978e+18,7.27862e+19
2.412e-08,2.94404e+14,3.78229e+11,7.70975e+11,5.82948e+16,3.46213e+18,7.24101e+19
2.415e-08,2.92914e+14,3.76316e+11,7.67075e+11,5.79994e+16,3.44448e+18,7.2034e+19
2.418e-08,2.91424e+14,3.74403e+11,7.63175e+11,5.77039e+16,3.42683e+18,7.16579e+19
2.421e-08,2.89934e+14,3.7249e+11,7.59276e+11,5.74084e+16,3.40918e+18,7.12817e+19
2.424e-08,2.88445e+14,3.70577e+11,7.55376e+11,5.71129e+16,3.39153e+18,7.09056e+19
2.427e-08,2.86955e+14,3.68664e+11,7.51476e+11,5.68174e+16,3.37388e+18,7.05295e+19
2.43e-08,2.85465e+14,3.66751e+11,7.47577e+11,5.6522e+16,3.35623e+18,7.01534e+19
2.433e-08,2.83975e+14,3.64838e+11,7.43677e+11,5.62265e+16,3.33858e+18,6.97772e+19
2.436e-08,2.82485e+14,3.62925e+11,7.39777e+11,5.5931e+16,3.32093e+18,6.94011e+19
2.439e-08,2.80996e+14,3.61012e+11,7.35878e+11,5.56355e+16,3.30328e+18,6.9025e+19
2.442e-08,2.79506e+14,3.59099e+11,7.31978e+11,5.534e+16,3.28563e+18,6.86488e+19
2.445e-08,2.78016e+14,3.57186e+11,7.28078e+11,5.50445e+16,3.26798e+18,6.82727e+19
2.448e-08,2.76526e+14,3.55273e+11,7.24179e+11,5.47491e+16,3.25033e+18,6.78966e+19
2.451e-08,2.75036e+14,3.5336e+11,7.20279e+11,5.44536e+16,3.23268e+18,6.75205e+19
2.454e-08,2.73547e+14,3.51448e+11,7.1638e+11,5.41581e+16,3.21503e+18,6.71443e+19
2.457e-08,2.72057e+14,3.49535e+11,7.1248e+11,5.38626e+16,3.19738e+18,6.67682e+19
2.46e-08,2.70567e+14,3.47622e+11,7.0858e+11,5.35671e+16,3.17973e+18,6.63921e+19
2.463e-08,2.69073e+14,3.45702e+11,7.04667e+11,5.32709e+16,3.16207e+18,6.60193e+19
2.466e-08,2.67578e+14,3.43783e+11,7.00754e+11,5.29746e+16,3.14442e+18,6.56465e+19
2.469e-08,2.66083e+14,3.41863e+11,6.96841e+11,5.26784e+16,3.12676e+18,6.52737e+19
2.472e-08,2.64589e+14,3.39944e+11,6.92928e+11,5.23822e+16,3.1091e+18,6.49009e+19
2.475e-08,2.63094e+14,3.38024e+11,6.89015e+11,5.20859e+16,3.09145e+18,6.45281e+19
2.478e-08,2.616e+14,3.36105e+11,6.85103e+11,5.17897e+16,3.07379e+18,6.41553e+19
2.481e-08,2.60105e+14,3.34185e+11,6.8119e+11,5.14934e+16,3.05614e+18,6.37825e+19
2.484e-08,2.5861e+14,3.32266e+11,6.77277e+11,5.11972e+16,3.03848e+18,6.34097e+19
2.487e-08,2.57116e+14,3.30346e+11,6.73364e+11,5.09009e+16,3.02083e+18,6.30369e+19
2.49e-08,2.55621e+14,3.28427e+11,6.69451e+11,5.06047e+16,3.00317e+18,6.26641e+19
2.493e-08,2.54127e+14,3.26507e+11,6.65538e+11,5.03085e+16,2.98551e+18,6.22913e+19
2.496e-08,2.52632e+14,3.24588e+11,6.61625e+11,5.00122e+16,2.96786e+18,6.19185e+19
2.499e-08,2.51137e+14,3.22668e+11,6.57712e+11,4.9716e+16,2.9502e+18,6.15457e+19
2.502e-08,2.49643e+14,3.20749e+11,6.53799e+11,4.94197e+16,2.93255e+18,6.11729e+19
2.505e-08,2.48148e+14,3.18829e+11,6.49886e+11,4.91235e+16,2.91489e+18,6.08001e+19
2.508e-08,2.46654e+14,3.1691e+11,6.45973e+11,4.88272e+16,2.89724e+18,6.04273e+19
2.511e-08,2.45159e+14,3.1499e+11,6.4206e+11,4.8531e+16,2.87958e+18,6.00545e+19
2.514e-08,2.43665e+14,3.1307e+11,6.38147e+11,4.82348e+16,2.86193e+18,5.96817e+19
2.517e-08,2.4217e+14,3.11151e+11,6.34234e+11,4.79385e+16,2.84427e+18,5.93089e+19
2.52e-08,2.40675e+14,3.09231e+11,6.30322e+11,4.76423e+16,2.82661e+18,5.89361e+19
2.523e-08,2.39177e+14,3.07307e+11,6.26398e+11,4.73454e+16,2.80895e+18,5.85655e+19
2.526e-08,2.37679e+14,3.05382e+11,6.22475e+11,4.70486e+16,2.79129e+18,5.81949e+19
2.529e-08,2.3618e+14,3.03457e+11,6.18551e+11,4.67517e+16,2.77363e+18,5.78243e+19
2.532e-08,2.34682e+14,3.01533e+11,6.14628e+11,4.64549e+16,2.75598e+18,5.74537e+19
2.535e-08,2.33183e+14,2.99608e+11,6.10704e+11,4.6158e+16,2.73832e+18,5.70831e+19
2.538e-08,2.31685e+14,2.97683e+11,6.06781e+11,4.58612e+16,2.72066e+18,5.67126e+19
2.541e-08,2.30187e+14,2.95758e+11,6.02858e+11,4.55644e+16,2.703e+18,5.6342e+19
2.544e-08,2.28688e+14,2.93834e+11,5.98934e+11,4.52675e+16,2.68534e+18,5.59714e+19
2.547e-08,2.2719e+14,2.91909e+11,5.95011e+11,4.49707e+16,2.66768e+18,5.56008e+19
2.55e-08,2.25691e+14,2.89984e+11,5.91088e+11,4.46738e+16,2.65002e+18,5.52302e+19
2.553e-08,2.24193e+14,2.8806e+11,5.87164e+11,4.4377e+16,2.63236e+18,5.48596e+19
2.556e-08,2.22695e+14,2.86135e+11,5.83241e+11,4.40802e+16,2.6147e+18,5.4489e+19
2.559e-08,2.21196e+14,2.8421e+11,5.79317e+11,4.37833e+16,2.59704e+18,5.41184e+19
2.562e-08,2.19698e+14,2.82286e+11,5.75394e+11,4.34865e+16,2.57938e+18,5.37478e+19
2.565e-08,2.182e+14,2.80361e+11,5.7147e+11,4.31896e+16,2.56172e+18,5.33772e+19
2.568e-08,2.16701e+14,2.78436e+11,5.67547e+11,4.28928e+16,2.54406e+18,5.30067e+19
2.571e-08,2.15203e+14,2.76511e+11,5.63624e+11,4.25959e+16,2.5264e+18,5.26361e+19
2.574e-08,2.13704e+14,2.74587e+11,5.597e+11,4.22991e+16,2.50874e+18,5.22655e+19
2.577e-08,2.12206e+14,2.72662e+11,5.55777e+11,4.20022e+16,2.49108e+18,5.18949e+19
2.58e-08,2.10708e+14,2.70737e+11,5.51853e+11,4.17054e+16,2.47342e+18,5.15243e+19
2.583e-08,2.09206e+14,2.68808e+11,5.47922e+11,4.14081e+16,2.45575e+18,5.11551e+19
2.586e-08,2.07705e+14,2.6688e+11,5.43991e+11,4.11108e+16,2.43809e+18,5.07859e+19
2.589e-08,2.06204e+14,2.64951e+11,5.40059e+11,4.08135e+16,2.42043e+18,5.04167e+19
2.592e-08,2.04702e+14,2.63022e+11,5.36128e+11,4.05162e+16,2.40277e+18,5.00475e+19
2.595e-08,2.03201e+14,2.61094e+11,5.32196e+11,4.02189e+16,2.3851e+18,4.96783e+19
2.598e-08,2.017e+14,2.59165e+11,5.28265e+11,3.99216e+16,2.36744e+18,4.93091e+19
2.601e-08,2.00198e+14,2.57236e+11,5.24333e+11,3.96243e+16,2.34978e+18,4.89399e+19
2.604e-08,1.98697e+14,2.55308e+11,5.20402e+11,3.9327e+16,2.33211e+18,4.85707e+19
2.607e-08,1.97196e+14,2.53379e+11,5.1647e+11,3.90297e+16,2.31445e+18,4.82015e+19
2.61e-08,1.95695e+14,2.5145e+11,5.12539e+11,3.87324e+16,2.29679e+18,4.78323e+19
2.613e-08,1.94193e+14,2.49522e+11,5.08607e+11,3.84351e+16,2.27912e+18,4.74631e+19
2.616e-08,1.92692e+14,2.47593e+11,5.04676e+11,3.81378e+16,2.26146e+18,4.70939e+19
2.619e-08,1.91191e+14,2.45664e+11,5.00745e+11,3.78405e+16,2.2438e+18,4.67247e+19
2.622e-08,1.89689e+14,2.43736e+11,4.96813e+11,3.75432e+16,2.22613e+18,4.63555e+19
2.625e-08,1.88188e+14,2.41807e+11,4.92882e+11,3.72459e+16,2.20847e+18,4.59863e+19
2.628e-08,1.86687e+14,2.39878e+11,4.8895e+11,3.69486e+16,2.19081e+18,4.56171e+19
2.631e-08,1.85186e+14,2.37949e+11,4.85019e+11,3.66513e+16,2.17314e+18,4.52479e+19
2.634e-08,1.83684e+14,2.36021e+11,4.81088e+11,3.6354e+16,2.15548e+18,4.48787e+19
2.637e-08,1.82183e+14,2.34092e+11,4.77156e+11,3.60567e+16,2.13782e+18,4.45095e+19
2.64e-08,1.80682e+14,2.32163e+11,4.73225e+11,3.57594e+16,2.12016e+18,4.41403e+19
2.643e-08,1.79178e+14,2.30232e+11,4.69287e+11,3.54617e+16,2.10249e+18,4.3772e+19
2.646e-08,1.77675e+14,2.283e+11,4.6535e+11,3.51641e+16,2.08482e+18,4.34036e+19
2.649e-08,1.76171e+14,2.26368e+11,4.61412e+11,3.48664e+16,2.06716e+18,4.30352e+19
2.652e-08,1.74668e+14,2.24437e+11,4.57475e+11,3.45688e+16,2.04949e+18,4.26668e+19
2.655e-08,1.73164e+14,2.22505e+11,4.53538e+11,3.42712e+16,2.03183e+18,4.22984e+19
2.658e-08,1.71661e+14,2.20574e+11,4.49601e+11,3.39735e+16,2.01416e+18,4.19301e+19
2.661e-08,1.70158e+14,2.18642e+11,4.45663e+11,3.36759e+16,1.9965e+18,4.15617e+19
2.664e-08,1.68654e+14,2.1671e+11,4.41726e+11,3.33782e+16,1.97883e+18,4.11933e+19
2.667e-08,1.67151e+14,2.14779e+11,4.37788e+11,3.30806e+16,1.96117e+18,4.08249e+19
2.67e-08,1.65647e+14,2.12847e+11,4.33851e+11,3.2783e+16,1.9435e+18,4.04565e+19
2.673e-08,1.64144e+14,2.10915e+11,4.29914e+11,3.24853e+16,1.92584e+18,4.00881e+19
2.676e-08,1.6264e+14,2.08984e+11,4.25976e+11,3.21877e+16,1.90817e+18,3.97198e+19
2.679e-08,1.61137e+14,2.07052e+11,4.22039e+11,3.189e+16,1.8905e+18,3.93514e+19
2.682e-08,1.59634e+14,2.05121e+11,4.18102e+11,3.15924e+16,1.87284e+18,3.8983e+19
2.685e-08,1.5813e+14,2.03189e+11,4.14164e+11,3.12947e+16,1.85517e+18,3.86146e+19
2.688e-08,1.56627e+14,2.01257e+11,4.10227e+11,3.09971e+16,1.83751e+18,3.82463e+19
2.691e-08,1.55123e+14,1.99326e+11,4.0629e+11,3.06995e+16,1.81984e+18,3.78779e+19
2.694e-08,1.5362e+14,1.97394e+11,4.02352e+11,3.04018e+16,1.80218e+18,3.75095e+19
2.697e-08,1.52116e+14,1.95462e+11,3.98415e+11,3.01042e+16,1.78451e+18,3.71411e+19
2.7e-08,1.50613e+14,1.93531e+11,3.94478e+11,2.98066e+16,1.76685e+18,3.67727e+19
2.703e-08,1.49108e+14,1.91597e+11,3.90536e+11,2.95087e+16,1.74918e+18,3.64048e+19
2.706e-08,1.47603e+14,1.89664e+11,3.86595e+11,2.92108e+16,1.73151e+18,3.60368e+19
2.709e-08,1.46098e+14,1.8773e+11,3.82653e+11,2.89129e+16,1.71384e+18,3.56689e+19
2.712e-08,1.44593e+14,1.85796e+11,3.78712e+11,2.86151e+16,1.69618e+18,3.5301e+19
2.715e-08,1.43088e+14,1.83863e+11,3.7477e+11,2.83172e+16,1.67851e+18,3.4933e+19
2.718e-08,1.41583e+14,1.81929e+11,3.70829e+11,2.80193e+16,1.66084e+18,3.45651e+19
2.721e-08,1.40078e+14,1.79995e+11,3.66887e+11,2.77214e+16,1.64318e+18,3.41971e+19
2.724e-08,1.38574e+14,1.78062e+11,3.62946e+11,2.74235e+16,1.62551e+18,3.38292e+19
2.727e-08,1.37069e+14,1.76128e+11,3.59005e+11,2.71257e+16,1.60784e+18,3.34612e+19
2.73e-08,1.35564e+14,1.74194e+11,3.55063e+11,2.68278e+16,1.59018e+18,3.30933e+19
2.733e-08,1.34059e+14,1.72261e+11,3.51122e+11,2.65299e+16,1.57251e+18,3.27253e+19
2.736e-08,1.32554e+14,1.70327e+11,3.4718e+11,2.6232e+16,1.55484e+18,3.23574e+19
2.739e-08,1.31049e+14,1.68393e+11,3.43239e+11,2.59342e+16,1.53717e+18,3.19894e+19
2.742e-08,1.29544e+14,1.6646e+11,3.39297e+11,2.56363e+16,1.51951e+18,3.16215e+19
2.745e-08,1.28039e+14,1.64526e+11,3.35356e+11,2.53384e+16,1.50184e+18,3.12536e+19
2.748e-08,1.26534e+14,1.62592e+11,3.31414e+11,2.50405e+16,1.48417e+18,3.08856e+19
2.751e-08,1.25029e+14,1.60659e+11,3.27473e+11,2.47427e+16,1.4665e+18,3.05177e+19
2.754e-08,1.23524e+14,1.58725e+11,3.23532e+11,2.44448e+16,1.44884e+18,3.01497e+19
2.757e-08,1.22019e+14,1.56791e+11,3.1959e+11,2.41469e+16,1.43117e+18,2.97818e+19
2.76e-08,1.20514e+14,1.54858e+11,3.15649e+11,2.3849e+16,1.4135e+18,2.94138e+19
2.763e-08,1.19008e+14,1.52923e+11,3.11704e+11,2.3551e+16,1.39584e+18,2.90461e+19
2.766e-08,1.17503e+14,1.50988e+11,3.0776e+11,2.3253e+16,1.37817e+18,2.86784e+19
2.769e-08,1.15997e+14,1.49053e+11,3.03816e+11,2.2955e+16,1.3605e+18,2.83106e+19
2.772e-08,1.14491e+14,1.47118e+11,2.99872e+11,2.26569e+16,1.34283e+18,2.79429e+19
2.775e-08,1.12985e+14,1.45183e+11,2.95928e+11,2.23589e+16,1.32516e+18,2.75751e+19
2.778e-08,1.11479e+14,1.43248e+11,2.91984e+11,2.20609e+16,1.30749e+18,2.72074e+19
2.781e-08,1.09973e+14,1.41313e+11,2.8804e+11,2.17628e+16,1.28983e+18,2.68396e+19
2.784e-08,1.08467e+14,1.39378e+11,2.84096e+11,2.14648e+16,1.27216e+18,2.64719e+19
2.787e-08,1.06961e+14,1.37443e+11,2.80152e+11,2.11668e+16,1.25449e+18,2.61042e+19
2.79e-08,1.05456e+14,1.35508e+11,2.76208e+11,2.08688e+16,1.23682e+18,2.57364e+19
2.793e-08,1.0395e+14,1.33573e+11,2.72263e+11,2.05707e+16,1.21915e+18,2.53687e+19
2.796e-08,1.02444e+14,1.31638e+11,2.6832e+11,2.02727e+16,1.20149e+18,2.50009e+19
2.799e-08,1.00938e+14,1.29703e+11,2.64375e+11,1.99747e+16,1.18382e+18,2.46332e+19
2.802e-08,9.94321e+13,1.27768e+11,2.60431e+11,1.96767e+16,1.16615e+18,2.42655e+19
2.805e-08,9.79261e+13,1.25833e+11,2.56487e+11,1.93786e+16,1.14848e+18,2.38977e+19
2.808e-08,9.64203e+13,1.23898e+11,2.52543e+11,1.90806e+16,1.13081e+18,2.353e+19
2.811e-08,9.49144e+13,1.21963e+11,2.48599e+11,1.87826e+16,1.11314e+18,2.31622e+19
2.814e-08,9.34085e+13,1.20028e+11,2.44655e+11,1.84846e+16,1.09548e+18,2.27945e+19
2.817e-08,9.19026e+13,1.18093e+11,2.40711e+11,1.81865e+16,1.07781e+18,2.24267e+19
2.82e-08,9.03968e+13,1.16158e+11,2.36767e+11,1.78885e+16,1.06014e+18,2.2059e+19
2.823e-08,8.88903e+13,1.14222e+11,2.32821e+11,1.75904e+16,1.04247e+18,2.16913e+19
2.826e-08,8.73839e+13,1.12287e+11,2.28876e+11,1.72923e+16,1.0248e+18,2.13237e+19
2.829e-08,8.58775e+13,1.10351e+11,2.2493e+11,1.69942e+16,1.00713e+18,2.0956e+19
2.832e-08,8.43711e+13,1.08415e+11,2.20984e+11,1.66961e+16,9.89465e+17,2.05884e+19
2.835e-08,8.28646e+13,1.0648e+11,2.17039e+11,1.63979e+16,9.71796e+17,2.02207e+19
2.838e-08,8.13582e+13,1.04544e+11,2.13093e+11,1.60998e+16,9.54128e+17,1.9853e+19
2.841e-08,7.98518e+13,1.02608e+11,2.09147e+11,1.58017e+16,9.36458e+17,1.94853e+19
2.844e-08,7.83454e+13,1.00673e+11,2.05202e+11,1.55036e+16,9.1879e+17,1.91177e+19
2.847e-08,7.68389e+13,9.87368e+10,2.01256e+11,1.52055e+16,9.01121e+17,1.875e+19
2.85e-08,7.53325e+13,9.68011e+10,1.97311e+11,1.49074e+16,8.83452e+17,1.83824e+19
2.853e-08,7.38261e+13,9.48654e+10,1.93365e+11,1.46093e+16,8.65783e+17,1.80147e+19
2.856e-08,7.23197e+13,9.29297e+10,1.8942e+11,1.43112e+16,8.48115e+17,1.7647e+19
2.859e-08,7.08132e+13,9.09939e+10,1.85474e+11,1.4013e+16,8.30446e+17,1.72794e+19
2.862e-08,6.93068e+13,8.90583e+10,1.81528e+11,1.37149e+16,8.12777e+17,1.69117e+19
2.865e-08,6.78004e+13,8.71225e+10,1.77583e+11,1.34168e+16,7.95108e+17,1.6544e+19
2.868e-08,6.6294e+13,8.51869e+10,1.73637e+11,1.31187e+16,7.7744e+17,1.61764e+19
2.871e-08,6.47875e+13,8.32511e+10,1.69692e+11,1.28206e+16,7.5977e+17,1.58087e+19
2.874e-08,6.32811e+13,8.13154e+10,1.65746e+11,1.25225e+16,7.42102e+17,1.54411e+19
2.877e-08,6.17747e+13,7.93797e+10,1.618e+11,1.22244e+16,7.24433e+17,1.50734e+19
2.88e-08,6.02683e+13,7.7444e+10,1.57855e+11,1.19263e+16,7.06765e+17,1.47057e+19
2.883e-08,5.87616e+13,7.55079e+10,1.53909e+11,1.16281e+16,6.89095e+17,1.43381e+19
2.886e-08,5.7255e+13,7.35719e+10,1.49962e+11,1.133e+16,6.71426e+17,1.39704e+19
2.889e-08,5.57482e+13,7.16358e+10,1.46016e+11,1.10318e+16,6.53757e+17,1.36028e+19
2.892e-08,5.42416e+13,6.96998e+10,1.4207e+11,1.07337e+16,6.36088e+17,1.32351e+19
2.895e-08,5.27349e+13,6.77637e+10,1.38123e+11,1.04355e+16,6.18419e+17,1.28675e+19
2.898e-08,5.12283e+13,6.58277e+10,1.34177e+11,1.01374e+16,6.0075e+17,1.24999e+19
2.901e-08,4.97216e+13,6.38916e+10,1.30231e+11,9.83921e+15,5.83081e+17,1.21322e+19
2.904e-08,4.82149e+13,6.19556e+10,1.26285e+11,9.54107e+15,5.65412e+17,1.17646e+19
2.907e-08,4.67082e+13,6.00195e+10,1.22338e+11,9.24291e+15,5.47743e+17,1.13969e+19
2.91e-08,4.52016e+13,5.80835e+10,1.18392e+11,8.94476e+15,5.30074e+17,1.10293e+19
2.913e-08,4.36949e+13,5.61474e+10,1.14446e+11,8.6466e+15,5.12405e+17,1.06616e+19
2.916e-08,4.21882e+13,5.42114e+10,1.105e+11,8.34846e+15,4.94736e+17,1.0294e+19
2.919e-08,4.06815e+13,5.22753e+10,1.06553e+11,8.0503e+15,4.77066e+17,9.92634e+18
2.922e-08,3.91749e+13,5.03393e+10,1.02607e+11,7.75216e+15,4.59398e+17,9.55871e+18
2.925e-08,3.76682e+13,4.84032e+10,9.86607e+10,7.454e+15,4.41728e+17,9.19105e+18
2.928e-08,3.61616e+13,4.64672e+10,9.47146e+10,7.15586e+15,4.2406e+17,8.82342e+18
2.931e-08,3.46548e+13,4.45311e+10,9.07682e+10,6.8577e+15,4.0639e+17,8.45577e+18
2.934e-08,3.31482e+13,4.25951e+10,8.6822e+10,6.55956e+15,3.88722e+17,8.08813e+18
2.937e-08,3.16415e+13,4.0659e+10,8.28756e+10,6.2614e+15,3.71052e+17,7.72048e+18
2.94e-08,3.01349e+13,3.8723e+10,7.89295e+10,5.96325e+15,3.53384e+17,7.35285e+18
2.943e-08,2.86281e+13,3.67868e+10,7.49829e+10,5.66508e+15,3.35714e+17,6.98519e+18
2.946e-08,2.71214e+13,3.48507e+10,7.10365e+10,5.36693e+15,3.18045e+17,6.61756e+18
2.949e-08,2.56146e+13,3.29145e+10,6.70899e+10,5.06876e+15,3.00376e+17,6.24991e+18
2.952e-08,2.41079e+13,3.09784e+10,6.31436e+10,4.7706e+15,2.82707e+17,5.88228e+18
2.955e-08,2.26011e+13,2.90422e+10,5.9197e+10,4.47243e+15,2.65037e+17,5.51462e+18
2.958e-08,2.10944e+13,2.71061e+10,5.52506e+10,4.17428e+15,2.47369e+17,5.14699e+18
2.961e-08,1.95876e+13,2.51699e+10,5.1304e+10,3.87611e+15,2.29699e+17,4.77934e+18
2.964e-08,1.80809e+13,2.32338e+10,4.73577e+10,3.57795e+15,2.1203e+17,4.41171e+18
2.967e-08,1.65741e+13,2.12976e+10,4.34111e+10,3.27978e+15,1.9436e+17,4.04405e+18
2.97e-08,1.50674e+13,1.93615e+10,3.94647e+10,2.98163e+15,1.76692e+17,3.67642e+18
2.973e-08,1.35607e+13,1.74253e+10,3.55181e+10,2.68346e+15,1.59022e+17,3.30877e+18
2.976e-08,1.2054e+13,1.54892e+10,3.15718e+10,2.3853e+15,1.41353e+17,2.94114e+18
2.979e-08,1.05472e+13,1.3553e+10,2.76252e+10,2.08713e+15,1.23684e+17,2.57349e+18
2.982e-08,9.04038e+12,1.16168e+10,2.36786e+10,1.78896e+15,1.06014e+17,2.20583e+18
2.985e-08,7.53368e+12,9.68069e+09,1.97323e+10,1.4908e+15,8.83454e+16,1.8382e+18
2.988e-08,6.02698e+12,7.7446e+09,1.57859e+10,1.19265e+15,7.06767e+16,1.47057e+18
2.991e-08,4.52028e+12,5.80851e+09,1.18395e+10,8.94497e+14,5.30081e+16,1.10294e+18
2.994e-08,3.0134e+12,3.87219e+09,7.89271e+09,5.96308e+14,3.53373e+16,7.35263e+17
2.997e-08,1.5067e+12,1.93609e+09,3.94636e+09,2.98154e+14,1.76687e+16,3.67631e+17
3e-08,0,0,0,0,0,0
