"arc_length","4","3","5","6","2","1"
0,0,0,0,0,0,0
3e-11,2.67363e+08,2.4794e+11,690218,83616.1,1.95877e+14,3.79907e+19
6e-11,5.34725e+08,4.9588e+11,1.38044e+06,167232,3.91754e+14,7.59813e+19
9e-11,8.02088e+08,7.4382e+11,2.07065e+06,250848,5.87631e+14,1.13972e+20
1.2e-10,1.06945e+09,9.91759e+11,2.76087e+06,334465,7.83508e+14,1.51963e+20
1.5e-10,1.33681e+09,1.2397e+12,3.45109e+06,418081,9.79385e+14,1.89953e+20
1.8e-10,1.60418e+09,1.48764e+12,4.14131e+06,501697,1.17526e+15,2.27944e+20
2.1e-10,1.87154e+09,1.73558e+12,4.83153e+06,585313,1.37114e+15,2.65935e+20
2.4e-10,2.1389e+09,1.98352e+12,5.52175e+06,668929,1.56702e+15,3.03925e+20
2.7e-10,2.40626e+09,2.23146e+12,6.21196e+06,752545,1.76289e+15,3.41916e+20
3e-10,2.67363e+09,2.4794e+12,6.90218e+06,836161,1.95877e+15,3.79907e+20
3.3e-10,2.94099e+09,2.72734e+12,7.5924e+06,919778,2.15465e+15,4.17897e+20
3.6e-10,3.20835e+09,2.97528e+12,8.28262e+06,1.00339e+06,2.35052e+15,4.55888e+20
3.9e-10,3.47572e+09,3.22322e+12,8.97284e+06,1.08701e+06,2.5464e+15,4.93879e+20
4.2e-10,3.74308e+09,3.47116e+12,9.66305e+06,1.17063e+06,2.74228e+15,5.31869e+20
4.5e-10,4.01044e+09,3.7191e+12,1.03533e+07,1.25424e+06,2.93815e+15,5.6986e+20
4.8e-10,4.2778e+09,3.96704e+12,1.10435e+07,1.33786e+06,3.13403e+15,6.07851e+20
5.1e-10,4.54517e+09,4.21498e+12,1.17337e+07,1.42147e+06,3.32991e+15,6.45841e+20
5.4e-10,4.81253e+09,4.46292e+12,1.24239e+07,1.50509e+06,3.52578e+15,6.83832e+20
5.7e-10,5.07989e+09,4.71086e+12,1.31141e+07,1.58871e+06,3.72166e+15,7.21823e+20
6e-10,5.34725e+09,4.9588e+12,1.38044e+07,1.67232e+06,3.91754e+15,7.59813e+20
6.3e-10,5.61379e+09,5.20574e+12,1.44926e+07,1.75569e+06,4.21357e+15,7.90539e+20
6.6e-10,5.88033e+09,5.45268e+12,1.51808e+07,1.83906e+06,4.50959e+15,8.21264e+20
6.9e-10,6.14687e+09,5.69962e+12,1.58691e+07,1.92243e+06,4.80562e+15,8.51989e+20
7.2e-10,6.4134e+09,5.94657e+12,1.65573e+07,2.0058e+06,5.10165e+15,8.82715e+20
7.5e-10,6.67994e+09,6.19351e+12,1.72456e+07,2.08917e+06,5.39767e+15,9.1344e+20
7.8e-10,6.94648e+09,6.44045e+12,1.79338e+07,2.17254e+06,5.6937e+15,9.44165e+20
8.1e-10,7.21302e+09,6.68739e+12,1.86221e+07,2.25591e+06,5.98973e+15,9.74891e+20
8.4e-10,7.47955e+09,6.93433e+12,1.93103e+07,2.33928e+06,6.28575e+15,1.00562e+21
8.7e-10,7.74609e+09,7.18128e+12,1.99985e+07,2.42265e+06,6.58178e+15,1.03634e+21
9e-10,8.01263e+09,7.42822e+12,2.06868e+07,2.50602e+06,6.87781e+15,1.06707e+21
9.3e-10,8.27916e+09,7.67516e+12,2.1375e+07,2.58939e+06,7.17383e+15,1.09779e+21
9.6e-10,8.5457e+09,7.9221e+12,2.20633e+07,2.67276e+06,7.46986e+15,1.12852e+21
9.9e-10,8.81224e+09,8.16905e+12,2.27515e+07,2.75612e+06,7.76589e+15,1.15924e+21
1.02e-09,9.07878e+09,8.41599e+12,2.34398e+07,2.83949e+06,8.06191e+15,1.18997e+21
1.05e-09,9.34531e+09,8.66293e+12,2.4128e+07,2.92286e+06,8.35794e+15,1.22069e+21
1.08e-09,9.61185e+09,8.90987e+12,2.48162e+07,3.00623e+06,8.65397e+15,1.25142e+21
1.11e-09,9.87839e+09,9.15681e+12,2.55045e+07,3.0896e+06,8.94999e+15,1.28214e+21
1.14e-09,1.01449e+10,9.40376e+12,2.61927e+07,3.17297e+06,9.24602e+15,1.31287e+21
1.17e-09,1.04115e+10,9.6507e+12,2.6881e+07,3.25634e+06,9.54205e+15,1.34359e+21
1.2e-09,1.0678e+10,9.89764e+12,2.75692e+07,3.33971e+06,9.83807e+15,1.37432e+21
1.23e-09,1.09393e+10,1.01355e+13,2.82482e+07,3.42217e+06,1.01408e+16,1.39502e+21
1.26e-09,1.12006e+10,1.03734e+13,2.89272e+07,3.50462e+06,1.04435e+16,1.41573e+21
1.29e-09,1.14619e+10,1.06113e+13,2.96062e+07,3.58708e+06,1.07462e+16,1.43643e+21
1.32e-09,1.17232e+10,1.08492e+13,3.02852e+07,3.66953e+06,1.10489e+16,1.45713e+21
1.35e-09,1.19846e+10,1.10871e+13,3.09642e+07,3.75199e+06,1.13516e+16,1.47784e+21
1.38e-09,1.22459e+10,1.1325e+13,3.16432e+07,3.83444e+06,1.16543e+16,1.49854e+21
1.41e-09,1.25072e+10,1.15629e+13,3.23222e+07,3.9169e+06,1.19571e+16,1.51924e+21
1.44e-09,1.27685e+10,1.18008e+13,3.30012e+07,3.99936e+06,1.22598e+16,1.53994e+21
1.47e-09,1.30298e+10,1.20387e+13,3.36802e+07,4.08181e+06,1.25625e+16,1.56065e+21
1.5e-09,1.32911e+10,1.22766e+13,3.43592e+07,4.16427e+06,1.28652e+16,1.58135e+21
1.53e-09,1.35524e+10,1.25145e+13,3.50382e+07,4.24672e+06,1.31679e+16,1.60205e+21
1.56e-09,1.38137e+10,1.27524e+13,3.57172e+07,4.32918e+06,1.34706e+16,1.62276e+21
1.59e-09,1.4075e+10,1.29903e+13,3.63962e+07,4.41163e+06,1.37733e+16,1.64346e+21
1.62e-09,1.43364e+10,1.32282e+13,3.70752e+07,4.49409e+06,1.4076e+16,1.66416e+21
1.65e-09,1.45977e+10,1.3466e+13,3.77542e+07,4.57654e+06,1.43787e+16,1.68487e+21
1.68e-09,1.4859e+10,1.37039e+13,3.84332e+07,4.659e+06,1.46815e+16,1.70557e+21
1.71e-09,1.51203e+10,1.39418e+13,3.91122e+07,4.74146e+06,1.49842e+16,1.72627e+21
1.74e-09,1.53816e+10,1.41797e+13,3.97912e+07,4.82391e+06,1.52869e+16,1.74698e+21
1.77e-09,1.56429e+10,1.44176e+13,4.04702e+07,4.90637e+06,1.55896e+16,1.76768e+21
1.8e-09,1.59042e+10,1.46555e+13,4.11492e+07,4.98882e+06,1.58923e+16,1.78838e+21
1.83e-09,1.6154e+10,1.48719e+13,4.18087e+07,5.06946e+06,1.61027e+16,1.79906e+21
1.86e-09,1.64038e+10,1.50884e+13,4.24682e+07,5.15009e+06,1.6313e+16,1.80974e+21
1.89e-09,1.66535e+10,1.53048e+13,4.31278e+07,5.23073e+06,1.65234e+16,1.82042e+21
1.92e-09,1.69033e+10,1.55212e+13,4.37873e+07,5.31136e+06,1.67338e+16,1.8311e+21
1.95e-09,1.71531e+10,1.57377e+13,4.44468e+07,5.392e+06,1.69442e+16,1.84179e+21
1.98e-09,1.74028e+10,1.59541e+13,4.51063e+07,5.47263e+06,1.71545e+16,1.85247e+21
2.01e-09,1.76526e+10,1.61705e+13,4.57658e+07,5.55327e+06,1.73649e+16,1.86315e+21
2.04e-09,1.79024e+10,1.6387e+13,4.64253e+07,5.6339e+06,1.75753e+16,1.87383e+21
2.07e-09,1.81521e+10,1.66034e+13,4.70848e+07,5.71454e+06,1.77857e+16,1.88451e+21
2.1e-09,1.84019e+10,1.68198e+13,4.77443e+07,5.79517e+06,1.7996e+16,1.89519e+21
2.13e-09,1.86517e+10,1.70362e+13,4.84039e+07,5.87581e+06,1.82064e+16,1.90587e+21
2.16e-09,1.89014e+10,1.72527e+13,4.90634e+07,5.95644e+06,1.84168e+16,1.91655e+21
2.19e-09,1.91512e+10,1.74691e+13,4.97229e+07,6.03708e+06,1.86272e+16,1.92723e+21
2.22e-09,1.9401e+10,1.76855e+13,5.03824e+07,6.11771e+06,1.88375e+16,1.93791e+21
2.25e-09,1.96507e+10,1.7902e+13,5.10419e+07,6.19835e+06,1.90479e+16,1.94859e+21
2.28e-09,1.99005e+10,1.81184e+13,5.17014e+07,6.27898e+06,1.92583e+16,1.95928e+21
2.31e-09,2.01503e+10,1.83348e+13,5.23609e+07,6.35962e+06,1.94686e+16,1.96996e+21
2.34e-09,2.04e+10,1.85513e+13,5.30204e+07,6.44025e+06,1.9679e+16,1.98064e+21
2.37e-09,2.06498e+10,1.87677e+13,5.36799e+07,6.52089e+06,1.98894e+16,1.99132e+21
2.4e-09,2.08996e+10,1.89841e+13,5.43395e+07,6.60152e+06,2.00998e+16,2.002e+21
2.43e-09,2.11318e+10,1.91691e+13,5.49693e+07,6.67943e+06,2.01947e+16,2.00542e+21
2.46e-09,2.1364e+10,1.93541e+13,5.55992e+07,6.75733e+06,2.02897e+16,2.00883e+21
2.49e-09,2.15962e+10,1.95391e+13,5.6229e+07,6.83523e+06,2.03846e+16,2.01225e+21
2.52e-09,2.18284e+10,1.97241e+13,5.68588e+07,6.91314e+06,2.04796e+16,2.01566e+21
2.55e-09,2.20606e+10,1.99091e+13,5.74887e+07,6.99104e+06,2.05745e+16,2.01908e+21
2.58e-09,2.22928e+10,2.00941e+13,5.81185e+07,7.06895e+06,2.06694e+16,2.02249e+21
2.61e-09,2.2525e+10,2.02791e+13,5.87484e+07,7.14685e+06,2.07644e+16,2.02591e+21
2.64e-09,2.27573e+10,2.04641e+13,5.93782e+07,7.22476e+06,2.08593e+16,2.02933e+21
2.67e-09,2.29895e+10,2.06491e+13,6.00081e+07,7.30266e+06,2.09543e+16,2.03274e+21
2.7e-09,2.32217e+10,2.0834e+13,6.06379e+07,7.38056e+06,2.10492e+16,2.03616e+21
2.73e-09,2.34539e+10,2.1019e+13,6.12678e+07,7.45847e+06,2.11442e+16,2.03957e+21
2.76e-09,2.36861e+10,2.1204e+13,6.18976e+07,7.53637e+06,2.12391e+16,2.04299e+21
2.79e-09,2.39183e+10,2.1389e+13,6.25275e+07,7.61428e+06,2.13341e+16,2.0464e+21
2.82e-09,2.41505e+10,2.1574e+13,6.31573e+07,7.69218e+06,2.1429e+16,2.04982e+21
2.85e-09,2.43828e+10,2.1759e+13,6.37871e+07,7.77008e+06,2.1524e+16,2.05324e+21
2.88e-09,2.4615e+10,2.1944e+13,6.4417e+07,7.84799e+06,2.16189e+16,2.05665e+21
2.91e-09,2.48472e+10,2.2129e+13,6.50468e+07,7.92589e+06,2.17139e+16,2.06007e+21
2.94e-09,2.50794e+10,2.2314e+13,6.56767e+07,8.0038e+06,2.18088e+16,2.06348e+21
2.97e-09,2.53116e+10,2.2499e+13,6.63065e+07,8.0817e+06,2.19038e+16,2.0669e+21
3e-09,2.55438e+10,2.2684e+13,6.69364e+07,8.1596e+06,2.19987e+16,2.07031e+21
3.03e-09,2.57541e+10,2.28336e+13,6.75283e+07,8.234e+06,2.20113e+16,2.06991e+21
3.06e-09,2.59644e+10,2.29832e+13,6.81202e+07,8.3084e+06,2.20238e+16,2.06951e+21
3.09e-09,2.61747e+10,2.31328e+13,6.8712e+07,8.3828e+06,2.20364e+16,2.0691e+21
3.12e-09,2.6385e+10,2.32824e+13,6.93039e+07,8.4572e+06,2.2049e+16,2.0687e+21
3.15e-09,2.65952e+10,2.34321e+13,6.98958e+07,8.5316e+06,2.20615e+16,2.0683e+21
3.18e-09,2.68055e+10,2.35817e+13,7.04877e+07,8.606e+06,2.20741e+16,2.06789e+21
3.21e-09,2.70158e+10,2.37313e+13,7.10796e+07,8.6804e+06,2.20867e+16,2.06749e+21
3.24e-09,2.72261e+10,2.38809e+13,7.16715e+07,8.7548e+06,2.20992e+16,2.06709e+21
3.27e-09,2.74364e+10,2.40305e+13,7.22634e+07,8.8292e+06,2.21118e+16,2.06668e+21
3.3e-09,2.76467e+10,2.41801e+13,7.28553e+07,8.9036e+06,2.21244e+16,2.06628e+21
3.33e-09,2.78569e+10,2.43298e+13,7.34472e+07,8.978e+06,2.21369e+16,2.06588e+21
3.36e-09,2.80672e+10,2.44794e+13,7.4039e+07,9.0524e+06,2.21495e+16,2.06547e+21
3.39e-09,2.82775e+10,2.4629e+13,7.46309e+07,9.1268e+06,2.21621e+16,2.06507e+21
3.42e-09,2.84878e+10,2.47786e+13,7.52228e+07,9.2012e+06,2.21746e+16,2.06466e+21
3.45e-09,2.86981e+10,2.49282e+13,7.58147e+07,9.2756e+06,2.21872e+16,2.06426e+21
3.48e-09,2.89084e+10,2.50778e+13,7.64066e+07,9.35e+06,2.21998e+16,2.06386e+21
3.51e-09,2.91187e+10,2.52275e+13,7.69985e+07,9.4244e+06,2.22123e+16,2.06345e+21
3.54e-09,2.93289e+10,2.53771e+13,7.75904e+07,9.4988e+06,2.22249e+16,2.06305e+21
3.57e-09,2.95392e+10,2.55267e+13,7.81823e+07,9.5732e+06,2.22375e+16,2.06265e+21
3.6e-09,2.97495e+10,2.56763e+13,7.87742e+07,9.64759e+06,2.225e+16,2.06224e+21
3.63e-09,2.99353e+10,2.57915e+13,7.9322e+07,9.71788e+06,2.22216e+16,2.06038e+21
3.66e-09,3.01211e+10,2.59068e+13,7.98699e+07,9.78816e+06,2.21931e+16,2.05852e+21
3.69e-09,3.03069e+10,2.6022e+13,8.04177e+07,9.85845e+06,2.21647e+16,2.05666e+21
3.72e-09,3.04926e+10,2.61372e+13,8.09656e+07,9.92873e+06,2.21362e+16,2.0548e+21
3.75e-09,3.06784e+10,2.62525e+13,8.15134e+07,9.99901e+06,2.21077e+16,2.05294e+21
3.78e-09,3.08642e+10,2.63677e+13,8.20613e+07,1.00693e+07,2.20793e+16,2.05108e+21
3.81e-09,3.105e+10,2.64829e+13,8.26092e+07,1.01396e+07,2.20508e+16,2.04922e+21
3.84e-09,3.12358e+10,2.65982e+13,8.3157e+07,1.02099e+07,2.20224e+16,2.04736e+21
3.87e-09,3.14216e+10,2.67134e+13,8.37049e+07,1.02801e+07,2.19939e+16,2.0455e+21
3.9e-09,3.16073e+10,2.68286e+13,8.42527e+07,1.03504e+07,2.19654e+16,2.04364e+21
3.93e-09,3.17931e+10,2.69439e+13,8.48006e+07,1.04207e+07,2.1937e+16,2.04178e+21
3.96e-09,3.19789e+10,2.70591e+13,8.53484e+07,1.0491e+07,2.19085e+16,2.03992e+21
3.99e-09,3.21647e+10,2.71743e+13,8.58963e+07,1.05613e+07,2.18801e+16,2.03806e+21
4.02e-09,3.23505e+10,2.72896e+13,8.64441e+07,1.06316e+07,2.18516e+16,2.0362e+21
4.05e-09,3.25363e+10,2.74048e+13,8.6992e+07,1.07018e+07,2.18231e+16,2.03434e+21
4.08e-09,3.2722e+10,2.752e+13,8.75399e+07,1.07721e+07,2.17947e+16,2.03248e+21
4.11e-09,3.29078e+10,2.76353e+13,8.80877e+07,1.08424e+07,2.17662e+16,2.03062e+21
4.14e-09,3.30936e+10,2.77505e+13,8.86356e+07,1.09127e+07,2.17378e+16,2.02875e+21
4.17e-09,3.32794e+10,2.78657e+13,8.91834e+07,1.0983e+07,2.17093e+16,2.02689e+21
4.2e-09,3.34652e+10,2.79809e+13,8.97313e+07,1.10533e+07,2.16809e+16,2.02503e+21
4.23e-09,3.36253e+10,2.80651e+13,9.02308e+07,1.1119e+07,2.16373e+16,2.02277e+21
4.26e-09,3.37854e+10,2.81493e+13,9.07304e+07,1.11846e+07,2.15938e+16,2.02051e+21
4.29e-09,3.39455e+10,2.82335e+13,9.12299e+07,1.12503e+07,2.15503e+16,2.01824e+21
4.32e-09,3.41056e+10,2.83177e+13,9.17295e+07,1.1316e+07,2.15067e+16,2.01598e+21
4.35e-09,3.42657e+10,2.84019e+13,9.2229e+07,1.13817e+07,2.14632e+16,2.01372e+21
4.38e-09,3.44257e+10,2.8486e+13,9.27286e+07,1.14474e+07,2.14197e+16,2.01145e+21
4.41e-09,3.45858e+10,2.85702e+13,9.32281e+07,1.15131e+07,2.13761e+16,2.00919e+21
4.44e-09,3.47459e+10,2.86544e+13,9.37277e+07,1.15788e+07,2.13326e+16,2.00693e+21
4.47e-09,3.4906e+10,2.87386e+13,9.42272e+07,1.16445e+07,2.12891e+16,2.00466e+21
4.5e-09,3.50661e+10,2.88228e+13,9.47268e+07,1.17102e+07,2.12456e+16,2.0024e+21
4.53e-09,3.52262e+10,2.8907e+13,9.52264e+07,1.17758e+07,2.1202e+16,2.00014e+21
4.56e-09,3.53863e+10,2.89912e+13,9.57259e+07,1.18415e+07,2.11585e+16,1.99787e+21
4.59e-09,3.55464e+10,2.90753e+13,9.62255e+07,1.19072e+07,2.1115e+16,1.99561e+21
4.62e-09,3.57065e+10,2.91595e+13,9.6725e+07,1.19729e+07,2.10714e+16,1.99335e+21
4.65e-09,3.58666e+10,2.92437e+13,9.72246e+07,1.20386e+07,2.10279e+16,1.99108e+21
4.68e-09,3.60267e+10,2.93279e+13,9.77241e+07,1.21043e+07,2.09844e+16,1.98882e+21
4.71e-09,3.61868e+10,2.94121e+13,9.82237e+07,1.217e+07,2.09409e+16,1.98656e+21
4.74e-09,3.63469e+10,2.94962e+13,9.87232e+07,1.22357e+07,2.08973e+16,1.98429e+21
4.77e-09,3.6507e+10,2.95804e+13,9.92228e+07,1.23014e+07,2.08538e+16,1.98203e+21
4.8e-09,3.66671e+10,2.96646e+13,9.97223e+07,1.23671e+07,2.08103e+16,1.97976e+21
4.83e-09,3.68013e+10,2.97217e+13,1.00171e+08,1.24278e+07,2.07629e+16,1.97742e+21
4.86e-09,3.69355e+10,2.97787e+13,1.00619e+08,1.24885e+07,2.07155e+16,1.97508e+21
4.89e-09,3.70697e+10,2.98358e+13,1.01067e+08,1.25492e+07,2.06682e+16,1.97273e+21
4.92e-09,3.72039e+10,2.98929e+13,1.01516e+08,1.26099e+07,2.06208e+16,1.97039e+21
4.95e-09,3.73381e+10,2.99499e+13,1.01964e+08,1.26706e+07,2.05735e+16,1.96804e+21
4.98e-09,3.74722e+10,3.0007e+13,1.02412e+08,1.27314e+07,2.05261e+16,1.9657e+21
5.01e-09,3.76064e+10,3.00641e+13,1.02861e+08,1.27921e+07,2.04787e+16,1.96336e+21
5.04e-09,3.77406e+10,3.01211e+13,1.03309e+08,1.28528e+07,2.04314e+16,1.96101e+21
5.07e-09,3.78748e+10,3.01782e+13,1.03758e+08,1.29135e+07,2.0384e+16,1.95867e+21
5.1e-09,3.8009e+10,3.02353e+13,1.04206e+08,1.29742e+07,2.03366e+16,1.95632e+21
5.13e-09,3.81432e+10,3.02923e+13,1.04654e+08,1.30349e+07,2.02893e+16,1.95398e+21
5.16e-09,3.82774e+10,3.03494e+13,1.05103e+08,1.30957e+07,2.02419e+16,1.95163e+21
5.19e-09,3.84116e+10,3.04065e+13,1.05551e+08,1.31564e+07,2.01945e+16,1.94929e+21
5.22e-09,3.85457e+10,3.04635e+13,1.05999e+08,1.32171e+07,2.01472e+16,1.94695e+21
5.25e-09,3.86799e+10,3.05206e+13,1.06448e+08,1.32778e+07,2.00998e+16,1.9446e+21
5.28e-09,3.88141e+10,3.05777e+13,1.06896e+08,1.33385e+07,2.00525e+16,1.94226e+21
5.31e-09,3.89483e+10,3.06347e+13,1.07344e+08,1.33992e+07,2.00051e+16,1.93991e+21
5.34e-09,3.90825e+10,3.06918e+13,1.07793e+08,1.346e+07,1.99577e+16,1.93757e+21
5.37e-09,3.92167e+10,3.07489e+13,1.08241e+08,1.35207e+07,1.99104e+16,1.93522e+21
5.4e-09,3.93509e+10,3.08059e+13,1.08689e+08,1.35814e+07,1.9863e+16,1.93288e+21
5.43e-09,3.94596e+10,3.08397e+13,1.09085e+08,1.36368e+07,1.98155e+16,1.93052e+21
5.46e-09,3.95683e+10,3.08734e+13,1.0948e+08,1.36923e+07,1.9768e+16,1.92817e+21
5.49e-09,3.96771e+10,3.09071e+13,1.09875e+08,1.37478e+07,1.97206e+16,1.92581e+21
5.52e-09,3.97858e+10,3.09409e+13,1.10271e+08,1.38032e+07,1.96731e+16,1.92346e+21
5.55e-09,3.98945e+10,3.09746e+13,1.10666e+08,1.38587e+07,1.96256e+16,1.9211e+21
5.58e-09,4.00032e+10,3.10083e+13,1.11062e+08,1.39141e+07,1.95781e+16,1.91875e+21
5.61e-09,4.0112e+10,3.10421e+13,1.11457e+08,1.39696e+07,1.95306e+16,1.91639e+21
5.64e-09,4.02207e+10,3.10758e+13,1.11852e+08,1.4025e+07,1.94832e+16,1.91403e+21
5.67e-09,4.03294e+10,3.11095e+13,1.12248e+08,1.40805e+07,1.94357e+16,1.91168e+21
5.7e-09,4.04381e+10,3.11433e+13,1.12643e+08,1.41359e+07,1.93882e+16,1.90932e+21
5.73e-09,4.05469e+10,3.1177e+13,1.13038e+08,1.41914e+07,1.93407e+16,1.90697e+21
5.76e-09,4.06556e+10,3.12107e+13,1.13434e+08,1.42468e+07,1.92932e+16,1.90461e+21
5.79e-09,4.07643e+10,3.12445e+13,1.13829e+08,1.43023e+07,1.92457e+16,1.90225e+21
5.82e-09,4.08731e+10,3.12782e+13,1.14225e+08,1.43577e+07,1.91983e+16,1.8999e+21
5.85e-09,4.09818e+10,3.13119e+13,1.1462e+08,1.44132e+07,1.91508e+16,1.89754e+21
5.88e-09,4.10905e+10,3.13456e+13,1.15015e+08,1.44686e+07,1.91033e+16,1.89519e+21
5.91e-09,4.11992e+10,3.13794e+13,1.15411e+08,1.45241e+07,1.90558e+16,1.89283e+21
5.94e-09,4.1308e+10,3.14131e+13,1.15806e+08,1.45795e+07,1.90083e+16,1.89047e+21
5.97e-09,4.14167e+10,3.14468e+13,1.16201e+08,1.4635e+07,1.89609e+16,1.88812e+21
6e-09,4.15254e+10,3.14806e+13,1.16597e+08,1.46904e+07,1.89134e+16,1.88576e+21
6.03e-09,4.16096e+10,3.14944e+13,1.16938e+08,1.47404e+07,1.88668e+16,1.88341e+21
6.06e-09,4.16938e+10,3.15082e+13,1.1728e+08,1.47904e+07,1.88202e+16,1.88105e+21
6.09e-09,4.1778e+10,3.15221e+13,1.17622e+08,1.48404e+07,1.87736e+16,1.87869e+21
6.12e-09,4.18622e+10,3.15359e+13,1.17963e+08,1.48903e+07,1.8727e+16,1.87633e+21
6.15e-09,4.19464e+10,3.15497e+13,1.18305e+08,1.49403e+07,1.86804e+16,1.87398e+21
6.18e-09,4.20306e+10,3.15636e+13,1.18646e+08,1.49903e+07,1.86338e+16,1.87162e+21
6.21e-09,4.21148e+10,3.15774e+13,1.18988e+08,1.50403e+07,1.85872e+16,1.86926e+21
6.24e-09,4.2199e+10,3.15912e+13,1.19329e+08,1.50902e+07,1.85406e+16,1.86691e+21
6.27e-09,4.22832e+10,3.1605e+13,1.19671e+08,1.51402e+07,1.8494e+16,1.86455e+21
6.3e-09,4.23674e+10,3.16189e+13,1.20013e+08,1.51902e+07,1.84474e+16,1.86219e+21
6.33e-09,4.24516e+10,3.16327e+13,1.20354e+08,1.52402e+07,1.84008e+16,1.85983e+21
6.36e-09,4.25358e+10,3.16465e+13,1.20696e+08,1.52901e+07,1.83542e+16,1.85748e+21
6.39e-09,4.26201e+10,3.16604e+13,1.21037e+08,1.53401e+07,1.83076e+16,1.85512e+21
6.42e-09,4.27043e+10,3.16742e+13,1.21379e+08,1.53901e+07,1.8261e+16,1.85276e+21
6.45e-09,4.27885e+10,3.1688e+13,1.21721e+08,1.54401e+07,1.82144e+16,1.85041e+21
6.48e-09,4.28727e+10,3.17019e+13,1.22062e+08,1.549e+07,1.81679e+16,1.84805e+21
6.51e-09,4.29569e+10,3.17157e+13,1.22404e+08,1.554e+07,1.81213e+16,1.84569e+21
6.54e-09,4.30411e+10,3.17295e+13,1.22745e+08,1.559e+07,1.80747e+16,1.84333e+21
6.57e-09,4.31253e+10,3.17433e+13,1.23087e+08,1.56399e+07,1.80281e+16,1.84098e+21
6.6e-09,4.32095e+10,3.17572e+13,1.23428e+08,1.56899e+07,1.79815e+16,1.83862e+21
6.63e-09,4.32705e+10,3.17542e+13,1.23716e+08,1.57343e+07,1.7936e+16,1.83626e+21
6.66e-09,4.33314e+10,3.17511e+13,1.24004e+08,1.57786e+07,1.78905e+16,1.83391e+21
6.69e-09,4.33924e+10,3.17481e+13,1.24292e+08,1.5823e+07,1.7845e+16,1.83155e+21
6.72e-09,4.34534e+10,3.17451e+13,1.2458e+08,1.58673e+07,1.77996e+16,1.82919e+21
6.75e-09,4.35144e+10,3.17421e+13,1.24868e+08,1.59117e+07,1.77541e+16,1.82683e+21
6.78e-09,4.35753e+10,3.17391e+13,1.25155e+08,1.5956e+07,1.77086e+16,1.82448e+21
6.81e-09,4.36363e+10,3.1736e+13,1.25443e+08,1.60004e+07,1.76631e+16,1.82212e+21
6.84e-09,4.36973e+10,3.1733e+13,1.25731e+08,1.60447e+07,1.76177e+16,1.81976e+21
6.87e-09,4.37583e+10,3.173e+13,1.26019e+08,1.60891e+07,1.75722e+16,1.81741e+21
6.9e-09,4.38192e+10,3.1727e+13,1.26307e+08,1.61335e+07,1.75267e+16,1.81505e+21
6.93e-09,4.38802e+10,3.1724e+13,1.26595e+08,1.61778e+07,1.74812e+16,1.81269e+21
6.96e-09,4.39412e+10,3.17209e+13,1.26883e+08,1.62222e+07,1.74358e+16,1.81033e+21
6.99e-09,4.40022e+10,3.17179e+13,1.2717e+08,1.62665e+07,1.73903e+16,1.80798e+21
7.02e-09,4.40632e+10,3.17149e+13,1.27458e+08,1.63109e+07,1.73448e+16,1.80562e+21
7.05e-09,4.41241e+10,3.17119e+13,1.27746e+08,1.63552e+07,1.72993e+16,1.80326e+21
7.08e-09,4.41851e+10,3.17089e+13,1.28034e+08,1.63996e+07,1.72538e+16,1.80091e+21
7.11e-09,4.42461e+10,3.17058e+13,1.28322e+08,1.64439e+07,1.72084e+16,1.79855e+21
7.14e-09,4.43071e+10,3.17028e+13,1.2861e+08,1.64883e+07,1.71629e+16,1.79619e+21
7.17e-09,4.4368e+10,3.16998e+13,1.28897e+08,1.65326e+07,1.71174e+16,1.79383e+21
7.2e-09,4.4429e+10,3.16968e+13,1.29185e+08,1.6577e+07,1.70719e+16,1.79148e+21
7.23e-09,4.44683e+10,3.16796e+13,1.2942e+08,1.66156e+07,1.70276e+16,1.78912e+21
7.26e-09,4.45076e+10,3.16625e+13,1.29655e+08,1.66543e+07,1.69833e+16,1.78676e+21
7.29e-09,4.45469e+10,3.16453e+13,1.2989e+08,1.6693e+07,1.6939e+16,1.78441e+21
7.32e-09,4.45862e+10,3.16281e+13,1.30125e+08,1.67316e+07,1.68947e+16,1.78205e+21
7.35e-09,4.46255e+10,3.1611e+13,1.3036e+08,1.67703e+07,1.68504e+16,1.77969e+21
7.38e-09,4.46648e+10,3.15938e+13,1.30595e+08,1.68089e+07,1.68061e+16,1.77733e+21
7.41e-09,4.47041e+10,3.15766e+13,1.30829e+08,1.68476e+07,1.67618e+16,1.77498e+21
7.44e-09,4.47434e+10,3.15595e+13,1.31064e+08,1.68863e+07,1.67175e+16,1.77262e+21
7.47e-09,4.47827e+10,3.15423e+13,1.31299e+08,1.69249e+07,1.66732e+16,1.77026e+21
7.5e-09,4.4822e+10,3.15251e+13,1.31534e+08,1.69636e+07,1.66289e+16,1.7679e+21
7.53e-09,4.48613e+10,3.1508e+13,1.31769e+08,1.70022e+07,1.65846e+16,1.76555e+21
7.56e-09,4.49006e+10,3.14908e+13,1.32004e+08,1.70409e+07,1.65402e+16,1.76319e+21
7.59e-09,4.49399e+10,3.14737e+13,1.32239e+08,1.70795e+07,1.64959e+16,1.76083e+21
7.62e-09,4.49792e+10,3.14565e+13,1.32474e+08,1.71182e+07,1.64516e+16,1.75848e+21
7.65e-09,4.50186e+10,3.14393e+13,1.32709e+08,1.71569e+07,1.64073e+16,1.75612e+21
7.68e-09,4.50579e+10,3.14222e+13,1.32943e+08,1.71955e+07,1.6363e+16,1.75376e+21
7.71e-09,4.50972e+10,3.1405e+13,1.33178e+08,1.72342e+07,1.63187e+16,1.7514e+21
7.74e-09,4.51365e+10,3.13878e+13,1.33413e+08,1.72728e+07,1.62744e+16,1.74905e+21
7.77e-09,4.51758e+10,3.13707e+13,1.33648e+08,1.73115e+07,1.62301e+16,1.74669e+21
7.8e-09,4.52151e+10,3.13535e+13,1.33883e+08,1.73502e+07,1.61858e+16,1.74433e+21
7.83e-09,4.52344e+10,3.13246e+13,1.34066e+08,1.73831e+07,1.61427e+16,1.74198e+21
7.86e-09,4.52538e+10,3.12957e+13,1.3425e+08,1.74161e+07,1.60995e+16,1.73962e+21
7.89e-09,4.52731e+10,3.12667e+13,1.34433e+08,1.7449e+07,1.60564e+16,1.73726e+21
7.92e-09,4.52925e+10,3.12378e+13,1.34616e+08,1.7482e+07,1.60133e+16,1.7349e+21
7.95e-09,4.53118e+10,3.12089e+13,1.348e+08,1.75149e+07,1.59701e+16,1.73255e+21
7.98e-09,4.53311e+10,3.118e+13,1.34983e+08,1.75479e+07,1.5927e+16,1.73019e+21
8.01e-09,4.53505e+10,3.11511e+13,1.35167e+08,1.75808e+07,1.58839e+16,1.72783e+21
8.04e-09,4.53698e+10,3.11221e+13,1.3535e+08,1.76138e+07,1.58408e+16,1.72547e+21
8.07e-09,4.53892e+10,3.10932e+13,1.35533e+08,1.76467e+07,1.57976e+16,1.72312e+21
8.1e-09,4.54085e+10,3.10643e+13,1.35717e+08,1.76797e+07,1.57545e+16,1.72076e+21
8.13e-09,4.54279e+10,3.10354e+13,1.359e+08,1.77126e+07,1.57114e+16,1.7184e+21
8.16e-09,4.54472e+10,3.10065e+13,1.36083e+08,1.77456e+07,1.56682e+16,1.71605e+21
8.19e-09,4.54666e+10,3.09775e+13,1.36267e+08,1.77786e+07,1.56251e+16,1.71369e+21
8.22e-09,4.54859e+10,3.09486e+13,1.3645e+08,1.78115e+07,1.5582e+16,1.71133e+21
8.25e-09,4.55053e+10,3.09197e+13,1.36634e+08,1.78445e+07,1.55389e+16,1.70897e+21
8.28e-09,4.55246e+10,3.08908e+13,1.36817e+08,1.78774e+07,1.54957e+16,1.70662e+21
8.31e-09,4.5544e+10,3.08618e+13,1.37e+08,1.79104e+07,1.54526e+16,1.70426e+21
8.34e-09,4.55633e+10,3.08329e+13,1.37184e+08,1.79433e+07,1.54095e+16,1.7019e+21
8.37e-09,4.55827e+10,3.0804e+13,1.37367e+08,1.79763e+07,1.53663e+16,1.69955e+21
8.4e-09,4.5602e+10,3.07751e+13,1.3755e+08,1.80092e+07,1.53232e+16,1.69719e+21
8.43e-09,4.56032e+10,3.07365e+13,1.37684e+08,1.80365e+07,1.52813e+16,1.69483e+21
8.46e-09,4.56044e+10,3.06979e+13,1.37818e+08,1.80638e+07,1.52393e+16,1.69247e+21
8.49e-09,4.56056e+10,3.06594e+13,1.37952e+08,1.80911e+07,1.51974e+16,1.69012e+21
8.52e-09,4.56069e+10,3.06208e+13,1.38086e+08,1.81184e+07,1.51554e+16,1.68776e+21
8.55e-09,4.56081e+10,3.05822e+13,1.3822e+08,1.81457e+07,1.51135e+16,1.6854e+21
8.58e-09,4.56093e+10,3.05436e+13,1.38353e+08,1.8173e+07,1.50715e+16,1.68305e+21
8.61e-09,4.56105e+10,3.05051e+13,1.38487e+08,1.82003e+07,1.50296e+16,1.68069e+21
8.64e-09,4.56117e+10,3.04665e+13,1.38621e+08,1.82276e+07,1.49876e+16,1.67833e+21
8.67e-09,4.56129e+10,3.04279e+13,1.38755e+08,1.82549e+07,1.49457e+16,1.67597e+21
8.7e-09,4.56141e+10,3.03893e+13,1.38889e+08,1.82822e+07,1.49037e+16,1.67362e+21
8.73e-09,4.56153e+10,3.03508e+13,1.39023e+08,1.83094e+07,1.48618e+16,1.67126e+21
8.76e-09,4.56165e+10,3.03122e+13,1.39156e+08,1.83367e+07,1.48198e+16,1.6689e+21
8.79e-09,4.56178e+10,3.02736e+13,1.3929e+08,1.8364e+07,1.47779e+16,1.66654e+21
8.82e-09,4.5619e+10,3.02351e+13,1.39424e+08,1.83913e+07,1.4736e+16,1.66419e+21
8.85e-09,4.56202e+10,3.01965e+13,1.39558e+08,1.84186e+07,1.4694e+16,1.66183e+21
8.88e-09,4.56214e+10,3.01579e+13,1.39692e+08,1.84459e+07,1.46521e+16,1.65947e+21
8.91e-09,4.56226e+10,3.01193e+13,1.39826e+08,1.84732e+07,1.46101e+16,1.65712e+21
8.94e-09,4.56238e+10,3.00808e+13,1.39959e+08,1.85005e+07,1.45682e+16,1.65476e+21
8.97e-09,4.5625e+10,3.00422e+13,1.40093e+08,1.85278e+07,1.45262e+16,1.6524e+21
9e-09,4.56262e+10,3.00036e+13,1.40227e+08,1.85551e+07,1.44843e+16,1.65004e+21
9.03e-09,4.56112e+10,2.99572e+13,1.40314e+08,1.85768e+07,1.44435e+16,1.64769e+21
9.06e-09,4.55961e+10,2.99109e+13,1.404e+08,1.85985e+07,1.44027e+16,1.64533e+21
9.09e-09,4.5581e+10,2.98645e+13,1.40487e+08,1.86203e+07,1.4362e+16,1.64297e+21
9.12e-09,4.5566e+10,2.98181e+13,1.40574e+08,1.8642e+07,1.43212e+16,1.64062e+21
9.15e-09,4.55509e+10,2.97717e+13,1.4066e+08,1.86637e+07,1.42804e+16,1.63826e+21
9.18e-09,4.55359e+10,2.97254e+13,1.40747e+08,1.86855e+07,1.42397e+16,1.6359e+21
9.21e-09,4.55208e+10,2.9679e+13,1.40834e+08,1.87072e+07,1.41989e+16,1.63354e+21
9.24e-09,4.55057e+10,2.96326e+13,1.4092e+08,1.87289e+07,1.41581e+16,1.63119e+21
9.27e-09,4.54907e+10,2.95862e+13,1.41007e+08,1.87506e+07,1.41174e+16,1.62883e+21
9.3e-09,4.54756e+10,2.95399e+13,1.41094e+08,1.87724e+07,1.40766e+16,1.62647e+21
9.33e-09,4.54605e+10,2.94935e+13,1.4118e+08,1.87941e+07,1.40358e+16,1.62412e+21
9.36e-09,4.54455e+10,2.94471e+13,1.41267e+08,1.88158e+07,1.39951e+16,1.62176e+21
9.39e-09,4.54304e+10,2.94007e+13,1.41354e+08,1.88376e+07,1.39543e+16,1.6194e+21
9.42e-09,4.54153e+10,2.93544e+13,1.4144e+08,1.88593e+07,1.39135e+16,1.61704e+21
9.45e-09,4.54003e+10,2.9308e+13,1.41527e+08,1.8881e+07,1.38728e+16,1.61469e+21
9.48e-09,4.53852e+10,2.92616e+13,1.41614e+08,1.89028e+07,1.3832e+16,1.61233e+21
9.51e-09,4.53702e+10,2.92152e+13,1.417e+08,1.89245e+07,1.37912e+16,1.60997e+21
9.54e-09,4.53551e+10,2.91689e+13,1.41787e+08,1.89462e+07,1.37505e+16,1.60762e+21
9.57e-09,4.534e+10,2.91225e+13,1.41874e+08,1.89679e+07,1.37097e+16,1.60526e+21
9.6e-09,4.5325e+10,2.90761e+13,1.4196e+08,1.89897e+07,1.3669e+16,1.6029e+21
9.63e-09,4.52955e+10,2.90236e+13,1.42003e+08,1.9006e+07,1.36294e+16,1.60054e+21
9.66e-09,4.5266e+10,2.8971e+13,1.42045e+08,1.90223e+07,1.35898e+16,1.59819e+21
9.69e-09,4.52365e+10,2.89185e+13,1.42087e+08,1.90386e+07,1.35502e+16,1.59583e+21
9.72e-09,4.5207e+10,2.88659e+13,1.42129e+08,1.90549e+07,1.35106e+16,1.59347e+21
9.75e-09,4.51776e+10,2.88134e+13,1.42172e+08,1.90712e+07,1.3471e+16,1.59111e+21
9.78e-09,4.51481e+10,2.87608e+13,1.42214e+08,1.90875e+07,1.34314e+16,1.58876e+21
9.81e-09,4.51186e+10,2.87083e+13,1.42256e+08,1.91038e+07,1.33919e+16,1.5864e+21
9.84e-09,4.50891e+10,2.86557e+13,1.42298e+08,1.91201e+07,1.33523e+16,1.58404e+21
9.87e-09,4.50597e+10,2.86032e+13,1.42341e+08,1.91364e+07,1.33127e+16,1.58169e+21
9.9e-09,4.50302e+10,2.85506e+13,1.42383e+08,1.91527e+07,1.32731e+16,1.57933e+21
9.93e-09,4.50007e+10,2.84981e+13,1.42425e+08,1.9169e+07,1.32335e+16,1.57697e+21
9.96e-09,4.49712e+10,2.84455e+13,1.42468e+08,1.91853e+07,1.31939e+16,1.57461e+21
9.99e-09,4.49417e+10,2.83929e+13,1.4251e+08,1.92016e+07,1.31544e+16,1.57226e+21
1.002e-08,4.49123e+10,2.83404e+13,1.42552e+08,1.92179e+07,1.31148e+16,1.5699e+21
1.005e-08,4.48828e+10,2.82878e+13,1.42594e+08,1.92343e+07,1.30752e+16,1.56754e+21
1.008e-08,4.48533e+10,2.82353e+13,1.42637e+08,1.92506e+07,1.30356e+16,1.56519e+21
1.011e-08,4.48238e+10,2.81827e+13,1.42679e+08,1.92669e+07,1.2996e+16,1.56283e+21
1.014e-08,4.47943e+10,2.81302e+13,1.42721e+08,1.92832e+07,1.29564e+16,1.56047e+21
1.017e-08,4.47649e+10,2.80776e+13,1.42763e+08,1.92995e+07,1.29169e+16,1.55811e+21
1.02e-08,4.47354e+10,2.80251e+13,1.42806e+08,1.93158e+07,1.28773e+16,1.55576e+21
1.023e-08,4.46933e+10,2.79678e+13,1.42806e+08,1.93268e+07,1.28389e+16,1.5534e+21
1.026e-08,4.46512e+10,2.79105e+13,1.42807e+08,1.93379e+07,1.28005e+16,1.55104e+21
1.029e-08,4.46092e+10,2.78532e+13,1.42808e+08,1.9349e+07,1.27621e+16,1.54869e+21
1.032e-08,4.45671e+10,2.77959e+13,1.42809e+08,1.936e+07,1.27237e+16,1.54633e+21
1.035e-08,4.4525e+10,2.77386e+13,1.4281e+08,1.93711e+07,1.26853e+16,1.54397e+21
1.038e-08,4.44829e+10,2.76813e+13,1.4281e+08,1.93821e+07,1.26468e+16,1.54161e+21
1.041e-08,4.44409e+10,2.7624e+13,1.42811e+08,1.93932e+07,1.26084e+16,1.53926e+21
1.044e-08,4.43988e+10,2.75666e+13,1.42812e+08,1.94043e+07,1.257e+16,1.5369e+21
1.047e-08,4.43567e+10,2.75093e+13,1.42813e+08,1.94153e+07,1.25316e+16,1.53454e+21
1.05e-08,4.43146e+10,2.7452e+13,1.42814e+08,1.94264e+07,1.24932e+16,1.53218e+21
1.053e-08,4.42726e+10,2.73947e+13,1.42814e+08,1.94374e+07,1.24548e+16,1.52983e+21
1.056e-08,4.42305e+10,2.73374e+13,1.42815e+08,1.94485e+07,1.24164e+16,1.52747e+21
1.059e-08,4.41884e+10,2.72801e+13,1.42816e+08,1.94596e+07,1.2378e+16,1.52511e+21
1.062e-08,4.41463e+10,2.72228e+13,1.42817e+08,1.94706e+07,1.23396e+16,1.52276e+21
1.065e-08,4.41043e+10,2.71655e+13,1.42818e+08,1.94817e+07,1.23012e+16,1.5204e+21
1.068e-08,4.40622e+10,2.71082e+13,1.42819e+08,1.94927e+07,1.22628e+16,1.51804e+21
1.071e-08,4.40201e+10,2.70509e+13,1.42819e+08,1.95038e+07,1.22244e+16,1.51568e+21
1.074e-08,4.39781e+10,2.69936e+13,1.4282e+08,1.95149e+07,1.2186e+16,1.51333e+21
1.077e-08,4.3936e+10,2.69363e+13,1.42821e+08,1.95259e+07,1.21476e+16,1.51097e+21
1.08e-08,4.38939e+10,2.6879e+13,1.42822e+08,1.9537e+07,1.21092e+16,1.50861e+21
1.083e-08,4.3841e+10,2.68182e+13,1.42784e+08,1.9543e+07,1.2072e+16,1.50626e+21
1.086e-08,4.37881e+10,2.67573e+13,1.42747e+08,1.9549e+07,1.20348e+16,1.5039e+21
1.089e-08,4.37352e+10,2.66965e+13,1.42709e+08,1.9555e+07,1.19975e+16,1.50154e+21
1.092e-08,4.36823e+10,2.66357e+13,1.42672e+08,1.95611e+07,1.19603e+16,1.49918e+21
1.095e-08,4.36293e+10,2.65749e+13,1.42634e+08,1.95671e+07,1.19231e+16,1.49683e+21
1.098e-08,4.35764e+10,2.65141e+13,1.42597e+08,1.95731e+07,1.18859e+16,1.49447e+21
1.101e-08,4.35235e+10,2.64532e+13,1.42559e+08,1.95791e+07,1.18487e+16,1.49211e+21
1.104e-08,4.34706e+10,2.63924e+13,1.42522e+08,1.95852e+07,1.18114e+16,1.48976e+21
1.107e-08,4.34177e+10,2.63316e+13,1.42484e+08,1.95912e+07,1.17742e+16,1.4874e+21
1.11e-08,4.33648e+10,2.62708e+13,1.42447e+08,1.95972e+07,1.1737e+16,1.48504e+21
1.113e-08,4.33119e+10,2.621e+13,1.42409e+08,1.96032e+07,1.16998e+16,1.48268e+21
1.116e-08,4.32589e+10,2.61491e+13,1.42372e+08,1.96093e+07,1.16626e+16,1.48033e+21
1.119e-08,4.3206e+10,2.60883e+13,1.42334e+08,1.96153e+07,1.16253e+16,1.47797e+21
1.122e-08,4.31531e+10,2.60275e+13,1.42297e+08,1.96213e+07,1.15881e+16,1.47561e+21
1.125e-08,4.31002e+10,2.59667e+13,1.4226e+08,1.96273e+07,1.15509e+16,1.47325e+21
1.128e-08,4.30473e+10,2.59059e+13,1.42222e+08,1.96334e+07,1.15137e+16,1.4709e+21
1.131e-08,4.29944e+10,2.58451e+13,1.42185e+08,1.96394e+07,1.14765e+16,1.46854e+21
1.134e-08,4.29415e+10,2.57842e+13,1.42147e+08,1.96454e+07,1.14392e+16,1.46618e+21
1.137e-08,4.28886e+10,2.57234e+13,1.4211e+08,1.96514e+07,1.1402e+16,1.46383e+21
1.14e-08,4.28356e+10,2.56626e+13,1.42072e+08,1.96574e+07,1.13648e+16,1.46147e+21
1.143e-08,4.27736e+10,2.55993e+13,1.42e+08,1.96587e+07,1.13288e+16,1.45911e+21
1.146e-08,4.27115e+10,2.55361e+13,1.41927e+08,1.96599e+07,1.12927e+16,1.45675e+21
1.149e-08,4.26494e+10,2.54728e+13,1.41854e+08,1.96611e+07,1.12567e+16,1.4544e+21
1.152e-08,4.25873e+10,2.54096e+13,1.41782e+08,1.96623e+07,1.12206e+16,1.45204e+21
1.155e-08,4.25252e+10,2.53463e+13,1.41709e+08,1.96636e+07,1.11846e+16,1.44968e+21
1.158e-08,4.24631e+10,2.52831e+13,1.41637e+08,1.96648e+07,1.11486e+16,1.44733e+21
1.161e-08,4.24011e+10,2.52198e+13,1.41564e+08,1.9666e+07,1.11125e+16,1.44497e+21
1.164e-08,4.2339e+10,2.51566e+13,1.41492e+08,1.96672e+07,1.10765e+16,1.44261e+21
1.167e-08,4.22769e+10,2.50933e+13,1.41419e+08,1.96685e+07,1.10404e+16,1.44025e+21
1.17e-08,4.22148e+10,2.50301e+13,1.41347e+08,1.96697e+07,1.10044e+16,1.4379e+21
1.173e-08,4.21527e+10,2.49668e+13,1.41274e+08,1.96709e+07,1.09684e+16,1.43554e+21
1.176e-08,4.20906e+10,2.49036e+13,1.41202e+08,1.96721e+07,1.09323e+16,1.43318e+21
1.179e-08,4.20286e+10,2.48403e+13,1.41129e+08,1.96734e+07,1.08963e+16,1.43083e+21
1.182e-08,4.19665e+10,2.4777e+13,1.41057e+08,1.96746e+07,1.08602e+16,1.42847e+21
1.185e-08,4.19044e+10,2.47138e+13,1.40984e+08,1.96758e+07,1.08242e+16,1.42611e+21
1.188e-08,4.18423e+10,2.46505e+13,1.40912e+08,1.9677e+07,1.07882e+16,1.42375e+21
1.191e-08,4.17802e+10,2.45873e+13,1.40839e+08,1.96783e+07,1.07521e+16,1.4214e+21
1.194e-08,4.17181e+10,2.4524e+13,1.40766e+08,1.96795e+07,1.07161e+16,1.41904e+21
1.197e-08,4.16561e+10,2.44608e+13,1.40694e+08,1.96807e+07,1.068e+16,1.41668e+21
1.2e-08,4.1594e+10,2.43975e+13,1.40621e+08,1.96819e+07,1.0644e+16,1.41432e+21
1.203e-08,4.15243e+10,2.43328e+13,1.40517e+08,1.96786e+07,1.06091e+16,1.41197e+21
1.206e-08,4.14546e+10,2.4268e+13,1.40413e+08,1.96753e+07,1.05743e+16,1.40961e+21
1.209e-08,4.13849e+10,2.42033e+13,1.40308e+08,1.9672e+07,1.05394e+16,1.40725e+21
1.212e-08,4.13152e+10,2.41385e+13,1.40204e+08,1.96686e+07,1.05046e+16,1.4049e+21
1.215e-08,4.12456e+10,2.40737e+13,1.401e+08,1.96653e+07,1.04697e+16,1.40254e+21
1.218e-08,4.11759e+10,2.4009e+13,1.39996e+08,1.9662e+07,1.04349e+16,1.40018e+21
1.221e-08,4.11062e+10,2.39442e+13,1.39891e+08,1.96587e+07,1.04e+16,1.39782e+21
1.224e-08,4.10365e+10,2.38795e+13,1.39787e+08,1.96554e+07,1.03651e+16,1.39547e+21
1.227e-08,4.09668e+10,2.38147e+13,1.39683e+08,1.9652e+07,1.03303e+16,1.39311e+21
1.23e-08,4.08971e+10,2.375e+13,1.39578e+08,1.96487e+07,1.02954e+16,1.39075e+21
1.233e-08,4.08274e+10,2.36852e+13,1.39474e+08,1.96454e+07,1.02606e+16,1.3884e+21
1.236e-08,4.07578e+10,2.36205e+13,1.3937e+08,1.96421e+07,1.02257e+16,1.38604e+21
1.239e-08,4.06881e+10,2.35557e+13,1.39265e+08,1.96388e+07,1.01908e+16,1.38368e+21
1.242e-08,4.06184e+10,2.3491e+13,1.39161e+08,1.96354e+07,1.0156e+16,1.38132e+21
1.245e-08,4.05487e+10,2.34262e+13,1.39057e+08,1.96321e+07,1.01211e+16,1.37897e+21
1.248e-08,4.0479e+10,2.33614e+13,1.38952e+08,1.96288e+07,1.00863e+16,1.37661e+21
1.251e-08,4.04093e+10,2.32967e+13,1.38848e+08,1.96255e+07,1.00514e+16,1.37425e+21
1.254e-08,4.03396e+10,2.32319e+13,1.38744e+08,1.96222e+07,1.00166e+16,1.3719e+21
1.257e-08,4.027e+10,2.31672e+13,1.38639e+08,1.96188e+07,9.9817e+15,1.36954e+21
1.26e-08,4.02003e+10,2.31024e+13,1.38535e+08,1.96155e+07,9.94684e+15,1.36718e+21
1.263e-08,4.01244e+10,2.3037e+13,1.38402e+08,1.96079e+07,9.91316e+15,1.36482e+21
1.266e-08,4.00486e+10,2.29715e+13,1.3827e+08,1.96003e+07,9.87949e+15,1.36247e+21
1.269e-08,3.99728e+10,2.29061e+13,1.38137e+08,1.95927e+07,9.84581e+15,1.36011e+21
1.272e-08,3.9897e+10,2.28406e+13,1.38004e+08,1.95851e+07,9.81214e+15,1.35775e+21
1.275e-08,3.98211e+10,2.27752e+13,1.37871e+08,1.95776e+07,9.77846e+15,1.35539e+21
1.278e-08,3.97453e+10,2.27097e+13,1.37738e+08,1.957e+07,9.74478e+15,1.35304e+21
1.281e-08,3.96695e+10,2.26443e+13,1.37605e+08,1.95624e+07,9.71111e+15,1.35068e+21
1.284e-08,3.95936e+10,2.25788e+13,1.37473e+08,1.95548e+07,9.67743e+15,1.34832e+21
1.287e-08,3.95178e+10,2.25134e+13,1.3734e+08,1.95472e+07,9.64375e+15,1.34597e+21
1.29e-08,3.9442e+10,2.24479e+13,1.37207e+08,1.95396e+07,9.61008e+15,1.34361e+21
1.293e-08,3.93661e+10,2.23825e+13,1.37074e+08,1.9532e+07,9.5764e+15,1.34125e+21
1.296e-08,3.92903e+10,2.2317e+13,1.36941e+08,1.95244e+07,9.54272e+15,1.33889e+21
1.299e-08,3.92145e+10,2.22516e+13,1.36808e+08,1.95168e+07,9.50905e+15,1.33654e+21
1.302e-08,3.91387e+10,2.21861e+13,1.36676e+08,1.95092e+07,9.47537e+15,1.33418e+21
1.305e-08,3.90628e+10,2.21207e+13,1.36543e+08,1.95016e+07,9.4417e+15,1.33182e+21
1.308e-08,3.8987e+10,2.20552e+13,1.3641e+08,1.9494e+07,9.40802e+15,1.32947e+21
1.311e-08,3.89112e+10,2.19898e+13,1.36277e+08,1.94864e+07,9.37434e+15,1.32711e+21
1.314e-08,3.88353e+10,2.19243e+13,1.36144e+08,1.94788e+07,9.34067e+15,1.32475e+21
1.317e-08,3.87595e+10,2.18589e+13,1.36011e+08,1.94713e+07,9.30699e+15,1.32239e+21
1.32e-08,3.86837e+10,2.17934e+13,1.35879e+08,1.94637e+07,9.27331e+15,1.32004e+21
1.323e-08,3.8603e+10,2.1728e+13,1.3572e+08,1.94521e+07,9.24082e+15,1.31768e+21
1.326e-08,3.85224e+10,2.16625e+13,1.35562e+08,1.94405e+07,9.20833e+15,1.31532e+21
1.329e-08,3.84418e+10,2.1597e+13,1.35404e+08,1.94289e+07,9.17583e+15,1.31297e+21
1.332e-08,3.83611e+10,2.15316e+13,1.35246e+08,1.94173e+07,9.14334e+15,1.31061e+21
1.335e-08,3.82805e+10,2.14661e+13,1.35088e+08,1.94057e+07,9.11084e+15,1.30825e+21
1.338e-08,3.81999e+10,2.14007e+13,1.3493e+08,1.93942e+07,9.07835e+15,1.30589e+21
1.341e-08,3.81192e+10,2.13352e+13,1.34772e+08,1.93826e+07,9.04585e+15,1.30354e+21
1.344e-08,3.80386e+10,2.12697e+13,1.34613e+08,1.9371e+07,9.01336e+15,1.30118e+21
1.347e-08,3.7958e+10,2.12043e+13,1.34455e+08,1.93594e+07,8.98086e+15,1.29882e+21
1.35e-08,3.78773e+10,2.11388e+13,1.34297e+08,1.93478e+07,8.94837e+15,1.29646e+21
1.353e-08,3.77967e+10,2.10734e+13,1.34139e+08,1.93362e+07,8.91587e+15,1.29411e+21
1.356e-08,3.7716e+10,2.10079e+13,1.33981e+08,1.93247e+07,8.88338e+15,1.29175e+21
1.359e-08,3.76354e+10,2.09424e+13,1.33823e+08,1.93131e+07,8.85088e+15,1.28939e+21
1.362e-08,3.75548e+10,2.0877e+13,1.33665e+08,1.93015e+07,8.81839e+15,1.28704e+21
1.365e-08,3.74741e+10,2.08115e+13,1.33506e+08,1.92899e+07,8.78589e+15,1.28468e+21
1.368e-08,3.73935e+10,2.07461e+13,1.33348e+08,1.92783e+07,8.7534e+15,1.28232e+21
1.371e-08,3.73129e+10,2.06806e+13,1.3319e+08,1.92667e+07,8.7209e+15,1.27996e+21
1.374e-08,3.72322e+10,2.06151e+13,1.33032e+08,1.92551e+07,8.68841e+15,1.27761e+21
1.377e-08,3.71516e+10,2.05497e+13,1.32874e+08,1.92436e+07,8.65591e+15,1.27525e+21
1.38e-08,3.7071e+10,2.04842e+13,1.32716e+08,1.9232e+07,8.62342e+15,1.27289e+21
1.383e-08,3.69867e+10,2.04194e+13,1.32535e+08,1.92167e+07,8.59211e+15,1.27054e+21
1.386e-08,3.69025e+10,2.03545e+13,1.32355e+08,1.92014e+07,8.56079e+15,1.26818e+21
1.389e-08,3.68183e+10,2.02896e+13,1.32174e+08,1.91861e+07,8.52948e+15,1.26582e+21
1.392e-08,3.67341e+10,2.02247e+13,1.31994e+08,1.91708e+07,8.49817e+15,1.26346e+21
1.395e-08,3.66499e+10,2.01598e+13,1.31814e+08,1.91555e+07,8.46685e+15,1.26111e+21
1.398e-08,3.65656e+10,2.00949e+13,1.31633e+08,1.91403e+07,8.43554e+15,1.25875e+21
1.401e-08,3.64814e+10,2.00301e+13,1.31453e+08,1.9125e+07,8.40423e+15,1.25639e+21
1.404e-08,3.63972e+10,1.99652e+13,1.31273e+08,1.91097e+07,8.37292e+15,1.25404e+21
1.407e-08,3.6313e+10,1.99003e+13,1.31092e+08,1.90944e+07,8.3416e+15,1.25168e+21
1.41e-08,3.62288e+10,1.98354e+13,1.30912e+08,1.90791e+07,8.31029e+15,1.24932e+21
1.413e-08,3.61445e+10,1.97705e+13,1.30731e+08,1.90638e+07,8.27898e+15,1.24696e+21
1.416e-08,3.60603e+10,1.97056e+13,1.30551e+08,1.90485e+07,8.24766e+15,1.24461e+21
1.419e-08,3.59761e+10,1.96408e+13,1.30371e+08,1.90332e+07,8.21635e+15,1.24225e+21
1.422e-08,3.58919e+10,1.95759e+13,1.3019e+08,1.9018e+07,8.18504e+15,1.23989e+21
1.425e-08,3.58076e+10,1.9511e+13,1.3001e+08,1.90027e+07,8.15372e+15,1.23753e+21
1.428e-08,3.57234e+10,1.94461e+13,1.2983e+08,1.89874e+07,8.12241e+15,1.23518e+21
1.431e-08,3.56392e+10,1.93812e+13,1.29649e+08,1.89721e+07,8.0911e+15,1.23282e+21
1.434e-08,3.5555e+10,1.93164e+13,1.29469e+08,1.89568e+07,8.05978e+15,1.23046e+21
1.437e-08,3.54708e+10,1.92515e+13,1.29288e+08,1.89415e+07,8.02847e+15,1.22811e+21
1.44e-08,3.53865e+10,1.91866e+13,1.29108e+08,1.89262e+07,7.99716e+15,1.22575e+21
1.443e-08,3.52998e+10,1.91228e+13,1.28908e+08,1.89075e+07,7.96703e+15,1.22339e+21
1.446e-08,3.52131e+10,1.9059e+13,1.28709e+08,1.88888e+07,7.93689e+15,1.22103e+21
1.449e-08,3.51264e+10,1.89952e+13,1.28509e+08,1.88701e+07,7.90676e+15,1.21868e+21
1.452e-08,3.50397e+10,1.89313e+13,1.28309e+08,1.88514e+07,7.87663e+15,1.21632e+21
1.455e-08,3.4953e+10,1.88675e+13,1.2811e+08,1.88327e+07,7.8465e+15,1.21396e+21
1.458e-08,3.48663e+10,1.88037e+13,1.2791e+08,1.8814e+07,7.81637e+15,1.21161e+21
1.461e-08,3.47796e+10,1.87399e+13,1.2771e+08,1.87953e+07,7.78624e+15,1.20925e+21
1.464e-08,3.46929e+10,1.86761e+13,1.27511e+08,1.87766e+07,7.75611e+15,1.20689e+21
1.467e-08,3.46061e+10,1.86123e+13,1.27311e+08,1.87579e+07,7.72597e+15,1.20453e+21
1.47e-08,3.45194e+10,1.85485e+13,1.27112e+08,1.87392e+07,7.69584e+15,1.20218e+21
1.473e-08,3.44327e+10,1.84847e+13,1.26912e+08,1.87205e+07,7.66571e+15,1.19982e+21
1.476e-08,3.4346e+10,1.84208e+13,1.26712e+08,1.87018e+07,7.63558e+15,1.19746e+21
1.479e-08,3.42593e+10,1.8357e+13,1.26513e+08,1.86831e+07,7.60545e+15,1.19511e+21
1.482e-08,3.41726e+10,1.82932e+13,1.26313e+08,1.86644e+07,7.57532e+15,1.19275e+21
1.485e-08,3.40859e+10,1.82294e+13,1.26113e+08,1.86457e+07,7.54518e+15,1.19039e+21
1.488e-08,3.39992e+10,1.81656e+13,1.25914e+08,1.8627e+07,7.51505e+15,1.18803e+21
1.491e-08,3.39125e+10,1.81018e+13,1.25714e+08,1.86083e+07,7.48492e+15,1.18568e+21
1.494e-08,3.38258e+10,1.8038e+13,1.25514e+08,1.85896e+07,7.45479e+15,1.18332e+21
1.497e-08,3.3739e+10,1.79741e+13,1.25315e+08,1.85709e+07,7.42466e+15,1.18096e+21
1.5e-08,3.36523e+10,1.79103e+13,1.25115e+08,1.85522e+07,7.39453e+15,1.1786e+21
1.503e-08,3.35641e+10,1.7848e+13,1.24899e+08,1.85304e+07,7.36558e+15,1.17625e+21
1.506e-08,3.34759e+10,1.77857e+13,1.24683e+08,1.85086e+07,7.33663e+15,1.17389e+21
1.509e-08,3.33877e+10,1.77233e+13,1.24467e+08,1.84867e+07,7.30768e+15,1.17153e+21
1.512e-08,3.32995e+10,1.7661e+13,1.24251e+08,1.84649e+07,7.27873e+15,1.16918e+21
1.515e-08,3.32112e+10,1.75987e+13,1.24035e+08,1.84431e+07,7.24978e+15,1.16682e+21
1.518e-08,3.3123e+10,1.75363e+13,1.23818e+08,1.84212e+07,7.22083e+15,1.16446e+21
1.521e-08,3.30348e+10,1.7474e+13,1.23602e+08,1.83994e+07,7.19188e+15,1.1621e+21
1.524e-08,3.29466e+10,1.74117e+13,1.23386e+08,1.83776e+07,7.16293e+15,1.15975e+21
1.527e-08,3.28584e+10,1.73493e+13,1.2317e+08,1.83558e+07,7.13398e+15,1.15739e+21
1.53e-08,3.27701e+10,1.7287e+13,1.22954e+08,1.83339e+07,7.10503e+15,1.15503e+21
1.533e-08,3.26819e+10,1.72247e+13,1.22738e+08,1.83121e+07,7.07608e+15,1.15268e+21
1.536e-08,3.25937e+10,1.71623e+13,1.22522e+08,1.82903e+07,7.04713e+15,1.15032e+21
1.539e-08,3.25055e+10,1.71e+13,1.22306e+08,1.82685e+07,7.01818e+15,1.14796e+21
1.542e-08,3.24173e+10,1.70377e+13,1.2209e+08,1.82466e+07,6.98923e+15,1.1456e+21
1.545e-08,3.2329e+10,1.69753e+13,1.21873e+08,1.82248e+07,6.96028e+15,1.14325e+21
1.548e-08,3.22408e+10,1.6913e+13,1.21657e+08,1.8203e+07,6.93133e+15,1.14089e+21
1.551e-08,3.21526e+10,1.68507e+13,1.21441e+08,1.81812e+07,6.90238e+15,1.13853e+21
1.554e-08,3.20644e+10,1.67883e+13,1.21225e+08,1.81593e+07,6.87343e+15,1.13618e+21
1.557e-08,3.19762e+10,1.6726e+13,1.21009e+08,1.81375e+07,6.84448e+15,1.13382e+21
1.56e-08,3.18879e+10,1.66637e+13,1.20793e+08,1.81157e+07,6.81553e+15,1.13146e+21
1.563e-08,3.17991e+10,1.66031e+13,1.20563e+08,1.8091e+07,6.78776e+15,1.1291e+21
1.566e-08,3.17102e+10,1.65426e+13,1.20333e+08,1.80663e+07,6.75999e+15,1.12675e+21
1.569e-08,3.16213e+10,1.64821e+13,1.20103e+08,1.80417e+07,6.73222e+15,1.12439e+21
1.572e-08,3.15325e+10,1.64216e+13,1.19873e+08,1.8017e+07,6.70446e+15,1.12203e+21
1.575e-08,3.14436e+10,1.63611e+13,1.19643e+08,1.79923e+07,6.67669e+15,1.11968e+21
1.578e-08,3.13547e+10,1.63005e+13,1.19413e+08,1.79677e+07,6.64892e+15,1.11732e+21
1.581e-08,3.12659e+10,1.624e+13,1.19183e+08,1.7943e+07,6.62115e+15,1.11496e+21
1.584e-08,3.1177e+10,1.61795e+13,1.18953e+08,1.79183e+07,6.59338e+15,1.1126e+21
1.587e-08,3.10881e+10,1.6119e+13,1.18723e+08,1.78937e+07,6.56561e+15,1.11025e+21
1.59e-08,3.09993e+10,1.60585e+13,1.18493e+08,1.7869e+07,6.53785e+15,1.10789e+21
1.593e-08,3.09104e+10,1.59979e+13,1.18263e+08,1.78443e+07,6.51008e+15,1.10553e+21
1.596e-08,3.08215e+10,1.59374e+13,1.18033e+08,1.78197e+07,6.48231e+15,1.10317e+21
1.599e-08,3.07327e+10,1.58769e+13,1.17804e+08,1.7795e+07,6.45454e+15,1.10082e+21
1.602e-08,3.06438e+10,1.58164e+13,1.17574e+08,1.77703e+07,6.42677e+15,1.09846e+21
1.605e-08,3.05549e+10,1.57559e+13,1.17344e+08,1.77457e+07,6.39901e+15,1.0961e+21
1.608e-08,3.04661e+10,1.56953e+13,1.17114e+08,1.7721e+07,6.37124e+15,1.09375e+21
1.611e-08,3.03772e+10,1.56348e+13,1.16884e+08,1.76963e+07,6.34347e+15,1.09139e+21
1.614e-08,3.02883e+10,1.55743e+13,1.16654e+08,1.76716e+07,6.3157e+15,1.08903e+21
1.617e-08,3.01995e+10,1.55138e+13,1.16424e+08,1.7647e+07,6.28793e+15,1.08667e+21
1.62e-08,3.01106e+10,1.54533e+13,1.16194e+08,1.76223e+07,6.26016e+15,1.08432e+21
1.623e-08,3.00218e+10,1.53948e+13,1.15953e+08,1.75951e+07,6.23358e+15,1.08196e+21
1.626e-08,2.99331e+10,1.53364e+13,1.15711e+08,1.75678e+07,6.20699e+15,1.0796e+21
1.629e-08,2.98443e+10,1.5278e+13,1.1547e+08,1.75406e+07,6.1804e+15,1.07725e+21
1.632e-08,2.97555e+10,1.52195e+13,1.15229e+08,1.75134e+07,6.15382e+15,1.07489e+21
1.635e-08,2.96668e+10,1.51611e+13,1.14987e+08,1.74862e+07,6.12723e+15,1.07253e+21
1.638e-08,2.9578e+10,1.51027e+13,1.14746e+08,1.74589e+07,6.10064e+15,1.07017e+21
1.641e-08,2.94892e+10,1.50442e+13,1.14505e+08,1.74317e+07,6.07406e+15,1.06782e+21
1.644e-08,2.94005e+10,1.49858e+13,1.14263e+08,1.74045e+07,6.04747e+15,1.06546e+21
1.647e-08,2.93117e+10,1.49273e+13,1.14022e+08,1.73772e+07,6.02088e+15,1.0631e+21
1.65e-08,2.92229e+10,1.48689e+13,1.13781e+08,1.735e+07,5.9943e+15,1.06074e+21
1.653e-08,2.91342e+10,1.48105e+13,1.13539e+08,1.73228e+07,5.96771e+15,1.05839e+21
1.656e-08,2.90454e+10,1.4752e+13,1.13298e+08,1.72955e+07,5.94112e+15,1.05603e+21
1.659e-08,2.89566e+10,1.46936e+13,1.13057e+08,1.72683e+07,5.91454e+15,1.05367e+21
1.662e-08,2.88679e+10,1.46352e+13,1.12815e+08,1.72411e+07,5.88795e+15,1.05132e+21
1.665e-08,2.87791e+10,1.45767e+13,1.12574e+08,1.72138e+07,5.86136e+15,1.04896e+21
1.668e-08,2.86903e+10,1.45183e+13,1.12333e+08,1.71866e+07,5.83478e+15,1.0466e+21
1.671e-08,2.86016e+10,1.44599e+13,1.12091e+08,1.71594e+07,5.80819e+15,1.04424e+21
1.674e-08,2.85128e+10,1.44014e+13,1.1185e+08,1.71321e+07,5.7816e+15,1.04189e+21
1.677e-08,2.8424e+10,1.4343e+13,1.11609e+08,1.71049e+07,5.75502e+15,1.03953e+21
1.68e-08,2.83353e+10,1.42846e+13,1.11367e+08,1.70777e+07,5.72843e+15,1.03717e+21
1.683e-08,2.82473e+10,1.42284e+13,1.11117e+08,1.70481e+07,5.70303e+15,1.03482e+21
1.686e-08,2.81592e+10,1.41723e+13,1.10866e+08,1.70186e+07,5.67762e+15,1.03246e+21
1.689e-08,2.80712e+10,1.41161e+13,1.10616e+08,1.69891e+07,5.65221e+15,1.0301e+21
1.692e-08,2.79832e+10,1.406e+13,1.10365e+08,1.69596e+07,5.62681e+15,1.02774e+21
1.695e-08,2.78952e+10,1.40038e+13,1.10115e+08,1.693e+07,5.6014e+15,1.02539e+21
1.698e-08,2.78072e+10,1.39477e+13,1.09864e+08,1.69005e+07,5.576e+15,1.02303e+21
1.701e-08,2.77191e+10,1.38916e+13,1.09614e+08,1.6871e+07,5.55059e+15,1.02067e+21
1.704e-08,2.76311e+10,1.38354e+13,1.09363e+08,1.68414e+07,5.52519e+15,1.01832e+21
1.707e-08,2.75431e+10,1.37793e+13,1.09113e+08,1.68119e+07,5.49978e+15,1.01596e+21
1.71e-08,2.74551e+10,1.37231e+13,1.08862e+08,1.67824e+07,5.47438e+15,1.0136e+21
1.713e-08,2.73671e+10,1.3667e+13,1.08612e+08,1.67528e+07,5.44897e+15,1.01124e+21
1.716e-08,2.7279e+10,1.36108e+13,1.08361e+08,1.67233e+07,5.42357e+15,1.00889e+21
1.719e-08,2.7191e+10,1.35547e+13,1.08111e+08,1.66938e+07,5.39816e+15,1.00653e+21
1.722e-08,2.7103e+10,1.34986e+13,1.07861e+08,1.66643e+07,5.37276e+15,1.00417e+21
1.725e-08,2.7015e+10,1.34424e+13,1.0761e+08,1.66347e+07,5.34735e+15,1.00181e+21
1.728e-08,2.6927e+10,1.33863e+13,1.0736e+08,1.66052e+07,5.32195e+15,9.99458e+20
1.731e-08,2.68389e+10,1.33301e+13,1.07109e+08,1.65757e+07,5.29654e+15,9.97101e+20
1.734e-08,2.67509e+10,1.3274e+13,1.06859e+08,1.65461e+07,5.27114e+15,9.94743e+20
1.737e-08,2.66629e+10,1.32179e+13,1.06608e+08,1.65166e+07,5.24573e+15,9.92386e+20
1.74e-08,2.65749e+10,1.31617e+13,1.06358e+08,1.64871e+07,5.22033e+15,9.90029e+20
1.743e-08,2.64882e+10,1.3108e+13,1.061e+08,1.64555e+07,5.19611e+15,9.87672e+20
1.746e-08,2.64014e+10,1.30543e+13,1.05842e+08,1.6424e+07,5.17188e+15,9.85314e+20
1.749e-08,2.63147e+10,1.30006e+13,1.05585e+08,1.63924e+07,5.14766e+15,9.82957e+20
1.752e-08,2.6228e+10,1.2947e+13,1.05327e+08,1.63608e+07,5.12343e+15,9.806e+20
1.755e-08,2.61412e+10,1.28933e+13,1.0507e+08,1.63292e+07,5.09921e+15,9.78243e+20
1.758e-08,2.60545e+10,1.28396e+13,1.04812e+08,1.62977e+07,5.07499e+15,9.75886e+20
1.761e-08,2.59678e+10,1.27859e+13,1.04555e+08,1.62661e+07,5.05076e+15,9.73529e+20
1.764e-08,2.5881e+10,1.27322e+13,1.04297e+08,1.62345e+07,5.02654e+15,9.71171e+20
1.767e-08,2.57943e+10,1.26785e+13,1.04039e+08,1.6203e+07,5.00232e+15,9.68814e+20
1.77e-08,2.57076e+10,1.26248e+13,1.03782e+08,1.61714e+07,4.97809e+15,9.66457e+20
1.773e-08,2.56208e+10,1.25711e+13,1.03524e+08,1.61398e+07,4.95387e+15,9.641e+20
1.776e-08,2.55341e+10,1.25174e+13,1.03267e+08,1.61083e+07,4.92965e+15,9.61743e+20
1.779e-08,2.54474e+10,1.24637e+13,1.03009e+08,1.60767e+07,4.90542e+15,9.59385e+20
1.782e-08,2.53606e+10,1.24101e+13,1.02752e+08,1.60451e+07,4.8812e+15,9.57028e+20
1.785e-08,2.52739e+10,1.23564e+13,1.02494e+08,1.60136e+07,4.85698e+15,9.54671e+20
1.788e-08,2.51872e+10,1.23027e+13,1.02236e+08,1.5982e+07,4.83275e+15,9.52314e+20
1.791e-08,2.51005e+10,1.2249e+13,1.01979e+08,1.59504e+07,4.80853e+15,9.49957e+20
1.794e-08,2.50137e+10,1.21953e+13,1.01721e+08,1.59188e+07,4.78431e+15,9.47599e+20
1.797e-08,2.4927e+10,1.21416e+13,1.01464e+08,1.58873e+07,4.76008e+15,9.45242e+20
1.8e-08,2.48403e+10,1.20879e+13,1.01206e+08,1.58557e+07,4.73586e+15,9.42885e+20
1.803e-08,2.47553e+10,1.20368e+13,1.00943e+08,1.58224e+07,4.71282e+15,9.40528e+20
1.806e-08,2.46703e+10,1.19857e+13,1.00681e+08,1.5789e+07,4.68977e+15,9.3817e+20
1.809e-08,2.45853e+10,1.19345e+13,1.00418e+08,1.57556e+07,4.66673e+15,9.35813e+20
1.812e-08,2.45003e+10,1.18834e+13,1.00155e+08,1.57223e+07,4.64369e+15,9.33456e+20
1.815e-08,2.44153e+10,1.18323e+13,9.98921e+07,1.56889e+07,4.62065e+15,9.31099e+20
1.818e-08,2.43303e+10,1.17811e+13,9.96293e+07,1.56555e+07,4.59761e+15,9.28742e+20
1.821e-08,2.42453e+10,1.173e+13,9.93665e+07,1.56222e+07,4.57457e+15,9.26385e+20
1.824e-08,2.41603e+10,1.16789e+13,9.91036e+07,1.55888e+07,4.55152e+15,9.24027e+20
1.827e-08,2.40753e+10,1.16278e+13,9.88408e+07,1.55554e+07,4.52848e+15,9.2167e+20
1.83e-08,2.39903e+10,1.15766e+13,9.8578e+07,1.55221e+07,4.50544e+15,9.19313e+20
1.833e-08,2.39054e+10,1.15255e+13,9.83152e+07,1.54887e+07,4.4824e+15,9.16956e+20
1.836e-08,2.38204e+10,1.14744e+13,9.80524e+07,1.54553e+07,4.45936e+15,9.14598e+20
1.839e-08,2.37354e+10,1.14232e+13,9.77895e+07,1.5422e+07,4.43632e+15,9.12241e+20
1.842e-08,2.36504e+10,1.13721e+13,9.75267e+07,1.53886e+07,4.41327e+15,9.09884e+20
1.845e-08,2.35654e+10,1.1321e+13,9.72639e+07,1.53552e+07,4.39023e+15,9.07527e+20
1.848e-08,2.34804e+10,1.12699e+13,9.70011e+07,1.53219e+07,4.36719e+15,9.0517e+20
1.851e-08,2.33954e+10,1.12187e+13,9.67383e+07,1.52885e+07,4.34415e+15,9.02813e+20
1.854e-08,2.33104e+10,1.11676e+13,9.64754e+07,1.52552e+07,4.32111e+15,9.00455e+20
1.857e-08,2.32254e+10,1.11165e+13,9.62126e+07,1.52218e+07,4.29806e+15,8.98098e+20
1.86e-08,2.31404e+10,1.10653e+13,9.59498e+07,1.51884e+07,4.27502e+15,8.95741e+20
1.863e-08,2.30575e+10,1.10169e+13,9.56834e+07,1.51535e+07,4.25316e+15,8.93384e+20
1.866e-08,2.29746e+10,1.09684e+13,9.5417e+07,1.51186e+07,4.2313e+15,8.91026e+20
1.869e-08,2.28917e+10,1.09199e+13,9.51506e+07,1.50836e+07,4.20944e+15,8.88669e+20
1.872e-08,2.28089e+10,1.08714e+13,9.48841e+07,1.50487e+07,4.18758e+15,8.86312e+20
1.875e-08,2.2726e+10,1.08229e+13,9.46177e+07,1.50138e+07,4.16572e+15,8.83955e+20
1.878e-08,2.26431e+10,1.07744e+13,9.43513e+07,1.49789e+07,4.14386e+15,8.81598e+20
1.881e-08,2.25602e+10,1.07259e+13,9.40849e+07,1.49439e+07,4.122e+15,8.7924e+20
1.884e-08,2.24773e+10,1.06774e+13,9.38185e+07,1.4909e+07,4.10014e+15,8.76883e+20
1.887e-08,2.23944e+10,1.06289e+13,9.3552e+07,1.48741e+07,4.07828e+15,8.74526e+20
1.89e-08,2.23115e+10,1.05804e+13,9.32856e+07,1.48391e+07,4.05642e+15,8.72169e+20
1.893e-08,2.22286e+10,1.05319e+13,9.30192e+07,1.48042e+07,4.03456e+15,8.69812e+20
1.896e-08,2.21457e+10,1.04834e+13,9.27528e+07,1.47693e+07,4.0127e+15,8.67454e+20
1.899e-08,2.20628e+10,1.04349e+13,9.24864e+07,1.47344e+07,3.99084e+15,8.65097e+20
1.902e-08,2.19799e+10,1.03864e+13,9.222e+07,1.46994e+07,3.96898e+15,8.6274e+20
1.905e-08,2.18971e+10,1.03379e+13,9.19535e+07,1.46645e+07,3.94712e+15,8.60383e+20
1.908e-08,2.18142e+10,1.02894e+13,9.16871e+07,1.46296e+07,3.92526e+15,8.58026e+20
1.911e-08,2.17313e+10,1.02409e+13,9.14207e+07,1.45946e+07,3.9034e+15,8.55668e+20
1.914e-08,2.16484e+10,1.01924e+13,9.11543e+07,1.45597e+07,3.88154e+15,8.53311e+20
1.917e-08,2.15655e+10,1.01439e+13,9.08879e+07,1.45248e+07,3.85968e+15,8.50954e+20
1.92e-08,2.14826e+10,1.00954e+13,9.06215e+07,1.44898e+07,3.83782e+15,8.48597e+20
1.923e-08,2.14021e+10,1.00496e+13,9.03529e+07,1.44536e+07,3.81714e+15,8.4624e+20
1.926e-08,2.13216e+10,1.00037e+13,9.00843e+07,1.44173e+07,3.79646e+15,8.43882e+20
1.929e-08,2.12411e+10,9.95788e+12,8.98158e+07,1.4381e+07,3.77578e+15,8.41525e+20
1.932e-08,2.11606e+10,9.91205e+12,8.95472e+07,1.43447e+07,3.7551e+15,8.39168e+20
1.935e-08,2.10801e+10,9.86621e+12,8.92787e+07,1.43085e+07,3.73442e+15,8.36811e+20
1.938e-08,2.09995e+10,9.82037e+12,8.90101e+07,1.42722e+07,3.71375e+15,8.34454e+20
1.941e-08,2.0919e+10,9.77454e+12,8.87416e+07,1.42359e+07,3.69307e+15,8.32096e+20
1.944e-08,2.08385e+10,9.7287e+12,8.8473e+07,1.41996e+07,3.67239e+15,8.29739e+20
1.947e-08,2.0758e+10,9.68286e+12,8.82044e+07,1.41633e+07,3.65171e+15,8.27382e+20
1.95e-08,2.06775e+10,9.63703e+12,8.79359e+07,1.41271e+07,3.63103e+15,8.25025e+20
1.953e-08,2.0597e+10,9.59119e+12,8.76673e+07,1.40908e+07,3.61035e+15,8.22668e+20
1.956e-08,2.05165e+10,9.54535e+12,8.73987e+07,1.40545e+07,3.58967e+15,8.2031e+20
1.959e-08,2.0436e+10,9.49952e+12,8.71302e+07,1.40182e+07,3.569e+15,8.17953e+20
1.962e-08,2.03555e+10,9.45368e+12,8.68616e+07,1.3982e+07,3.54832e+15,8.15596e+20
1.965e-08,2.0275e+10,9.40784e+12,8.65931e+07,1.39457e+07,3.52764e+15,8.13239e+20
1.968e-08,2.01945e+10,9.36201e+12,8.63245e+07,1.39094e+07,3.50696e+15,8.10881e+20
1.971e-08,2.0114e+10,9.31617e+12,8.6056e+07,1.38731e+07,3.48628e+15,8.08524e+20
1.974e-08,2.00335e+10,9.27033e+12,8.57874e+07,1.38368e+07,3.4656e+15,8.06167e+20
1.977e-08,1.99529e+10,9.2245e+12,8.55188e+07,1.38006e+07,3.44492e+15,8.0381e+20
1.98e-08,1.98724e+10,9.17866e+12,8.52503e+07,1.37643e+07,3.42424e+15,8.01453e+20
1.983e-08,1.97945e+10,9.13548e+12,8.49808e+07,1.37269e+07,3.40475e+15,7.99096e+20
1.986e-08,1.97166e+10,9.09231e+12,8.47114e+07,1.36894e+07,3.38525e+15,7.96738e+20
1.989e-08,1.96387e+10,9.04913e+12,8.4442e+07,1.3652e+07,3.36575e+15,7.94381e+20
1.992e-08,1.95608e+10,9.00595e+12,8.41725e+07,1.36146e+07,3.34626e+15,7.92024e+20
1.995e-08,1.94829e+10,8.96277e+12,8.39031e+07,1.35772e+07,3.32676e+15,7.89667e+20
1.998e-08,1.94049e+10,8.91959e+12,8.36337e+07,1.35397e+07,3.30726e+15,7.8731e+20
2.001e-08,1.9327e+10,8.87642e+12,8.33642e+07,1.35023e+07,3.28777e+15,7.84952e+20
2.004e-08,1.92491e+10,8.83324e+12,8.30948e+07,1.34649e+07,3.26827e+15,7.82595e+20
2.007e-08,1.91712e+10,8.79006e+12,8.28254e+07,1.34275e+07,3.24877e+15,7.80238e+20
2.01e-08,1.90933e+10,8.74688e+12,8.25559e+07,1.339e+07,3.22927e+15,7.77881e+20
2.013e-08,1.90154e+10,8.70371e+12,8.22865e+07,1.33526e+07,3.20978e+15,7.75524e+20
2.016e-08,1.89375e+10,8.66053e+12,8.2017e+07,1.33152e+07,3.19028e+15,7.73166e+20
2.019e-08,1.88595e+10,8.61735e+12,8.17476e+07,1.32778e+07,3.17078e+15,7.70809e+20
2.022e-08,1.87816e+10,8.57417e+12,8.14782e+07,1.32403e+07,3.15129e+15,7.68452e+20
2.025e-08,1.87037e+10,8.531e+12,8.12088e+07,1.32029e+07,3.13179e+15,7.66095e+20
2.028e-08,1.86258e+10,8.48782e+12,8.09393e+07,1.31655e+07,3.11229e+15,7.63737e+20
2.031e-08,1.85479e+10,8.44464e+12,8.06699e+07,1.3128e+07,3.0928e+15,7.6138e+20
2.034e-08,1.847e+10,8.40146e+12,8.04004e+07,1.30906e+07,3.0733e+15,7.59023e+20
2.037e-08,1.83921e+10,8.35829e+12,8.0131e+07,1.30532e+07,3.0538e+15,7.56666e+20
2.04e-08,1.83141e+10,8.31511e+12,7.98616e+07,1.30158e+07,3.0343e+15,7.54309e+20
2.043e-08,1.8239e+10,8.27456e+12,7.95924e+07,1.29774e+07,3.01599e+15,7.51951e+20
2.046e-08,1.81638e+10,8.234e+12,7.93231e+07,1.2939e+07,2.99767e+15,7.49594e+20
2.049e-08,1.80886e+10,8.19345e+12,7.90539e+07,1.29006e+07,2.97936e+15,7.47237e+20
2.052e-08,1.80134e+10,8.1529e+12,7.87847e+07,1.28622e+07,2.96104e+15,7.4488e+20
2.055e-08,1.79382e+10,8.11235e+12,7.85154e+07,1.28238e+07,2.94273e+15,7.42523e+20
2.058e-08,1.78631e+10,8.0718e+12,7.82462e+07,1.27854e+07,2.92441e+15,7.40165e+20
2.061e-08,1.77879e+10,8.03125e+12,7.7977e+07,1.27471e+07,2.9061e+15,7.37808e+20
2.064e-08,1.77127e+10,7.9907e+12,7.77078e+07,1.27087e+07,2.88778e+15,7.35451e+20
2.067e-08,1.76375e+10,7.95015e+12,7.74385e+07,1.26703e+07,2.86947e+15,7.33094e+20
2.07e-08,1.75623e+10,7.90959e+12,7.71693e+07,1.26319e+07,2.85115e+15,7.30736e+20
2.073e-08,1.74872e+10,7.86904e+12,7.69001e+07,1.25935e+07,2.83284e+15,7.28379e+20
2.076e-08,1.7412e+10,7.82849e+12,7.66309e+07,1.25551e+07,2.81452e+15,7.26022e+20
2.079e-08,1.73368e+10,7.78794e+12,7.63616e+07,1.25167e+07,2.7962e+15,7.23665e+20
2.082e-08,1.72616e+10,7.74739e+12,7.60924e+07,1.24783e+07,2.77789e+15,7.21308e+20
2.085e-08,1.71864e+10,7.70684e+12,7.58232e+07,1.24399e+07,2.75957e+15,7.18951e+20
2.088e-08,1.71113e+10,7.66629e+12,7.5554e+07,1.24016e+07,2.74126e+15,7.16593e+20
2.091e-08,1.70361e+10,7.62574e+12,7.52847e+07,1.23632e+07,2.72294e+15,7.14236e+20
2.094e-08,1.69609e+10,7.58518e+12,7.50155e+07,1.23248e+07,2.70463e+15,7.11879e+20
2.097e-08,1.68857e+10,7.54463e+12,7.47463e+07,1.22864e+07,2.68631e+15,7.09522e+20
2.1e-08,1.68105e+10,7.50408e+12,7.44771e+07,1.2248e+07,2.668e+15,7.07164e+20
2.103e-08,1.67382e+10,7.4661e+12,7.4209e+07,1.22088e+07,2.65086e+15,7.04807e+20
2.106e-08,1.66658e+10,7.42811e+12,7.39408e+07,1.21696e+07,2.63373e+15,7.0245e+20
2.109e-08,1.65935e+10,7.39013e+12,7.36728e+07,1.21305e+07,2.6166e+15,7.00093e+20
2.112e-08,1.65211e+10,7.35215e+12,7.34046e+07,1.20913e+07,2.59946e+15,6.97736e+20
2.115e-08,1.64487e+10,7.31416e+12,7.31366e+07,1.20521e+07,2.58233e+15,6.95378e+20
2.118e-08,1.63764e+10,7.27618e+12,7.28684e+07,1.20129e+07,2.56519e+15,6.93021e+20
2.121e-08,1.6304e+10,7.2382e+12,7.26003e+07,1.19737e+07,2.54806e+15,6.90664e+20
2.124e-08,1.62316e+10,7.20021e+12,7.23322e+07,1.19345e+07,2.53093e+15,6.88307e+20
2.127e-08,1.61593e+10,7.16223e+12,7.20641e+07,1.18954e+07,2.51379e+15,6.8595e+20
2.13e-08,1.60869e+10,7.12424e+12,7.1796e+07,1.18562e+07,2.49666e+15,6.83592e+20
2.133e-08,1.60146e+10,7.08626e+12,7.15279e+07,1.1817e+07,2.47953e+15,6.81235e+20
2.136e-08,1.59422e+10,7.04828e+12,7.12598e+07,1.17778e+07,2.46239e+15,6.78878e+20
2.139e-08,1.58698e+10,7.01029e+12,7.09917e+07,1.17386e+07,2.44526e+15,6.76521e+20
2.142e-08,1.57975e+10,6.97231e+12,7.07236e+07,1.16995e+07,2.42812e+15,6.74164e+20
2.145e-08,1.57251e+10,6.93433e+12,7.04555e+07,1.16603e+07,2.41099e+15,6.71806e+20
2.148e-08,1.56527e+10,6.89634e+12,7.01874e+07,1.16211e+07,2.39386e+15,6.69449e+20
2.151e-08,1.55804e+10,6.85836e+12,6.99193e+07,1.15819e+07,2.37672e+15,6.67092e+20
2.154e-08,1.5508e+10,6.82037e+12,6.96512e+07,1.15427e+07,2.35959e+15,6.64735e+20
2.157e-08,1.54357e+10,6.78239e+12,6.93831e+07,1.15035e+07,2.34246e+15,6.62378e+20
2.16e-08,1.53633e+10,6.74441e+12,6.9115e+07,1.14644e+07,2.32532e+15,6.6002e+20
2.163e-08,1.52938e+10,6.70891e+12,6.88488e+07,1.14245e+07,2.30937e+15,6.57663e+20
2.166e-08,1.52243e+10,6.67341e+12,6.85825e+07,1.13847e+07,2.29342e+15,6.55306e+20
2.169e-08,1.51548e+10,6.63791e+12,6.83163e+07,1.13449e+07,2.27747e+15,6.52949e+20
2.172e-08,1.50852e+10,6.60241e+12,6.80501e+07,1.13051e+07,2.26151e+15,6.50591e+20
2.175e-08,1.50157e+10,6.56692e+12,6.77839e+07,1.12653e+07,2.24556e+15,6.48234e+20
2.178e-08,1.49462e+10,6.53142e+12,6.75176e+07,1.12254e+07,2.22961e+15,6.45877e+20
2.181e-08,1.48767e+10,6.49592e+12,6.72514e+07,1.11856e+07,2.21366e+15,6.4352e+20
2.184e-08,1.48072e+10,6.46042e+12,6.69852e+07,1.11458e+07,2.1977e+15,6.41163e+20
2.187e-08,1.47377e+10,6.42492e+12,6.67189e+07,1.1106e+07,2.18175e+15,6.38805e+20
2.19e-08,1.46682e+10,6.38942e+12,6.64527e+07,1.10662e+07,2.1658e+15,6.36448e+20
2.193e-08,1.45986e+10,6.35393e+12,6.61865e+07,1.10263e+07,2.14985e+15,6.34091e+20
2.196e-08,1.45291e+10,6.31843e+12,6.59202e+07,1.09865e+07,2.1339e+15,6.31734e+20
2.199e-08,1.44596e+10,6.28293e+12,6.5654e+07,1.09467e+07,2.11794e+15,6.29377e+20
2.202e-08,1.43901e+10,6.24743e+12,6.53878e+07,1.09069e+07,2.10199e+15,6.27019e+20
2.205e-08,1.43206e+10,6.21193e+12,6.51216e+07,1.0867e+07,2.08604e+15,6.24662e+20
2.208e-08,1.42511e+10,6.17643e+12,6.48553e+07,1.08272e+07,2.07009e+15,6.22305e+20
2.211e-08,1.41815e+10,6.14094e+12,6.45891e+07,1.07874e+07,2.05414e+15,6.19948e+20
2.214e-08,1.4112e+10,6.10544e+12,6.43229e+07,1.07476e+07,2.03818e+15,6.17591e+20
2.217e-08,1.40425e+10,6.06994e+12,6.40566e+07,1.07078e+07,2.02223e+15,6.15233e+20
2.22e-08,1.3973e+10,6.03444e+12,6.37904e+07,1.06679e+07,2.00628e+15,6.12876e+20
2.223e-08,1.39063e+10,6.00133e+12,6.35267e+07,1.06276e+07,1.99151e+15,6.10519e+20
2.226e-08,1.38396e+10,5.96821e+12,6.32629e+07,1.05873e+07,1.97674e+15,6.08162e+20
2.229e-08,1.37729e+10,5.93509e+12,6.29991e+07,1.0547e+07,1.96197e+15,6.05805e+20
2.232e-08,1.37063e+10,5.90198e+12,6.27354e+07,1.05067e+07,1.9472e+15,6.03447e+20
2.235e-08,1.36396e+10,5.86886e+12,6.24716e+07,1.04663e+07,1.93243e+15,6.0109e+20
2.238e-08,1.35729e+10,5.83574e+12,6.22079e+07,1.0426e+07,1.91766e+15,5.98733e+20
2.241e-08,1.35062e+10,5.80263e+12,6.19441e+07,1.03857e+07,1.90289e+15,5.96376e+20
2.244e-08,1.34395e+10,5.76951e+12,6.16803e+07,1.03454e+07,1.88811e+15,5.94018e+20
2.247e-08,1.33728e+10,5.7364e+12,6.14166e+07,1.0305e+07,1.87334e+15,5.91661e+20
2.25e-08,1.33061e+10,5.70328e+12,6.11528e+07,1.02647e+07,1.85857e+15,5.89304e+20
2.253e-08,1.32395e+10,5.67016e+12,6.08891e+07,1.02244e+07,1.8438e+15,5.86947e+20
2.256e-08,1.31728e+10,5.63705e+12,6.06253e+07,1.01841e+07,1.82903e+15,5.8459e+20
2.259e-08,1.31061e+10,5.60393e+12,6.03615e+07,1.01437e+07,1.81426e+15,5.82233e+20
2.262e-08,1.30394e+10,5.57082e+12,6.00978e+07,1.01034e+07,1.79949e+15,5.79875e+20
2.265e-08,1.29727e+10,5.5377e+12,5.9834e+07,1.00631e+07,1.78472e+15,5.77518e+20
2.268e-08,1.2906e+10,5.50458e+12,5.95703e+07,1.00228e+07,1.76995e+15,5.75161e+20
2.271e-08,1.28393e+10,5.47147e+12,5.93065e+07,9.98246e+06,1.75518e+15,5.72804e+20
2.274e-08,1.27727e+10,5.43835e+12,5.90428e+07,9.94214e+06,1.74041e+15,5.70447e+20
2.277e-08,1.2706e+10,5.40523e+12,5.8779e+07,9.90181e+06,1.72564e+15,5.68089e+20
2.28e-08,1.26393e+10,5.37212e+12,5.85152e+07,9.86149e+06,1.71087e+15,5.65732e+20
2.283e-08,1.25754e+10,5.34126e+12,5.82544e+07,9.82079e+06,1.69728e+15,5.63375e+20
2.286e-08,1.25114e+10,5.31041e+12,5.79936e+07,9.78008e+06,1.68369e+15,5.61018e+20
2.289e-08,1.24475e+10,5.27955e+12,5.77327e+07,9.73938e+06,1.6701e+15,5.5866e+20
2.292e-08,1.23836e+10,5.2487e+12,5.74719e+07,9.69868e+06,1.65651e+15,5.56303e+20
2.295e-08,1.23197e+10,5.21784e+12,5.7211e+07,9.65798e+06,1.64292e+15,5.53946e+20
2.298e-08,1.22558e+10,5.18699e+12,5.69502e+07,9.61728e+06,1.62934e+15,5.51589e+20
2.301e-08,1.21919e+10,5.15613e+12,5.66894e+07,9.57657e+06,1.61575e+15,5.49232e+20
2.304e-08,1.21279e+10,5.12527e+12,5.64285e+07,9.53587e+06,1.60216e+15,5.46874e+20
2.307e-08,1.2064e+10,5.09442e+12,5.61677e+07,9.49517e+06,1.58857e+15,5.44517e+20
2.31e-08,1.20001e+10,5.06356e+12,5.59069e+07,9.45447e+06,1.57498e+15,5.4216e+20
2.313e-08,1.19362e+10,5.03271e+12,5.5646e+07,9.41376e+06,1.56139e+15,5.39803e+20
2.316e-08,1.18723e+10,5.00185e+12,5.53852e+07,9.37306e+06,1.5478e+15,5.37446e+20
2.319e-08,1.18083e+10,4.971e+12,5.51243e+07,9.33236e+06,1.53421e+15,5.35088e+20
2.322e-08,1.17444e+10,4.94014e+12,5.48635e+07,9.29166e+06,1.52062e+15,5.32731e+20
2.325e-08,1.16805e+10,4.90928e+12,5.46027e+07,9.25096e+06,1.50704e+15,5.30374e+20
2.328e-08,1.16166e+10,4.87843e+12,5.43418e+07,9.21026e+06,1.49345e+15,5.28017e+20
2.331e-08,1.15527e+10,4.84757e+12,5.4081e+07,9.16955e+06,1.47986e+15,5.25659e+20
2.334e-08,1.14887e+10,4.81672e+12,5.38202e+07,9.12885e+06,1.46627e+15,5.23302e+20
2.337e-08,1.14248e+10,4.78586e+12,5.35593e+07,9.08815e+06,1.45268e+15,5.20945e+20
2.34e-08,1.13609e+10,4.75501e+12,5.32985e+07,9.04745e+06,1.43909e+15,5.18588e+20
2.343e-08,1.12997e+10,4.72627e+12,5.30409e+07,9.00647e+06,1.42668e+15,5.16231e+20
2.346e-08,1.12384e+10,4.69754e+12,5.27833e+07,8.9655e+06,1.41428e+15,5.13873e+20
2.349e-08,1.11772e+10,4.66881e+12,5.25257e+07,8.92452e+06,1.40187e+15,5.11516e+20
2.352e-08,1.11159e+10,4.64008e+12,5.22681e+07,8.88355e+06,1.38946e+15,5.09159e+20
2.355e-08,1.10547e+10,4.61134e+12,5.20105e+07,8.84257e+06,1.37705e+15,5.06802e+20
2.358e-08,1.09934e+10,4.58261e+12,5.17529e+07,8.8016e+06,1.36465e+15,5.04445e+20
2.361e-08,1.09322e+10,4.55388e+12,5.14953e+07,8.76062e+06,1.35224e+15,5.02087e+20
2.364e-08,1.08709e+10,4.52514e+12,5.12377e+07,8.71965e+06,1.33983e+15,4.9973e+20
2.367e-08,1.08097e+10,4.49641e+12,5.09801e+07,8.67867e+06,1.32743e+15,4.97373e+20
2.37e-08,1.07484e+10,4.46768e+12,5.07225e+07,8.6377e+06,1.31502e+15,4.95016e+20
2.373e-08,1.06872e+10,4.43894e+12,5.04649e+07,8.59672e+06,1.30261e+15,4.92659e+20
2.376e-08,1.06259e+10,4.41021e+12,5.02073e+07,8.55575e+06,1.2902e+15,4.90301e+20
2.379e-08,1.05647e+10,4.38148e+12,4.99497e+07,8.51478e+06,1.2778e+15,4.87944e+20
2.382e-08,1.05034e+10,4.35275e+12,4.96921e+07,8.4738e+06,1.26539e+15,4.85587e+20
2.385e-08,1.04422e+10,4.32401e+12,4.94345e+07,8.43283e+06,1.25298e+15,4.8323e+20
2.388e-08,1.03809e+10,4.29528e+12,4.91769e+07,8.39185e+06,1.24058e+15,4.80873e+20
2.391e-08,1.03197e+10,4.26655e+12,4.89193e+07,8.35088e+06,1.22817e+15,4.78515e+20
2.394e-08,1.02584e+10,4.23782e+12,4.86618e+07,8.3099e+06,1.21576e+15,4.76158e+20
2.397e-08,1.01972e+10,4.20908e+12,4.84041e+07,8.26893e+06,1.20335e+15,4.73801e+20
2.4e-08,1.01359e+10,4.18035e+12,4.81466e+07,8.22796e+06,1.19095e+15,4.71444e+20
2.403e-08,1.00772e+10,4.15359e+12,4.78924e+07,8.1868e+06,1.17972e+15,4.69086e+20
2.406e-08,1.00185e+10,4.12683e+12,4.76382e+07,8.14564e+06,1.16849e+15,4.66729e+20
2.409e-08,9.95977e+09,4.10006e+12,4.73841e+07,8.10449e+06,1.15727e+15,4.64372e+20
2.412e-08,9.90106e+09,4.0733e+12,4.71299e+07,8.06334e+06,1.14604e+15,4.62015e+20
2.415e-08,9.84234e+09,4.04654e+12,4.68757e+07,8.02218e+06,1.13482e+15,4.59658e+20
2.418e-08,9.78363e+09,4.01978e+12,4.66216e+07,7.98103e+06,1.12359e+15,4.573e+20
2.421e-08,9.72492e+09,3.99301e+12,4.63674e+07,7.93987e+06,1.11237e+15,4.54943e+20
2.424e-08,9.66621e+09,3.96625e+12,4.61133e+07,7.89872e+06,1.10114e+15,4.52586e+20
2.427e-08,9.60749e+09,3.93949e+12,4.58591e+07,7.85756e+06,1.08992e+15,4.50229e+20
2.43e-08,9.54878e+09,3.91273e+12,4.56049e+07,7.81641e+06,1.07869e+15,4.47872e+20
2.433e-08,9.49007e+09,3.88596e+12,4.53508e+07,7.77525e+06,1.06746e+15,4.45514e+20
2.436e-08,9.43136e+09,3.8592e+12,4.50966e+07,7.7341e+06,1.05624e+15,4.43157e+20
2.439e-08,9.37264e+09,3.83244e+12,4.48424e+07,7.69294e+06,1.04501e+15,4.408e+20
2.442e-08,9.31393e+09,3.80568e+12,4.45883e+07,7.65179e+06,1.03379e+15,4.38443e+20
2.445e-08,9.25522e+09,3.77892e+12,4.43341e+07,7.61063e+06,1.02256e+15,4.36085e+20
2.448e-08,9.19651e+09,3.75215e+12,4.408e+07,7.56948e+06,1.01134e+15,4.33728e+20
2.451e-08,9.13779e+09,3.72539e+12,4.38258e+07,7.52832e+06,1.00011e+15,4.31371e+20
2.454e-08,9.07908e+09,3.69863e+12,4.35716e+07,7.48717e+06,9.88885e+14,4.29014e+20
2.457e-08,9.02037e+09,3.67187e+12,4.33175e+07,7.44601e+06,9.77659e+14,4.26657e+20
2.46e-08,8.96165e+09,3.6451e+12,4.30633e+07,7.40486e+06,9.66434e+14,4.24299e+20
2.463e-08,8.90532e+09,3.62015e+12,4.28126e+07,7.3636e+06,9.56389e+14,4.21942e+20
2.466e-08,8.84898e+09,3.59519e+12,4.2562e+07,7.32234e+06,9.46346e+14,4.19585e+20
2.469e-08,8.79265e+09,3.57024e+12,4.23113e+07,7.28108e+06,9.36301e+14,4.17228e+20
2.472e-08,8.73631e+09,3.54528e+12,4.20607e+07,7.23982e+06,9.26258e+14,4.14871e+20
2.475e-08,8.67998e+09,3.52032e+12,4.181e+07,7.19857e+06,9.16213e+14,4.12513e+20
2.478e-08,8.62364e+09,3.49537e+12,4.15594e+07,7.15731e+06,9.0617e+14,4.10156e+20
2.481e-08,8.5673e+09,3.47041e+12,4.13087e+07,7.11605e+06,8.96125e+14,4.07799e+20
2.484e-08,8.51097e+09,3.44546e+12,4.10581e+07,7.07479e+06,8.86082e+14,4.05442e+20
2.487e-08,8.45463e+09,3.4205e+12,4.08074e+07,7.03353e+06,8.76037e+14,4.03084e+20
2.49e-08,8.3983e+09,3.39554e+12,4.05568e+07,6.99228e+06,8.65994e+14,4.00727e+20
2.493e-08,8.34196e+09,3.37059e+12,4.03061e+07,6.95102e+06,8.55949e+14,3.9837e+20
2.496e-08,8.28563e+09,3.34563e+12,4.00555e+07,6.90976e+06,8.45906e+14,3.96013e+20
2.499e-08,8.22929e+09,3.32067e+12,3.98048e+07,6.8685e+06,8.35861e+14,3.93656e+20
2.502e-08,8.17296e+09,3.29572e+12,3.95542e+07,6.82725e+06,8.25818e+14,3.91298e+20
2.505e-08,8.11662e+09,3.27076e+12,3.93035e+07,6.78599e+06,8.15773e+14,3.88941e+20
2.508e-08,8.06029e+09,3.24581e+12,3.90529e+07,6.74473e+06,8.0573e+14,3.86584e+20
2.511e-08,8.00395e+09,3.22085e+12,3.88022e+07,6.70347e+06,7.95686e+14,3.84227e+20
2.514e-08,7.94762e+09,3.19589e+12,3.85516e+07,6.66221e+06,7.85642e+14,3.8187e+20
2.517e-08,7.89128e+09,3.17094e+12,3.83009e+07,6.62096e+06,7.75598e+14,3.79512e+20
2.52e-08,7.83494e+09,3.14598e+12,3.80503e+07,6.5797e+06,7.65554e+14,3.77155e+20
2.523e-08,7.7808e+09,3.12265e+12,3.78031e+07,6.5384e+06,7.56691e+14,3.74798e+20
2.526e-08,7.72666e+09,3.09933e+12,3.75559e+07,6.4971e+06,7.47829e+14,3.72441e+20
2.529e-08,7.67251e+09,3.076e+12,3.73087e+07,6.4558e+06,7.38966e+14,3.70083e+20
2.532e-08,7.61837e+09,3.05268e+12,3.70616e+07,6.41451e+06,7.30104e+14,3.67726e+20
2.535e-08,7.56422e+09,3.02935e+12,3.68144e+07,6.37321e+06,7.21242e+14,3.65369e+20
2.538e-08,7.51008e+09,3.00603e+12,3.65672e+07,6.33191e+06,7.1238e+14,3.63012e+20
2.541e-08,7.45593e+09,2.9827e+12,3.632e+07,6.29061e+06,7.03517e+14,3.60655e+20
2.544e-08,7.40179e+09,2.95938e+12,3.60729e+07,6.24932e+06,6.94655e+14,3.58297e+20
2.547e-08,7.34764e+09,2.93605e+12,3.58257e+07,6.20802e+06,6.85792e+14,3.5594e+20
2.55e-08,7.2935e+09,2.91272e+12,3.55785e+07,6.16672e+06,6.7693e+14,3.53583e+20
2.553e-08,7.23935e+09,2.8894e+12,3.53313e+07,6.12542e+06,6.68067e+14,3.51226e+20
2.556e-08,7.18521e+09,2.86607e+12,3.50842e+07,6.08413e+06,6.59205e+14,3.48869e+20
2.559e-08,7.13106e+09,2.84275e+12,3.4837e+07,6.04283e+06,6.50343e+14,3.46511e+20
2.562e-08,7.07692e+09,2.81942e+12,3.45898e+07,6.00153e+06,6.41481e+14,3.44154e+20
2.565e-08,7.02278e+09,2.7961e+12,3.43426e+07,5.96023e+06,6.32618e+14,3.41797e+20
2.568e-08,6.96863e+09,2.77277e+12,3.40955e+07,5.91894e+06,6.23756e+14,3.3944e+20
2.571e-08,6.91449e+09,2.74944e+12,3.38483e+07,5.87764e+06,6.14893e+14,3.37082e+20
2.574e-08,6.86034e+09,2.72612e+12,3.36011e+07,5.83634e+06,6.06031e+14,3.34725e+20
2.577e-08,6.8062e+09,2.70279e+12,3.33539e+07,5.79504e+06,5.97168e+14,3.32368e+20
2.58e-08,6.75206e+09,2.67947e+12,3.31068e+07,5.75374e+06,5.88306e+14,3.30011e+20
2.583e-08,6.69989e+09,2.65759e+12,3.28629e+07,5.71246e+06,5.80625e+14,3.27654e+20
2.586e-08,6.64773e+09,2.63571e+12,3.26191e+07,5.67117e+06,5.72945e+14,3.25296e+20
2.589e-08,6.59557e+09,2.61383e+12,3.23753e+07,5.62988e+06,5.65264e+14,3.22939e+20
2.592e-08,6.54341e+09,2.59195e+12,3.21314e+07,5.58859e+06,5.57583e+14,3.20582e+20
2.595e-08,6.49124e+09,2.57007e+12,3.18876e+07,5.5473e+06,5.49902e+14,3.18225e+20
2.598e-08,6.43908e+09,2.54819e+12,3.16438e+07,5.50602e+06,5.42222e+14,3.15868e+20
2.601e-08,6.38692e+09,2.52631e+12,3.14e+07,5.46473e+06,5.34541e+14,3.1351e+20
2.604e-08,6.33476e+09,2.50443e+12,3.11561e+07,5.42344e+06,5.2686e+14,3.11153e+20
2.607e-08,6.2826e+09,2.48255e+12,3.09123e+07,5.38215e+06,5.19179e+14,3.08796e+20
2.61e-08,6.23044e+09,2.46067e+12,3.06685e+07,5.34086e+06,5.11499e+14,3.06439e+20
2.613e-08,6.17827e+09,2.43879e+12,3.04246e+07,5.29958e+06,5.03818e+14,3.04081e+20
2.616e-08,6.12611e+09,2.41691e+12,3.01808e+07,5.25829e+06,4.96137e+14,3.01724e+20
2.619e-08,6.07395e+09,2.39503e+12,2.9937e+07,5.217e+06,4.88456e+14,2.99367e+20
2.622e-08,6.02179e+09,2.37315e+12,2.96932e+07,5.17571e+06,4.80776e+14,2.9701e+20
2.625e-08,5.96962e+09,2.35127e+12,2.94493e+07,5.13442e+06,4.73095e+14,2.94653e+20
2.628e-08,5.91746e+09,2.32939e+12,2.92055e+07,5.09314e+06,4.65414e+14,2.92295e+20
2.631e-08,5.8653e+09,2.30751e+12,2.89617e+07,5.05185e+06,4.57733e+14,2.89938e+20
2.634e-08,5.81314e+09,2.28563e+12,2.87178e+07,5.01056e+06,4.50053e+14,2.87581e+20
2.637e-08,5.76098e+09,2.26375e+12,2.8474e+07,4.96927e+06,4.42372e+14,2.85224e+20
2.64e-08,5.70882e+09,2.24188e+12,2.82302e+07,4.92798e+06,4.34691e+14,2.82867e+20
2.643e-08,5.65841e+09,2.22125e+12,2.79895e+07,4.88674e+06,4.28192e+14,2.80509e+20
2.646e-08,5.608e+09,2.20062e+12,2.77488e+07,4.8455e+06,4.21693e+14,2.78152e+20
2.649e-08,5.55759e+09,2.18e+12,2.7508e+07,4.80426e+06,4.15194e+14,2.75795e+20
2.652e-08,5.50718e+09,2.15937e+12,2.72673e+07,4.76301e+06,4.08695e+14,2.73438e+20
2.655e-08,5.45677e+09,2.13874e+12,2.70266e+07,4.72177e+06,4.02195e+14,2.7108e+20
2.658e-08,5.40637e+09,2.11812e+12,2.67859e+07,4.68053e+06,3.95696e+14,2.68723e+20
2.661e-08,5.35596e+09,2.09749e+12,2.65452e+07,4.63929e+06,3.89197e+14,2.66366e+20
2.664e-08,5.30555e+09,2.07686e+12,2.63045e+07,4.59805e+06,3.82698e+14,2.64009e+20
2.667e-08,5.25514e+09,2.05624e+12,2.60638e+07,4.5568e+06,3.76198e+14,2.61652e+20
2.67e-08,5.20473e+09,2.03561e+12,2.58231e+07,4.51556e+06,3.69699e+14,2.59294e+20
2.673e-08,5.15432e+09,2.01499e+12,2.55823e+07,4.47432e+06,3.632e+14,2.56937e+20
2.676e-08,5.10391e+09,1.99436e+12,2.53416e+07,4.43308e+06,3.56701e+14,2.5458e+20
2.679e-08,5.0535e+09,1.97373e+12,2.51009e+07,4.39183e+06,3.50202e+14,2.52223e+20
2.682e-08,5.0031e+09,1.95311e+12,2.48602e+07,4.35059e+06,3.43703e+14,2.49865e+20
2.685e-08,4.95269e+09,1.93248e+12,2.46195e+07,4.30935e+06,3.37203e+14,2.47508e+20
2.688e-08,4.90228e+09,1.91185e+12,2.43788e+07,4.26811e+06,3.30704e+14,2.45151e+20
2.691e-08,4.85187e+09,1.89123e+12,2.41381e+07,4.22686e+06,3.24205e+14,2.42794e+20
2.694e-08,4.80146e+09,1.8706e+12,2.38974e+07,4.18562e+06,3.17706e+14,2.40437e+20
2.697e-08,4.75105e+09,1.84997e+12,2.36566e+07,4.14438e+06,3.11206e+14,2.38079e+20
2.7e-08,4.70065e+09,1.82935e+12,2.34159e+07,4.10314e+06,3.04707e+14,2.35722e+20
2.703e-08,4.65174e+09,1.80978e+12,2.3178e+07,4.06196e+06,2.99389e+14,2.33365e+20
2.706e-08,4.60284e+09,1.7902e+12,2.29401e+07,4.02079e+06,2.94071e+14,2.31008e+20
2.709e-08,4.55394e+09,1.77063e+12,2.27022e+07,3.97962e+06,2.88753e+14,2.2865e+20
2.712e-08,4.50503e+09,1.75106e+12,2.24643e+07,3.93844e+06,2.83435e+14,2.26293e+20
2.715e-08,4.45613e+09,1.73149e+12,2.22264e+07,3.89727e+06,2.78117e+14,2.23936e+20
2.718e-08,4.40723e+09,1.71192e+12,2.19885e+07,3.8561e+06,2.72799e+14,2.21579e+20
2.721e-08,4.35832e+09,1.69234e+12,2.17506e+07,3.81492e+06,2.67481e+14,2.19222e+20
2.724e-08,4.30942e+09,1.67277e+12,2.15126e+07,3.77375e+06,2.62163e+14,2.16864e+20
2.727e-08,4.26052e+09,1.6532e+12,2.12747e+07,3.73257e+06,2.56845e+14,2.14507e+20
2.73e-08,4.21162e+09,1.63363e+12,2.10368e+07,3.6914e+06,2.51527e+14,2.1215e+20
2.733e-08,4.16271e+09,1.61405e+12,2.07989e+07,3.65023e+06,2.46209e+14,2.09793e+20
2.736e-08,4.11381e+09,1.59448e+12,2.0561e+07,3.60906e+06,2.40891e+14,2.07436e+20
2.739e-08,4.06491e+09,1.57491e+12,2.03231e+07,3.56788e+06,2.35573e+14,2.05078e+20
2.742e-08,4.01601e+09,1.55534e+12,2.00852e+07,3.52671e+06,2.30255e+14,2.02721e+20
2.745e-08,3.9671e+09,1.53577e+12,1.98473e+07,3.48553e+06,2.24937e+14,2.00364e+20
2.748e-08,3.9182e+09,1.51619e+12,1.96094e+07,3.44436e+06,2.19619e+14,1.98007e+20
2.751e-08,3.8693e+09,1.49662e+12,1.93714e+07,3.40319e+06,2.14301e+14,1.95649e+20
2.754e-08,3.82039e+09,1.47705e+12,1.91335e+07,3.36201e+06,2.08983e+14,1.93292e+20
2.757e-08,3.77149e+09,1.45748e+12,1.88956e+07,3.32084e+06,2.03665e+14,1.90935e+20
2.76e-08,3.72259e+09,1.4379e+12,1.86577e+07,3.27967e+06,1.98347e+14,1.88578e+20
2.763e-08,3.67492e+09,1.41918e+12,1.84222e+07,3.23857e+06,1.94208e+14,1.86221e+20
2.766e-08,3.62726e+09,1.40046e+12,1.81867e+07,3.19748e+06,1.90069e+14,1.83863e+20
2.769e-08,3.5796e+09,1.38174e+12,1.79512e+07,3.15638e+06,1.8593e+14,1.81506e+20
2.772e-08,3.53194e+09,1.36301e+12,1.77157e+07,3.11529e+06,1.81792e+14,1.79149e+20
2.775e-08,3.48427e+09,1.34429e+12,1.74801e+07,3.07419e+06,1.77653e+14,1.76792e+20
2.778e-08,3.43661e+09,1.32557e+12,1.72446e+07,3.0331e+06,1.73514e+14,1.74435e+20
2.781e-08,3.38895e+09,1.30685e+12,1.70091e+07,2.992e+06,1.69375e+14,1.72077e+20
2.784e-08,3.34129e+09,1.28812e+12,1.67736e+07,2.95091e+06,1.65237e+14,1.6972e+20
2.787e-08,3.29362e+09,1.2694e+12,1.65381e+07,2.90982e+06,1.61098e+14,1.67363e+20
2.79e-08,3.24596e+09,1.25068e+12,1.63026e+07,2.86872e+06,1.56959e+14,1.65006e+20
2.793e-08,3.1983e+09,1.23196e+12,1.60671e+07,2.82763e+06,1.5282e+14,1.62648e+20
2.796e-08,3.15064e+09,1.21323e+12,1.58316e+07,2.78653e+06,1.48682e+14,1.60291e+20
2.799e-08,3.10297e+09,1.19451e+12,1.5596e+07,2.74544e+06,1.44543e+14,1.57934e+20
2.802e-08,3.05531e+09,1.17579e+12,1.53605e+07,2.70434e+06,1.40404e+14,1.55577e+20
2.805e-08,3.00765e+09,1.15706e+12,1.5125e+07,2.66325e+06,1.36266e+14,1.53219e+20
2.808e-08,2.95998e+09,1.13834e+12,1.48895e+07,2.62216e+06,1.32127e+14,1.50862e+20
2.811e-08,2.91232e+09,1.11962e+12,1.4654e+07,2.58106e+06,1.27988e+14,1.48505e+20
2.814e-08,2.86466e+09,1.1009e+12,1.44185e+07,2.53997e+06,1.2385e+14,1.46148e+20
2.817e-08,2.81699e+09,1.08217e+12,1.4183e+07,2.49887e+06,1.19711e+14,1.43791e+20
2.82e-08,2.76933e+09,1.06345e+12,1.39475e+07,2.45778e+06,1.15572e+14,1.41433e+20
2.823e-08,2.72263e+09,1.04537e+12,1.37139e+07,2.41676e+06,1.12603e+14,1.39076e+20
2.826e-08,2.67592e+09,1.02729e+12,1.34803e+07,2.37574e+06,1.09634e+14,1.36719e+20
2.829e-08,2.62921e+09,1.00921e+12,1.32467e+07,2.33472e+06,1.06665e+14,1.34362e+20
2.832e-08,2.58251e+09,9.91125e+11,1.30131e+07,2.29371e+06,1.03696e+14,1.32005e+20
2.835e-08,2.5358e+09,9.73043e+11,1.27795e+07,2.25269e+06,1.00727e+14,1.29647e+20
2.838e-08,2.4891e+09,9.54961e+11,1.25459e+07,2.21167e+06,9.77586e+13,1.2729e+20
2.841e-08,2.44239e+09,9.36879e+11,1.23123e+07,2.17066e+06,9.47897e+13,1.24933e+20
2.844e-08,2.39569e+09,9.18798e+11,1.20787e+07,2.12964e+06,9.18209e+13,1.22576e+20
2.847e-08,2.34898e+09,9.00715e+11,1.18451e+07,2.08862e+06,8.88519e+13,1.20218e+20
2.85e-08,2.30228e+09,8.82634e+11,1.16115e+07,2.04761e+06,8.58831e+13,1.17861e+20
2.853e-08,2.25557e+09,8.64552e+11,1.13779e+07,2.00659e+06,8.29141e+13,1.15504e+20
2.856e-08,2.20886e+09,8.4647e+11,1.11443e+07,1.96557e+06,7.99453e+13,1.13147e+20
2.859e-08,2.16216e+09,8.28388e+11,1.09107e+07,1.92455e+06,7.69764e+13,1.1079e+20
2.862e-08,2.11545e+09,8.10307e+11,1.06771e+07,1.88354e+06,7.40076e+13,1.08432e+20
2.865e-08,2.06875e+09,7.92224e+11,1.04435e+07,1.84252e+06,7.10386e+13,1.06075e+20
2.868e-08,2.02204e+09,7.74143e+11,1.02099e+07,1.8015e+06,6.80698e+13,1.03718e+20
2.871e-08,1.97533e+09,7.56061e+11,9.9763e+06,1.76048e+06,6.51008e+13,1.01361e+20
2.874e-08,1.92863e+09,7.37979e+11,9.74271e+06,1.71947e+06,6.2132e+13,9.90035e+19
2.877e-08,1.88192e+09,7.19897e+11,9.50911e+06,1.67845e+06,5.9163e+13,9.66462e+19
2.88e-08,1.83522e+09,7.01816e+11,9.27552e+06,1.63743e+06,5.61942e+13,9.4289e+19
2.883e-08,1.78917e+09,6.84162e+11,9.04326e+06,1.59648e+06,5.43476e+13,9.19317e+19
2.886e-08,1.74312e+09,6.6651e+11,8.81103e+06,1.55552e+06,5.2501e+13,8.95746e+19
2.889e-08,1.69707e+09,6.48857e+11,8.57878e+06,1.51457e+06,5.06544e+13,8.72173e+19
2.892e-08,1.65102e+09,6.31204e+11,8.34654e+06,1.47362e+06,4.88079e+13,8.48601e+19
2.895e-08,1.60497e+09,6.13551e+11,8.11429e+06,1.43266e+06,4.69613e+13,8.25028e+19
2.898e-08,1.55892e+09,5.95898e+11,7.88205e+06,1.39171e+06,4.51148e+13,8.01457e+19
2.901e-08,1.51287e+09,5.78245e+11,7.6498e+06,1.35075e+06,4.32682e+13,7.77884e+19
2.904e-08,1.46683e+09,5.60593e+11,7.41756e+06,1.3098e+06,4.14217e+13,7.54312e+19
2.907e-08,1.42078e+09,5.42939e+11,7.18531e+06,1.26884e+06,3.95751e+13,7.3074e+19
2.91e-08,1.37473e+09,5.25287e+11,6.95308e+06,1.22789e+06,3.77286e+13,7.07168e+19
2.913e-08,1.32868e+09,5.07633e+11,6.72083e+06,1.18693e+06,3.5882e+13,6.83595e+19
2.916e-08,1.28263e+09,4.89981e+11,6.48859e+06,1.14598e+06,3.40354e+13,6.60024e+19
2.919e-08,1.23658e+09,4.72328e+11,6.25634e+06,1.10503e+06,3.21888e+13,6.36451e+19
2.922e-08,1.19053e+09,4.54675e+11,6.0241e+06,1.06407e+06,3.03423e+13,6.12879e+19
2.925e-08,1.14448e+09,4.37022e+11,5.79185e+06,1.02312e+06,2.84957e+13,5.89306e+19
2.928e-08,1.09843e+09,4.19369e+11,5.55961e+06,982165,2.66492e+13,5.65735e+19
2.931e-08,1.05238e+09,4.01716e+11,5.32736e+06,941209,2.48026e+13,5.42162e+19
2.934e-08,1.00633e+09,3.84064e+11,5.09513e+06,900256,2.29561e+13,5.1859e+19
2.937e-08,9.60284e+08,3.6641e+11,4.86288e+06,859301,2.11095e+13,4.95017e+19
2.94e-08,9.14236e+08,3.48758e+11,4.63064e+06,818348,1.9263e+13,4.71446e+19
2.943e-08,8.68523e+08,3.31319e+11,4.3991e+06,777429,1.82997e+13,4.47873e+19
2.946e-08,8.22813e+08,3.13882e+11,4.16757e+06,736513,1.73366e+13,4.24301e+19
2.949e-08,7.771e+08,2.96444e+11,3.93604e+06,695594,1.63734e+13,4.00728e+19
2.952e-08,7.31389e+08,2.79006e+11,3.70451e+06,654678,1.54103e+13,3.77157e+19
2.955e-08,6.85676e+08,2.61568e+11,3.47297e+06,613760,1.44472e+13,3.53584e+19
2.958e-08,6.39965e+08,2.44131e+11,3.24145e+06,572843,1.3484e+13,3.30012e+19
2.961e-08,5.94252e+08,2.26692e+11,3.00991e+06,531925,1.25209e+13,3.06439e+19
2.964e-08,5.48542e+08,2.09255e+11,2.77838e+06,491009,1.15577e+13,2.82868e+19
2.967e-08,5.02829e+08,1.91816e+11,2.54684e+06,450090,1.05946e+13,2.59295e+19
2.97e-08,4.57118e+08,1.74379e+11,2.31532e+06,409174,9.63146e+12,2.35723e+19
2.973e-08,4.11405e+08,1.56941e+11,2.08378e+06,368255,8.66828e+12,2.1215e+19
2.976e-08,3.65695e+08,1.39503e+11,1.85226e+06,327339,7.70517e+12,1.88578e+19
2.979e-08,3.19981e+08,1.22065e+11,1.62072e+06,286421,6.74199e+12,1.65005e+19
2.982e-08,2.74268e+08,1.04626e+11,1.38918e+06,245502,5.77882e+12,1.41432e+19
2.985e-08,2.28558e+08,8.71889e+10,1.15765e+06,204586,4.8157e+12,1.17861e+19
2.988e-08,1.82847e+08,6.97516e+10,926128,163670,3.85258e+12,9.42892e+18
2.991e-08,1.37137e+08,5.23142e+10,694603,122753,2.88947e+12,7.07176e+18
2.994e-08,9.14209e+07,3.48748e+10,463050,81832.4,1.92623e+12,4.71432e+18
2.997e-08,4.57105e+07,1.74374e+10,231525,40916.2,9.63117e+11,2.35716e+18
3e-08,0,0,0,0,0,0
